domain,categories,owner,is_ad
%2a.googleapis.com,CDN;Embedded Content,Google LLC,False
.,,,False
048f3c0516.com,,,False
0813f4-38.myshopify.com,Analytics;CDN;Embedded Content;Online Payment,Shopify Inc.,False
094kk.com,,,False
0adf47-b4.myshopify.com,Analytics;CDN;Embedded Content;Online Payment,Shopify Inc.,False
0cf.io,,,False
0f7345-9b.myshopify.com,Analytics;CDN;Embedded Content;Online Payment,Shopify Inc.,False
0i0i0i0.com,,,False
1.1.1.1,,,False
100.20.58.101,,,False
1000ps.ch,,,False
1000ps.net,,,False
1001fonts.net,,,False
1009550802.rsc.cdn77.org,,DataCamp Limited,False
100shoppers.com,,,False
1010diy.com,,,False
1011631239.rsc.cdn77.org,,DataCamp Limited,False
1012092936.rsc.cdn77.org,,DataCamp Limited,False
1014042311.rsc.cdn77.org,,DataCamp Limited,False
1019157841.rsc.cdn77.org,,DataCamp Limited,False
1019236948.rsc.cdn77.org,,DataCamp Limited,False
1039162234.rsc.cdn77.org,,DataCamp Limited,False
1061182781.rsc.cdn77.org,,DataCamp Limited,False
1061392081.rsc.cdn77.org,,DataCamp Limited,False
1065139146.rsc.cdn77.org,,DataCamp Limited,False
1081894472.rsc.cdn77.org,,DataCamp Limited,False
10f39b-7d.myshopify.com,Analytics;CDN;Embedded Content;Online Payment,Shopify Inc.,False
10musume.com,,,False
10sq.net,,,False
1105570971.rsc.cdn77.org,,DataCamp Limited,False
110mobile.com,,,False
112groningen.nl,,,False
1149676613.rsc.cdn77.org,,DataCamp Limited,False
115.de,,,False
1154095606.rsc.cdn77.org,,DataCamp Limited,False
1175975963.rsc.cdn77.org,,DataCamp Limited,False
118.89.204.198,,,False
11880.com,,,False
11ctch.com,,,False
1205340637.rsc.cdn77.org,,DataCamp Limited,False
1211639301.rsc.cdn77.org,,DataCamp Limited,False
1231884256.rsc.cdn77.org,,DataCamp Limited,False
12341234.pl,,,False
123apps.com,,,False
123apps.io,,,False
123dok.com,,,False
123filter-com.b-cdn.net,CDN,BunnyCDN,False
123filter.in,,,False
123formbuilder.com,,,False
123stat.com,,,False
1255434349.rsc.cdn77.org,,DataCamp Limited,False
126.net,,"NetEase, Inc.",False
127.0.0.1,,,False
127.net,,"NetEase, Inc.",False
1273283546.rsc.cdn77.org,,DataCamp Limited,False
127777.com,,,False
128-203-181-50_s-23-47-49-13_ts-1780362818-clienttons-s.akamaihd.net,CDN,Akamai Technologies,False
1296967302.rsc.cdn77.org,,DataCamp Limited,False
12chats.com,,,False
13.125.174.217,,,False
13.cl,,,False
1315223342.rsc.cdn77.org,,DataCamp Limited,False
1320288971.rsc.cdn77.org,,DataCamp Limited,False
1337ugc.de,,,False
1350784723.rsc.cdn77.org,,DataCamp Limited,False
1355612476.rsc.cdn77.org,,DataCamp Limited,False
1362577337.rsc.cdn77.org,,DataCamp Limited,False
13wmaz.com.edgekey.net,,Akamai Technologies,False
1413725622.rsc.cdn77.org,,DataCamp Limited,False
1415184338.rsc.cdn77.org,,DataCamp Limited,False
1430629705.rsc.cdn77.org,,DataCamp Limited,False
1437953666.rsc.cdn77.org,,DataCamp Limited,False
143flix.com,,,False
1491970538.rsc.cdn77.org,,DataCamp Limited,False
1496694235.rsc.cdn77.org,,DataCamp Limited,False
14thandboom.com,,,False
1505497750.rsc.cdn77.org,,DataCamp Limited,False
152media.info,,152 Media LLC,False
1533392407.rsc.cdn77.org,,DataCamp Limited,False
1564415456.rsc.cdn77.org,,DataCamp Limited,False
15gifts.com,,,False
1602536209.rsc.cdn77.org,,DataCamp Limited,False
1605438325.rsc.cdn77.org,,DataCamp Limited,False
162.252.214.4,,,False
1626665265.rsc.cdn77.org,,DataCamp Limited,False
163.com,,"NetEase, Inc.",False
163jiasu.com,,,False
1650447009.rsc.cdn77.org,,DataCamp Limited,False
1680677090.rsc.cdn77.org,,DataCamp Limited,False
1681537285.rsc.cdn77.org,,DataCamp Limited,False
1692657765.rsc.cdn77.org,,DataCamp Limited,False
1695214229.rsc.cdn77.org,,DataCamp Limited,False
172-189-106-183_s-2-19-252-156_ts-1780412699-clienttons-s.akamaihd.net,CDN,Akamai Technologies,False
1737660423.rsc.cdn77.org,,DataCamp Limited,False
1739712465.rsc.cdn77.org,,DataCamp Limited,False
1743033755.rsc.cdn77.org,,DataCamp Limited,False
1751350540.rsc.cdn77.org,,DataCamp Limited,False
1766880921.rsc.cdn77.org,,DataCamp Limited,False
1767481633.rsc.cdn77.org,,DataCamp Limited,False
1794199541.rsc.cdn77.org,,DataCamp Limited,False
1795637733.rsc.cdn77.org,,DataCamp Limited,False
18.162.65.153,,,False
18.210.229.244,,,False
1800flowers.map.fastly.net,Action Pixels;Ad Motivated Tracking;Advertising;Analytics;CDN;Embedded Content;Session Replay;Third-Party Analytics Marketing,"Fastly, Inc.",True
1815.io,,,False
1832849173.rsc.cdn77.org,,DataCamp Limited,False
1838693397.rsc.cdn77.org,,DataCamp Limited,False
1851774772.rsc.cdn77.org,,DataCamp Limited,False
1871350125.rsc.cdn77.org,,DataCamp Limited,False
1874201666.rsc.cdn77.org,,DataCamp Limited,False
1881.no,,,False
1884403144.rsc.cdn77.org,,DataCamp Limited,False
1894269931.rsc.cdn77.org,,DataCamp Limited,False
1898395290.rsc.cdn77.org,,DataCamp Limited,False
18link.vip,,,False
18top.link,,,False
1904985895.rsc.cdn77.org,,DataCamp Limited,False
1907362850.rsc.cdn77.org,,DataCamp Limited,False
192.168.0.152,,,False
1927741041.rsc.cdn77.org,,DataCamp Limited,False
1929901660.rsc.cdn77.org,,DataCamp Limited,False
1931749079.rsc.cdn77.org,,DataCamp Limited,False
1953532694.rsc.cdn77.org,,DataCamp Limited,False
1957581424.rsc.cdn77.org,,DataCamp Limited,False
1958898586.rsc.cdn77.org,,DataCamp Limited,False
1961996933.rsc.cdn77.org,,DataCamp Limited,False
19706903.xyz,,,False
1996910630.rsc.cdn77.org,,DataCamp Limited,False
1997788283.rsc.cdn77.org,,DataCamp Limited,False
1998191364.rsc.cdn77.org,,DataCamp Limited,False
19b064-3.myshopify.com,Analytics;CDN;Embedded Content;Online Payment,Shopify Inc.,False
19mi.net,,,False
1adr.com,,,False
1bis.com,,,False
1bliq.io,,,False
1bronco.com,,,False
1clicklabs.io,,,False
1clickpopup.com,,,False
1dmp.io,Ad Motivated Tracking;Advertising;Analytics;Third-Party Analytics Marketing,CleverDATA LLC,True
1e100cdn.net,,Google LLC,False
1games.io,,,False
1gr.cz,,"MAFRA, a.s.",False
1kb-marketing.s3.amazonaws.com,CDN,"Amazon Technologies, Inc.",False
1p-data.com,,,False
1pdata.app,,,False
1pondo.tv,,,False
1rx.io,Ad Fraud;Ad Motivated Tracking;Advertising;Third-Party Analytics Marketing,RhythmOne,True
1ts19.top,,,False
1ts21.top,,,False
1worldsync.com,,,False
2.azurestaticapps.net,,Microsoft Corporation,False
20130123.com,,,False
2020-platform.com,,,False
2020mag.com,,,False
2020mustang.com,,"ICF Technology, Inc",False
2022welcome.com,,,False
20m.es,,,False
20min.ch,,Tamedia AG,False
21wiz.com,,,False
2222.ro,,,False
23video.com,,TwentyThree ApS,False
2402d7-4.myshopify.com,Analytics;CDN;Embedded Content;Online Payment,Shopify Inc.,False
2467april2024.com,,,False
247-inc.net,,247 Customer Inc,False
247advice.blog,,,False
247games.com,,,False
247gamesdev.com,,,False
2489may2024.com,,,False
24fastload.net,,,False
24hr.se,,,False
24liveblog.com,,,False
24media.gr,,,False
24nettbutikk.chat,,,False
24nettbutikk.no,,,False
24smi.net,,,False
24support.cc,,,False
24ur.si,,,False
2514june2024.com,,,False
255md.com,,,False
27643.edgekey.net,,Akamai Technologies,False
27qfj.x.incapdns.net,CDN,Imperva Inc.,False
2803media.fr,,,False
2checkout.com,,,False
2cnt.net,,,False
2dehands.com,,,False
2edaadmin.ch,,Das Eidgenössische Departement für auswärtige Angelegenheiten (EDA),False
2fsyhvawap.eu-west-1.elasticbeanstalk.com,CDN,"Amazon Technologies, Inc.",False
2grapes-pfc-production.s3.eu-central-1.amazonaws.com,CDN,"Amazon Technologies, Inc.",False
2img.net,,,False
2mdn.net,Ad Fraud;Ad Motivated Tracking;Advertising,Google LLC,True
2nt.com,,,False
2o7.net,Action Pixels;Ad Motivated Tracking;Analytics;Audience Measurement;Third-Party Analytics Marketing,Adobe Inc.,True
2r523.net,,,False
2trk.info,,,False
2ty7q3s.x.incapdns.net,CDN,Imperva Inc.,False
2way.app,,,False
2xc8.net,,,False
2xclick.ru,,,False
2xclock.com,,,False
2xstorage.com,,,False
3-q.cc,,,False
3.212.39.155,,,False
300624.com,,,False
30secondfeedback.com,,,False
32b23e.net,,,False
32degrees.myshopify.com,Analytics;CDN;Embedded Content;Online Payment,Shopify Inc.,False
33across.com,Action Pixels;Ad Motivated Tracking;Advertising;Analytics,"33Across, Inc.",True
33q8gf8dxxsd.b-cdn.net,CDN,BunnyCDN,False
34.215.155.61,,,False
34.49.204.204,,,False
34c031f8-c9fd-4018-8c5a-4159cdff6b0d-cdn-endpoint.azureedge.net,CDN,Microsoft Corporation,False
35.160.46.251,,,False
35.85.84.151,,,False
360.cn,,Qihoo 360 Technology Co. Ltd.,False
360connect.com,,,False
360playvid.com,,,False
360playvid.info,,,False
360yield-basic.com,,Improve Digital BV,False
360yield.com,Ad Motivated Tracking;Advertising;Third-Party Analytics Marketing,Improve Digital BV,True
365-cloud-details.com,,,False
365dm.akadns.net,CDN,Akamai Technologies,False
365scores.com,,Entain plc,False
36wi5hm.x.incapdns.net,CDN,Imperva Inc.,False
3addedminutes.com,,,False
3cx.com,,3CX LTD,False
3cx.us,,,False
3dcloud.io,,,False
3ds.com,,DASSAULT SYSTEMES SE,False
3ds.com.edgekey.net,,Akamai Technologies,False
3dskinview.net,,,False
3exvfbh.x.incapdns.net,CDN,Imperva Inc.,False
3f0b28-52.myshopify.com,Analytics;CDN;Embedded Content;Online Payment,Shopify Inc.,False
3gateway.net,,,False
3gl.net,,CatchPoint Systems Inc,False
3hentai.xyz,,,False
3ingredientsorless.com,,,False
3lift.com,Ad Motivated Tracking;Advertising,TripleLift,True
3m.com,,3M Company,False
3m.com.edgekey.net,,Akamai Technologies,False
3nbf4.com,,,False
3playmedia.com,,"3Play Media, Inc",False
3qsdn.com,,3Q GmbH,False
3way.pl,,,False
3xplanetimg.com,,,False
3xplanetimg2.com,,,False
404-media.ghost.io,,,False
404nomore.io,,,False
40eb87c767.com,,,False
42472b-a0.myshopify.com,Analytics;CDN;Embedded Content;Online Payment,Shopify Inc.,False
43dd65-a1.myshopify.com,Analytics;CDN;Embedded Content;Online Payment,Shopify Inc.,False
44.212.189.233,,,False
44.228.85.26,,,False
44.238.122.172,,,False
44bytes.net,,,False
451.io,,,False
47thst.com,,,False
4armn.com,,,False
4cmkg02d.com,,,False
4dex.io,,Adagio,False
4dex.tech,,,False
4dsply.com,,"AdSupply, Inc.",False
4gift.com,,,False
4jjom9f.x.incapdns.net,CDN,Imperva Inc.,False
4players.de,,,False
4rgos.it,,XXXLutz KG,False
4rstatic.net,,,False
4runnerlifestyle.myshopify.com,Analytics;CDN;Embedded Content;Online Payment,Shopify Inc.,False
4strokemedia.com,,4strokemedia,False
4szmu2d.x.incapdns.net,CDN,Imperva Inc.,False
4tm4ezb2lqlx.com,,,False
4us.asia,,,False
4wdsc.com,,,False
4wnet.com,,4w MarketPlace Srl,False
4wps.net,,,False
4xc4ep.net,,,False
5-anker.com,,,False
50237.edgekey.net,,Akamai Technologies,False
506.io,,,False
50992.edgekey.net,,Akamai Technologies,False
50e1ad834c.com,,,False
51.la,,,False
511nyrideshare.org,,,False
512-015.net,,,False
51degrees.com,,51Degrees.mobi Limited,False
52.22.50.55,,,False
52.221.252.171,,,False
52.42.183.115,,,False
52.71.121.170,,,False
52data-venture.com,,,False
54.150.92.254,,,False
54.156.2.105,,,False
548a1a-3.myshopify.com,Analytics;CDN;Embedded Content;Online Payment,Shopify Inc.,False
56lm.cc,,Taiwan hsinchu science park,False
57b7140971.com,,,False
5centscdn.com,,,False
5d32q.com,,,False
5gtb.com,,,False
5gvci.com,,,False
5iqik.x.incapdns.net,CDN,Imperva Inc.,False
5kbz76q.x.incapdns.net,CDN,Imperva Inc.,False
5movierulz.discount,,,False
5stones.systems,,,False
5t48cjc.x.incapdns.net,CDN,Imperva Inc.,False
5vju.net,,Impact,False
6.azurestaticapps.net,,Microsoft Corporation,False
607a51.myshopify.com,Analytics;CDN;Embedded Content;Online Payment,Shopify Inc.,False
60ah.com,,,False
642p.com,,,False
67f166-3f.myshopify.com,Analytics;CDN;Embedded Content;Online Payment,Shopify Inc.,False
67f947-ca.myshopify.com,Analytics;CDN;Embedded Content;Online Payment,Shopify Inc.,False
6cloud.fr,,M6 Web,False
6fast.com,,,False
6lgx.com,,,False
6opo.com,,,False
6p0dy2-7e.myshopify.com,Analytics;CDN;Embedded Content;Online Payment,Shopify Inc.,False
6play.fr,,M6 Web,False
6q76vgh.x.incapdns.net,CDN,Imperva Inc.,False
6s83mz9kbtrj.com,,,False
6sc.co,,6 Sense Insights Inc.,False
6sense.com,,"6Sense Insights, Inc.",False
6xqnd8u.x.incapdns.net,CDN,Imperva Inc.,False
7222c-rg-car-mp5-hvc-chatbot-p-bryant.azurewebsites.net,CDN,Microsoft Corporation,False
7332e169-default-pushgatew-f651-1288904419.ap-southeast-2.elb.amazonaws.com,CDN,"Amazon Technologies, Inc.",False
73iibbb.x.incapdns.net,CDN,Imperva Inc.,False
747813379903-static-assets-production.s3-ap-southeast-2.amazonaws.com,CDN,"Amazon Technologies, Inc.",False
78587924.xyz,,,False
795b58-2.myshopify.com,Analytics;CDN;Embedded Content;Online Payment,Shopify Inc.,False
7a640e-3.myshopify.com,Analytics;CDN;Embedded Content;Online Payment,Shopify Inc.,False
7eer.net,,Impact,False
7gra.us,,7Graus,False
7kkxxzr.x.incapdns.net,CDN,Imperva Inc.,False
7kprtners.com,,,False
7ool.net,,,False
7roundprince.com,,,False
7seasky.com,,,False
7v2agdo.x.incapdns.net,CDN,Imperva Inc.,False
7xjpy4d.x.incapdns.net,CDN,Imperva Inc.,False
7xu1ie.com,,,False
800.com,,,False
82e6e.net,,,False
82rc.net,,,False
838ovnu.x.incapdns.net,CDN,Imperva Inc.,False
84302764.xyz,,,False
888img.com,,,False
897909.com,,,False
8eb456.myshopify.com,Analytics;CDN;Embedded Content;Online Payment,Shopify Inc.,False
8f6i.net,,,False
8ndpoint.com,,,False
8s4u9r.net,,,False
8select.io,,,False
8upsell.s3.amazonaws.com,CDN,"Amazon Technologies, Inc.",False
8x8.com,Embedded Content;Support Chat Widget,"8x8, Inc.",False
9098b2.myshopify.com,Analytics;CDN;Embedded Content;Online Payment,Shopify Inc.,False
91-img.com,,,False
9292.nl,,Reisinformatiegroep B.V.,False
93n6tx.net,,,False
99bikescomau.myshopify.com,Analytics;CDN;Embedded Content;Online Payment,Shopify Inc.,False
99minds.io,,,False
9anime.org.lv,,,False
9d2f6f9529.com,,,False
9gtb.com,,,False
9gti.com,,,False
9pctbx.net,,,False
9pub.io,,,False
9zpg.net,,Impact,False
_.rocks,,,False
a-ads.com,,,False
a-kmtkmg.net,,,False
a-lehdet.fi,,A-lehdet Oy,False
a-mo.net,,Monet Engine Inc.,False
a-mpd.com,,,False
a-mx.com,,Monet Engine Inc.,False
a-q-f.com,,,False
a00s.net,,,False
a0f2l3m.com,,,False
a0s.net,,,False
a11ybar.com,,,False
a1tb.com,,,False
a2.shared.us-eu.fastly.net,Action Pixels;Ad Motivated Tracking;Advertising;Analytics;CDN;Embedded Content;Session Replay;Third-Party Analytics Marketing,"Fastly, Inc.",True
a24365-c042.edgekey.net,,Akamai Technologies,False
a24365-c048.edgekey.net,,Akamai Technologies,False
a24365-c070.edgekey.net,,Akamai Technologies,False
a24365-c096.edgekey.net,,Akamai Technologies,False
a24365-c098.edgekey.net,,Akamai Technologies,False
a24365-c102.edgekey.net,,Akamai Technologies,False
a2d.tv,,,False
a2z.com,,"Amazon Technologies, Inc.",False
a2z.org.cn,,,False
a3.shared.global.fastly.net,Action Pixels;Ad Motivated Tracking;Advertising;Analytics;CDN;Embedded Content;Session Replay;Third-Party Analytics Marketing,"Fastly, Inc.",True
a37358-05.myshopify.com,Analytics;CDN;Embedded Content;Online Payment,Shopify Inc.,False
a3cloud.net,,,False
a3kvau184uea.com,,,False
a3mspt.com,,,False
a3p4pcpngtfm01t.trafficmanager.net,CDN,Microsoft Corporation,False
a3pcbdscdn01t.azureedge.net,CDN,Microsoft Corporation,False
a47b.com,,,False
a51.be,,,False
a64x.com,,,False
a7.org,,IsraelNationalNews,False
a79ab95c1589a13f8a4cab612bc71f9f7.com,,,False
a7fug.x.incapdns.net,CDN,Imperva Inc.,False
a7org.b-cdn.net,CDN,BunnyCDN,False
a8.net,,"F@N Communications, Inc",False
aa.com,,American Airlines Inc,False
aa.com.edgekey.net,,Akamai Technologies,False
aaaconnect.info,,,False
aaasouth.com,,,False
aaawebstore.com,,,False
aac2017.myshopify.com,Analytics;CDN;Embedded Content;Online Payment,Shopify Inc.,False
aacdn.net,,,False
aad.map.fastly.net,Action Pixels;Ad Motivated Tracking;Advertising;Analytics;CDN;Embedded Content;Session Replay;Third-Party Analytics Marketing,"Fastly, Inc.",True
aafp.net,,,False
aalnk.com,,,False
aami.com.au,,,False
aanwire.com,,,False
aapc.com,,,False
aarpdriversafety.org,,,False
aat.ee,,,False
aaxads.com,,Acceptable Ads Exchange,False
ab-ct.ru,,,False
ab21.xyz,,,False
abacusemedia.com,,,False
abbnfo.info,,,False
abbott.com,,,False
abbvie.com,,,False
abbywintersmodels.com,,,False
abc.es,,vocento,False
abcactionnews.com,,The E.W. Scripps Company,False
abcdnwemf.ch,,,False
abcmedia.no,,,False
abcnewsfe.com,,,False
abconsent.net,,,False
abconvert.io,,,False
abcotvs.com.edgekey.net,,Akamai Technologies,False
abcsecretsavings.com,,,False
abcsinsights.com,,,False
abct.cloud,,,False
abdct.com,,,False
abdicatefluke.com,,,False
abebookscdn.com,,AbeBooks Inc.,False
abg-champion-store.myshopify.com,Analytics;CDN;Embedded Content;Online Payment,Shopify Inc.,False
abgemea.com,,Avis Budget Group,False
abhihi.xyz,,,False
abinsula.com,,,False
abjscss.azureedge.net,CDN,Microsoft Corporation,False
ablecdp.com,,,False
ables.cloud,,,False
ablestar.app,,,False
ablida.net,,,False
abload.de,,,False
ably.com,,Ably Real-time Ltd,False
ably.io,,Ably Real-time Ltd,False
ably.net,,,False
ablyft.com,,,False
abmr.net,,Akamai Technologies,False
aboutstatic.com,,About You GmbH,False
aboutyou.com,,,False
abplive.com.edgesuite.net,CDN,Akamai Technologies,False
abr.ge,,,False
abralytics.com,,,False
abrankings.com,,,False
abraxas-apps.ch,,,False
abrowseriq.com,,,False
abrye.com,,,False
abs-cbn.com.edgesuite.net,CDN,Akamai Technologies,False
abs-saas.com,,ECONA Shopping GmbH,False
abs.ch,,,False
absentairport.com,,,False
absmartly.io,,,False
absolutelyapp.com,,,False
absolventa.de,,,False
absorption-pharm-llc.myshopify.com,Analytics;CDN;Embedded Content;Online Payment,Shopify Inc.,False
abstorage2.azureedge.net,CDN,Microsoft Corporation,False
abstractapi.com,,,False
abtasty.com,Analytics;Session Replay;Third-Party Analytics Marketing,AB Tasty,False
abtratech.com,,,False
abv.bg,,,False
abysscdn.com,,,False
ac-ada-ca.com,,,False
ac-algolia-app-prod-v2.pages.dev,,,False
ac-cdn.azureedge.net,CDN,Microsoft Corporation,False
ac-montpellier.fr,,,False
ac-prod.b-cdn.net,CDN,BunnyCDN,False
ac-versailles.fr,,,False
ac3filter.b-cdn.net,CDN,BunnyCDN,False
ac934intrk.com,,,False
academia-assets.com,,Academia Inc,False
academic.ru,,,False
acalog-clients.s3.amazonaws.com,CDN,"Amazon Technologies, Inc.",False
acalog.com,,,False
acast.cloud,,Acast AB,False
acast.com,,Acast AB,False
accaii.com,,,False
accdab.net,,,False
accdn.dev,,,False
accedo.tv,,Accedo Operations,False
accelevents.com,,,False
accentapi.com,,,False
accentuate.io,,,False
access-site.net,,,False
accessgo.de,,,False
accessibe.com,,accessiBe Inc.,False
accessibilityassistant.com,,,False
accessibilityserver.org,,,False
accessibilityspark.com,,,False
accessibleweb.com,,,False
accessibly.app,,,False
accessiblyapp.com,,,False
accessify.app,,,False
accessneswire.github.io,CDN;Non-Tracking,"GitHub, Inc.",False
accesso.com,,Accesso Technology Group PLC,False
accessoticketing.com,,,False
accesstrade.net,,,False
accesstrade.vn,,,False
accesstype.com,,,False
accor.com,,,False
accounts.dev,,,False
accuratecoal.com,,,False
accurateshooter.net,,Google LLC,False
accutics.net,,,False
accuweather.com,,"Accuweather, Inc.",False
accuweather.com.edgesuite.net,CDN,Akamai Technologies,False
acdn-prod-bsdce-ngcx-va.azureedge.net,CDN,Microsoft Corporation,False
acdn.no,,Amedia Utvikling AS,False
acecounter.com,,,False
acehardware.com,,Ace Hardware Corp,False
acendycdn.com,,,False
aceplanet.co.kr,,,False
acer.com.edgekey.net,,Akamai Technologies,False
acertb.com,,,False
acidtools.com,,,False
acima.com,,,False
acimacredit.com,,,False
acint.net,,Poshibalov Evgeny Vasilyevich,False
aciresource.com,,,False
acmesites.net,,,False
acousticcentre.myshopify.com,Analytics;CDN;Embedded Content;Online Payment,Shopify Inc.,False
acp-magento.appspot.com,CDN,Google LLC,False
acq.io,,Acquisio inc.,False
acquia-psi.com,,,False
acquia.com,,"Acquia, Inc",False
acquiaedge.net,,,False
acquire.io,,,False
acquiredeceasedundress.com,,,False
acs529.com,,,False
acsbap.com,,,False
acsbapp.com,,accessiBe Inc.,False
acscdn.com,,,False
acsi.eu,,ACSI Publishing B.V.,False
acsta.net,,TUDO GOSTOSO INTERNET LTDA,False
acswapp.com,,,False
actblue.com,,ActBlue LLC,False
actionable-science.com,,,False
actionkit.com,,,False
actionnetwork.com,,,False
actionnetwork.org,,,False
actito.be,,,False
actito.com,,,False
activate-code.com,,,False
activatecdn.azureedge.net,CDN,Microsoft Corporation,False
activatedapps.com,,,False
active-efirstbank-com-972293207.us-west-1.elb.amazonaws.com,CDN,"Amazon Technologies, Inc.",False
active.com,,"Active Network, LLC",False
active.com.edgekey.net,,Akamai Technologies,False
activecalendar.com,,"DudeSolutions, Inc.",False
activecommunities.com,,,False
activedemand.com,,,False
activehosted.com,,"ActiveCampaign, Inc.",False
activemetering.com,,,False
activenetwork.com,,,False
activengage.com,,,False
actiview.de,,,False
activision.com.edgekey.net,,Akamai Technologies,False
activitystream.com,,,False
actonservice.com,,"Act-On Software, Inc.",False
actonsoftware.com,,"Act-On Software, Inc.",False
acuityplatform.com,Ad Motivated Tracking;Advertising,AcuityAds,True
acumbamail.com,,,False
acuteinspiration-inventive.com,,,False
acv-csc.be,,,False
acwebconnecting.com,,TMD Swiss AG,False
acxiom.io,,,False
ad-adapex.io,,,False
ad-arrow.com,,,False
ad-blocker.co,,,False
ad-delivery.net,,easyAd Deutschland GmbH,False
ad-drop.jp,,,False
ad-hub.it,,,False
ad-m.asia,Ad Motivated Tracking;Advertising,"FreeBit Co, Ltd.",True
ad-network-admin.workers.dev,,,False
ad-nex.com,,,False
ad-optima.com,,,False
ad-plus.com.tr,,,False
ad-score.com,,Adscore Technologies DMCC,False
ad-srv.net,,,False
ad-srvl.com,,,False
ad-stir.com,,"Yozo, Kaneko",False
ad-tech.ru,,,False
ad.gt,,Audigent,False
ad.plus,,,False
ad.style,,,False
ad4989.co.kr,,,False
ad4m.at,,advanced STORE GmbH,False
ad999.biz,,,False
ada.support,,Ada Support Inc.,False
adabundle.com,,,False
adacado.com,,Adacado,False
adacheap.com,,,False
adactive.cz,,,False
adadvisor.net,,TARGUS Information Corporation,False
adafruit.us,,,False
adalizer.com,,,False
adalyser.com,,OneSoon Ltd,False
adam-4-adam.com,,,False
adamandeve.com,,,False
adameve.com,,"PHE, Inc",False
adamplify.com,,,False
adamroi.com,,,False
adangle.online,,,False
adapex.io,,,False
adapf.com,,Maverick Inc.,False
adara.com,,Adara Inc.,False
adaraanalytics.com,,,False
adas-oregon-assets.s3.amazonaws.com,CDN,"Amazon Technologies, Inc.",False
adasitecompliance.com,,,False
adasitecompliancetools.com,,,False
adbanner.app,,,False
adbeacon.com,,,False
adblockanalytics.com,,"Morgan Ventures, Inc.",False
adblocker-ultraplus.app,,,False
adblockerultraplus.com,,,False
adblockrelief.com,,,False
adbox.lv,,"INBOKSS, SIA",False
adbpage.com,,,False
adbreak.ch,,Giorgetti Gianni,False
adbro.me,,,False
adbyte.de,,,False
adcalls.nl,,,False
adcanvas.com,,,False
adcdnx.com,,,False
adcell.com,,,False
adclick.ink,,,False
adclr.jp,,,False
adcmediallp.com,,,False
adcoco.net,,,False
adcolony.com,,Digital Turbine,False
adcontroll.com,,,False
addevent.com,,"AddEvent, Inc.",False
addfreestats.com,,,False
addingwell.com,,,False
addlink.cn,,,False
addmee.net,,,False
addons.business,,,False
addoor.net,,,False
addressfinder.io,,,False
addressy.com,,Postcode Anywhere (Europe) Ltd,False
addrevenue.io,,,False
addsauce.com,,,False
addsearch.com,,AddSearch Oy,False
addshoppers.com,,,False
addshoppers.s3.amazonaws.com,CDN,"Amazon Technologies, Inc.",False
addthis.com,Ad Motivated Tracking;Advertising;Analytics;Audience Measurement;Embedded Content;Social - Share;Third-Party Analytics Marketing,Oracle Corporation,True
addthisedge.com,,Oracle Corporation,False
addtoany.com,Ad Motivated Tracking;Advertising;Analytics;Embedded Content;Social - Share;Third-Party Analytics Marketing,AddToAny,True
addtocalendar.com,,,False
adelaideuni.edu.au,,,False
adelement.com,,AdElement Media Solutions Pvt. Ltd.,False
adelixir.com,,"NetElixir, Inc.",False
adelphic.net,,,False
ademon.net,,,False
adentifi.com,Ad Fraud;Ad Motivated Tracking;Advertising,AdTheorent Inc,True
adeo.com,,,False
adeptli.net,,,False
adeptmind.ai,,Adeptmind Inc.,False
adeqmedia.com,,,False
aderserve.com,,,False
adesso-financial.de,,,False
adestra.com,,,False
adex-rtb.com,,,False
adexchangerapid.com,,,False
adextrem.com,,ORCHID MEDIA Limited,False
adfair-analytics-alb-648754391.ap-northeast-1.elb.amazonaws.com,CDN,"Amazon Technologies, Inc.",False
adfenix.com,,,False
adfinity.pro,,,False
adfirst.media,,,False
adfixus.com,,,False
adflycode.com,,,False
adforge.io,,,False
adform.com,,Adform A/S,False
adform.net,Ad Fraud;Ad Motivated Tracking;Advertising;Audience Measurement,Adform A/S,True
adfox.ru,Ad Motivated Tracking;Advertising,Yandex LLC,True
adfyier.com,,,False
adgebra.co,,,False
adgebra.co.in,,,False
adgebra.in,,,False
adgebra.net,,,False
adgile.media,,,False
adglare.net,,,False
adgrid.io,,,False
adgrx.com,Ad Fraud;Ad Motivated Tracking;Advertising;Third-Party Analytics Marketing,AdGear Technologies Inc.,True
adguardcdn.com,,,False
adhaven.com,Ad Motivated Tracking;Advertising;Audience Measurement,"4INFO, Inc.",True
adhese.com,,Doggybites bvba,False
adhigh.net,Ad Motivated Tracking;Advertising,GetIntent,True
adhouse.pro,,,False
adhouseapi.com,,,False
adhunter.de,,,False
adiam.tech,,,False
adidocdn.dev,,,False
adikteev.com,,Adikteev,False
adingo.jp,,"fluct,Inc.",False
adinplay.com,,,False
adipolo.com,,,False
adipolo.live,,,False
adis.ws,,XXXLutz KG,False
adition.com,Ad Motivated Tracking;Advertising,Virtual Minds AG,True
aditude.cloud,,,False
aditude.io,,,False
adj.st,,AppLovin Corporation,False
adjust.com,,AppLovin Corporation,False
adkaora.space,,,False
adkernel.com,Ad Motivated Tracking;Advertising;Third-Party Analytics Marketing,"Adkernel, LLC",True
adklip.net,,,False
adlaboratory.com,,,False
adlantis.jp,,"ValueCommerce Co., Ltd.",False
adleadevent.com,,ADLEAD,False
adligature.com,,"The Bishop Way, Inc.",False
adlightning.com,Ad Motivated Tracking;Advertising,"Ad Lightning, Inc.",True
adlook.tech,,,False
adlooxtracking.com,,Adloox SAS,False
adlpo.com,,,False
adlyticmarketing.com,,,False
adman.gr,,,False
admanmedia.com,,ADman Media,False
admantx.com,,SSL Corporation,False
admark.fr,,,False
admaru.com,,,False
admaster.cc,,,False
admatch.io,,,False
admatic.com.tr,,,False
admatic.de,,,False
admatrix.jp,,fullspeed,False
admd.ink,,,False
admedia.com,,AdMedia,False
admediasales.com,,,False
admedo.com,Ad Motivated Tracking;Advertising,Admedo,True
admeen.org,,Admeen B.V.,False
admetrics.events,,,False
admetricspro.com,,,False
admetricspro.workers.dev,,,False
admicro.vn,,,False
admiddleeast.com,,,False
admin.ch,,Bundesamt für Informatik und Telekommunikation BIT,False
adminimageupload.azurewebsites.net,CDN,Microsoft Corporation,False
admiral.at,,,False
admirals.com,,,False
admiss.info,,,False
admission.net,,"CDK Global, LLC.",False
admithub.com,,,False
admixer.co.kr,,Nasmedia,False
admixer.net,Ad Motivated Tracking;Advertising,Admixer Technologies,True
admjmp.com,,,False
admk.com,,,False
admob.com,,Google LLC,False
admon.pro,,,False
admozartexchange.com,,,False
admysports.com,,,False
adn.cloud,,ADN-Advanced Digital Network Distribution GmbH,False
adnami.io,,Adnami ApS,False
adnatus.com,,,False
adncdn.net,,,False
adncdnend.azureedge.net,CDN,Microsoft Corporation,False
adnimation.com,,,False
adnium.com,Ad Motivated Tracking;Advertising,Adnium Inc,True
adnml.net,,,False
adnods.com,,,False
adnov.systems,,,False
adnpbs.com,,,False
adnstatistique.com,,,False
adnuntius.com,,,False
adnuntius.delivery,,,False
adnxs-simple.com,,Microsoft Corporation,False
adnxs.com,Ad Motivated Tracking;Advertising,Microsoft Corporation,True
adnxtr.com,,"Human Security, Inc.",False
adnz.co,,audienzz AG,False
adobe.com,,Adobe Inc.,False
adobe.com.edgekey.net,,Akamai Technologies,False
adobe.com.edgesuite.net,CDN,Akamai Technologies,False
adobe.io,,Adobe Inc.,False
adobe.net,,,False
adobecqms.net,CDN,Adobe Inc.,False
adobedc.net,,Adobe Inc.,False
adobedtm.com,Ad Motivated Tracking;Advertising;Analytics;Audience Measurement;Tag Manager;Third-Party Analytics Marketing,Adobe Inc.,True
adobedtm.com.edgekey.net,,Akamai Technologies,False
adobeioruntime.net,,,False
adoberesources.net,,,False
adobetarget.com,,Adobe Inc.,False
adocean.pl,,Gemius S.A.,False
adopsboost.com,,,False
adopstar.uk,,,False
adora-cdn.com,,,False
adorableattention.com,,"Leven Labs, Inc. DBA Admiral",False
adorama.com,,,False
adorchestrator.netlify.app,,,False
adoric-ads.com,,,False
adoric-om.com,,,False
adoric.com,,,False
adotmob.com,Ad Motivated Tracking;Advertising,A.Mob SAS,True
adp.com,,"Automatic Data Processing, Inc.",False
adp.com.edgekey.net,,Akamai Technologies,False
adpcsi-external-v1-165010703.us-east-1.elb.amazonaws.com,CDN,"Amazon Technologies, Inc.",False
adpearance.com,,Adpearance,False
adpeepshosted.com,,IMPACT Software Company,False
adpeepshostedimages.b-cdn.net,CDN,BunnyCDN,False
adperfect.com,,,False
adpixels.org,,,False
adplay.it,,,False
adplay.ru,,,False
adplogger.no,,,False
adplsr.com,,,False
adplugg.com,,AdPlugg,False
adplugg.io,,AdPlugg,False
adpnut.com,,,False
adpod.in,,,False
adpone.com,,"Adpone, S.L.",False
adpredictive.com,,,False
adpresenter.de,,,False
adprime.com,,,False
adpushup.com,,"CacheNetworks, LLC",False
adpxls.com,,,False
adquery.io,,,False
adradv.io,,,False
adrcdn.com,,Adrime,False
adready.com,,CPX Interactive,False
adreadyclick.com,,,False
adrecord.com,,,False
adrecover.com,,"CacheNetworks, LLC",False
adrevv.com,,,False
adrianflux.co.uk,,,False
adriver.ru,Ad Motivated Tracking;Advertising,"LLC ""Internest-holding""",True
adroitdeceitcongestion.com,,,False
adroitirresponsibleshoes.com,,,False
adroll.com,Ad Motivated Tracking;Advertising,"AdRoll, Inc.",True
adrom.net,,,False
adrsbl.io,,,False
adrta.com,Ad Fraud;Ad Motivated Tracking;Analytics,"Pixalate, Inc.",True
adrush.space,,,False
ads-blocker.app,,,False
ads-flipp.com,,,False
ads-pixiv.net,,,False
ads-script.b-cdn.net,CDN,BunnyCDN,False
ads-target.com,,,False
ads-tinyorbit.com,,,False
ads-twitter.com,Action Pixels;Ad Motivated Tracking;Advertising;Third-Party Analytics Marketing,"Twitter, Inc.",True
adsafeprotected.com,Ad Fraud;Ad Motivated Tracking;Advertising,"Integral Ad Science, Inc.",True
adsafety.net,Advertising,Online Solution Int Ltd,True
adsbetnet.com,,,False
adsboosters.xyz,,,False
adsby.io,,,False
adsbymediavine.com,,,False
adscale.com,,,False
adscale.de,Ad Motivated Tracking;Advertising,Ströer Group,True
adsco.re,Ad Fraud;Ad Motivated Tracking;Analytics;Audience Measurement,Adscore Technologies DMCC,True
adsconex.com,,,False
adscool.net,,,False
adsdefender.com,,,False
adsdkprod.azureedge.net,CDN,Microsoft Corporation,False
adseedtech.com,,,False
adserv.mobi,,,False
adserver-tolega.ch,,,False
adservice.jp,,,False
adsight.nl,,,False
adsinteractive.com,,,False
adskeeper.co.uk,,,False
adskeeper.com,,,False
adsmartx.com,,,False
adsmeasurement.com,,,False
adsmediabox.com,,,False
adsmoloco.com,,Moloco Inc.,False
adsmovil.com,,,False
adsmurai.com,,,False
adsninja.ca,,,False
adsolut.in,,,False
adsp.io,,,False
adspective-production.s3.eu-central-1.amazonaws.com,CDN,"Amazon Technologies, Inc.",False
adspector.io,,,False
adspeed.net,,ADSPEED.COM,False
adspend.space,,,False
adspirit.de,,AdSpirit GmbH,False
adspostx.com,,,False
adspower.net,,,False
adspsp.com,,,False
adsquasher.com,,,False
adsquasher.pro,,,False
adsquirrel.ai,,,False
adsrv.net,,,False
adsrvr.org,Ad Motivated Tracking;Advertising,The Trade Desk Inc,True
adstanding.com,Ad Motivated Tracking;Advertising,AdStanding,True
adstate.com,,,False
adster.tech,,,False
adstk.io,,,False
adsttc.com,,,False
adsuite.pro,,,False
adsupplyssl.com,,,False
adswag.nl,,,False
adswizz.com,Ad Motivated Tracking;Advertising,Sirius XM Holdings Inc.,True
adsymptotic.com,Ad Motivated Tracking;Advertising,Microsoft Corporation,True
adt256.com,,,False
adt313.net,,,False
adt328.com,,,False
adt356.com,,,False
adt361.com,,,False
adt393.com,,,False
adt545.net,,,False
adt567.net,,,False
adt598.com,,,False
adt701.net,,,False
adt713.com,,,False
adt725.net,,,False
adt738.com,,,False
adt742.net,,,False
adt756.com,,,False
adt764.net,,,False
adt777.com,,,False
adt789.net,,,False
adt790.com,,,False
adtarget.biz,,,False
adtarget.com.tr,,AdTarget Medya A.Ş.,False
adtarget.me,,UAB Admobi,False
adtcdn.com,,,False
adtdp.com,Ad Motivated Tracking;Advertising,"CyberAgent, Inc.",True
adtec.ru,,,False
adtech.de,Ad Motivated Tracking;Advertising,Yahoo Inc.,True
adtech.ink,,,False
adtechus.com,,Yahoo Inc.,False
adtelligent.com,,Adtelligent Inc.,False
adthrive.com,Advertising,"AdThrive, LLC",True
adtimaserver.vn,,VNG Corporation,False
adtlgc.com,,Enreach Solutions Oy,False
adtng.com,,Aylo,False
adtonos.com,,,False
adtpix.com,,"Adtegrity.com, Inc.",False
adtr.io,,Adtraction Marketing AB,False
adtrace.ai,,,False
adtraction.com,,Adtraction Marketing AB,False
adtrafficquality.google,,Google LLC,False
adtrcdn.io,,,False
adtrek.com,,,False
adtriba.com,,,False
adtribute.io,,,False
adtrk.org,,,False
adultblogranking.com,,,False
adultcrave.com,,,False
adultempire.com,,"Ravana, LLC",False
adultfriendfinder.com,,FriendFinder Networks Inc.,False
adultsclips.com,,,False
adultsearch.com,,,False
adulttrafficflow.vip,,,False
adultwork.com,,,False
adup-tech.com,,,False
adux.com,,HI-MEDIA,False
advameg.com,,,False
advanceautoparts.com,,Advance Auto Parts,False
advanced-web-analytics.com,,,False
advancedcommerce.services,,,False
advancedhp.com.au,,,False
advancelocal.com,,,False
advancelocal.map.fastly.net,Action Pixels;Ad Motivated Tracking;Advertising;Analytics;CDN;Embedded Content;Session Replay;Third-Party Analytics Marketing,"Fastly, Inc.",True
advancingtheirs.com,,,False
advangelists.com,,Mobiquity Inc.,False
advanseads.com,,,False
advansiv.com,,,False
advantagelumber.myshopify.com,Analytics;CDN;Embedded Content;Online Payment,Shopify Inc.,False
adventive.com,,"Adventive, Inc.",False
adventivecdn.com,,,False
adventori.com,,Adventori,False
adventure-carry.myshopify.com,Analytics;CDN;Embedded Content;Online Payment,Shopify Inc.,False
adverge.ai,,,False
advermind.com,,,False
advertease.store,,,False
adverticum.net,,Adverticum Zrt.,False
advertising.com,Ad Motivated Tracking;Advertising,Yahoo Inc.,True
advertisinganalytics.com,,,False
advertnative.com,,,False
advertronic.io,,,False
advertserve.com,,"Renegade Internet, Inc.",False
advfn-editors.com,,,False
advfn.com,,ADVFN PLc,False
advisible.com,,,False
advision-ecommerce.com,,,False
advividnetwork.com,,,False
advolve.io,,,False
advoxel.com,,,False
advscdn.com,,,False
adwebster.com,,,False
adwerx.com,,AdWerx,False
adx.bid,,,False
adx.com.ru,,,False
adx.ws,,,False
adx1.com,,Platform Inc.,False
adxadserv.com,,,False
adxadtracker.com,,,False
adxbid.info,,SETUPAD Inc.,False
adxcel-ec2.com,,It Concepts,False
adxnexus.com,,,False
adxpremium.services,,,False
adxserve.com,,,False
adxsrver.com,,,False
adyen.com,,Adyen N.V.,False
adyogi.com,,,False
adzen.ai,,,False
adzerk.net,,Adzerk,False
adzonestatic.com,,,False
ae.com.akamaized.net,CDN,Akamai Technologies,False
ae.com.edgekey.net,,Akamai Technologies,False
aebn.net,,"DataTech Systems, LLC",False
aedi.ai,,AISUM Inc.,False
aegeurope.com,,Anschutz Sports Holdings Ltd,False
aegpresents.com,,"Anschutz Entertainment Group, Inc.",False
aehost.me,,,False
aem.live,,,False
aeman.nl,,,False
aent-m.com,,,False
aeo.press,,,False
aeplcdn.com,,,False
aerialapps.com,,,False
aerisapi.com,,Whether or Knot LLC,False
aerisjs.com,,Whether or Knot LLC,False
aestatic.net,,,False
aetna.com,,Aetna Inc.,False
aexp-static.com,,American Express Company,False
aexp-static.com.edgekey.net,,Akamai Technologies,False
aexp.com,,,False
afarkas.github.io,CDN;Non-Tracking,"GitHub, Inc.",False
afcdn.com,CDN,auFeminin.com SA,False
affec.tv,Ad Fraud;Ad Motivated Tracking;Advertising;Audience Measurement,Affectv,True
affilae.com,,AETIUM,False
affilaxy.com,,,False
affiliatable.io,,,False
affiliatefuture.com,,,False
affiliatematic.com,,,False
affiliatly.com,,,False
affilimate.io,,,False
affilimateapis.com,,,False
affilimatejs.com,,,False
affilired.com,,,False
affilizz.com,,,False
affilo.io,,,False
affinipay.com,,,False
affinity.com,,Affinity,False
affinitydev.com,,,False
affinitymatrix.com,,,False
affirm.ca,,,False
affirm.com,,"Affirm Holdings, Inc.",False
affitown.jp,,,False
affluences.com,,Affluences,False
affluences.media,,,False
affonso.io,,,False
afftrack.pro,,,False
affyi.com,,,False
afi-b.com,,For it Inc.,False
afilio.com.br,,AFILIO,False
afirstsoft.cn,,,False
afirstsoft.com,,,False
afkwa.com,,,False
afl.com.au,,Australian Football League,False
afmroz9.x.incapdns.net,CDN,Imperva Inc.,False
afp.ai,,,False
afpforum.com,,,False
aframe.io,,,False
afrdtech.com,,,False
africaweb.edgesuite.net,CDN,Akamai Technologies,False
afritmarryer.com,,,False
afropsaro.com,,,False
afs-api.com,,,False
afs-static.com,,,False
afsanalytics.com,,,False
aftenposten.no,,,False
afterpay.com,,"Block, Inc.",False
afterpaycdn.com,,,False
aftership.com,,AfterShip Ltd.,False
afw-images.azureedge.net,CDN,Microsoft Corporation,False
afw-static.azureedge.net,CDN,Microsoft Corporation,False
agechecker.net,,,False
agego.com,,,False
agency2.ru,,,False
agencycloud-52.com,,,False
agencysignals.com,,,False
agentbot.net,,,False
agentbuilder-prod.s3.amazonaws.com,CDN,"Amazon Technologies, Inc.",False
agentcore.s3.amazonaws.com,CDN,"Amazon Technologies, Inc.",False
agenteimmobiliare.info,,,False
agenticapplications.googleapis.com,CDN;Embedded Content,Google LLC,False
agentio.com,,,False
agentiq.co,,,False
ageverif.com,,,False
ageverification.org,,,False
ageverify.com,,,False
aggieswire.com,,,False
aggle.net,,,False
aggregated-data.com,,,False
agilecrm.com,,,False
agilemeasure.com,,Zahlen Solutions LLC,False
agilesrv.com,,,False
agillic.net,,,False
agilone.com,,Agilone Inc.,False
agkn.com,Ad Motivated Tracking;Advertising,TransUnion LLC,True
agl002.online,,,False
agl005.tech,,,False
agl010.pro,,,False
aglty.io,,,False
agma-analytics.de,,,False
agnoplay.com,,,False
ago-item-storage.s3.amazonaws.com,CDN,"Amazon Technologies, Inc.",False
agoda.com,,Agoda Company Pte. Ltd.,False
agoda.local,,,False
agoda.net,,Agoda Company Pte. Ltd.,False
agora.io,,,False
agora.pl,,AGORA SA,False
agportal-s3bucket.s3.amazonaws.com,CDN,"Amazon Technologies, Inc.",False
agrarmedien.ch,,,False
agrieuro.com,,,False
agriframesuk.myshopify.com,Analytics;CDN;Embedded Content;Online Payment,Shopify Inc.,False
agrihoodnation.com,,,False
agroundrecentwalk.com,,,False
agrvt.com,,,False
agv18.net,,,False
agworld-marketing.s3.amazonaws.com,CDN,"Amazon Technologies, Inc.",False
agworld.com,,,False
aha-hxp.com,,,False
ahacdn.me,,,False
ahalogy.com,,,False
ahcdn.com,,,False
ahlsellgroup.com,,,False
ahmybid.net,,,False
ahpc.us,,,False
ahpra.gov.au,,,False
ahrefs.com,,Ahrefs Pte Ltd,False
ahsocialnetfor.online,,,False
ahvideoscdn.net,,,False
ai-pic.s3.us-west-2.amazonaws.com,CDN,"Amazon Technologies, Inc.",False
ai-translate.dev,,,False
ai.akamaized.net,CDN,Akamai Technologies,False
ai.edgesuite.net,CDN,Akamai Technologies,False
ai12z.net,,,False
aiagent.fi,,,False
aiagentlab.ai,,,False
aiaibot.com,,,False
aiasahi.jp,,,False
aiassistantchat.com,,,False
aicdn.com,,,False
aichat100.com,,,False
aicloudsync.com,,,False
aico.swiss,,,False
aiconn.com,,,False
aid.no,,,False
aidaptive.com,,,False
aidata.io,Ad Motivated Tracking;Analytics;Audience Measurement;Third-Party Analytics Marketing,Aidata,True
aidcgroup.net,,,False
aidemsrv.com,,,False
aiden.cx,,,False
aieasypic.com,,,False
aihack.top,,,False
aihelp.net,,ShareFun Network Limited,False
aihorde.net,,,False
aiir.net,,,False
aiircdn.com,,,False
aim-scripts.s3.amazonaws.com,CDN,"Amazon Technologies, Inc.",False
aimatch.com,,SAS Institute Inc.,False
aimbase.com,,Avala Marketing Group,False
aimcms.no,,,False
aimerce.ai,,,False
aimg-kwcdn-com.trafficmanager.net,CDN,Microsoft Corporation,False
aimg.sk,,,False
aimlogic.com,,,False
aimmedia.com,,,False
aimroas.com,,,False
aimtell.com,,,False
aimtell.io,,,False
aiosmedical.com,,,False
aiproxies.com,,,False
aips-sol.com,,,False
aiqua.io,,"Appier Group, Inc.",False
aiquickdraw.com,,,False
air.tv,,,False
air360tracker.net,,,False
airbnb.com,,"Airbnb, Inc.",False
airbnb.edgekey.net,,Akamai Technologies,False
airbnb.net,,,False
airbrake.io,,Airbrake Technologies,False
airbridge.io,,AB180 Inc.,False
airbud.io,,,False
aircanada.com,,Air Canada,False
aircanada.com.edgekey.net,,Akamai Technologies,False
aircaraibes.qualifioapp.com,,,False
airfind.com,,,False
airfire-data-exports.s3.us-west-2.amazonaws.com,CDN,"Amazon Technologies, Inc.",False
airfrance.fr,,Air France,False
airfryertricks.com,,,False
airgentic.com,,,False
airitoutbro.com,,,False
airlinepilotforums.com,,Internet Brands Inc,False
airnet.org.au,,,False
airparif.asso.fr,,,False
airport.ai,,,False
airpr.com,,,False
airpremiacdn.net,,,False
airrobe.com,,,False
airserve.net,,,False
airslate.com,,,False
airtable.com,,,False
airtel.tv,,,False
airtory.com,,,False
airtrfx.com,,,False
airwallex.com,,,False
airwhon.com,,,False
aiservice.vn,,,False
aisiteanalytics.com,,,False
aisoftware.com,,,False
aistudio-cdata.s3.amazonaws.com,CDN,"Amazon Technologies, Inc.",False
aitechly.com,,,False
aiv.edgekey.net,,Akamai Technologies,False
aivalabs.com,,,False
aivideofeed.com,,,False
aivo.co,,,False
aixcollection.com,,,False
aizenanalytics.com,,,False
aizhantj.com,,,False
aj1070.online,,,False
aj1559.online,,,False
aj2532.bid,,,False
aj2555.bid,,,False
aj2756.top,,,False
ajax.googleapis.com,CDN;Embedded Content,Google LLC,False
ajbell.co.uk,,,False
ajproducts.com,,,False
ajscdn.com,,,False
ajua.com,,,False
akam60800.net,,,False
akamai-111035.edgekey.net,,Akamai Technologies,False
akamai-130534.edgekey.net,,Akamai Technologies,False
akamai-96286.edgekey.net,,Akamai Technologies,False
akamai.com,CDN,Akamai Technologies,False
akamaicdn.work,,,False
akc.tv,,,False
akctvcontrol.com,,,False
akeans.com,,,False
akio.cloud,,,False
aklamator.com,,,False
aklamio.com,,,False
akouos.com,,,False
akouosresonate.com,,,False
akrapovic.azureedge.net,CDN,Microsoft Corporation,False
akstat.io,,Akamai Technologies,False
akzonobel.com,,,False
akzonobel.com.edgekey.net,,Akamai Technologies,False
al-adtech.com,,,False
al5sm.com,,,False
alamo.ie,,,False
alamy.com,,PA Media Group,False
alanna.life,,,False
alaskaair.com,,"Alaska Airlines, Inc.",False
alaskaair.map.fastly.net,Action Pixels;Ad Motivated Tracking;Advertising;Analytics;CDN;Embedded Content;Session Replay;Third-Party Analytics Marketing,"Fastly, Inc.",True
alaskaair.net,,,False
alb-dmz-advertool-556593172.us-east-2.elb.amazonaws.com,CDN,"Amazon Technologies, Inc.",False
alb-gtm-75918213.eu-central-1.elb.amazonaws.com,CDN,"Amazon Technologies, Inc.",False
alb-mainsite-2023-1770986377.ap-northeast-1.elb.amazonaws.com,CDN,"Amazon Technologies, Inc.",False
alb-nginx-prod-2108465416.us-east-1.elb.amazonaws.com,CDN,"Amazon Technologies, Inc.",False
alb-prd-ecom-ext-ecom-799973988.us-east-1.elb.amazonaws.com,CDN,"Amazon Technologies, Inc.",False
alb-public-1442539241.us-west-2.elb.amazonaws.com,CDN,"Amazon Technologies, Inc.",False
alb-rtm-public-shared-vpc-729982178.eu-central-1.elb.amazonaws.com,CDN,"Amazon Technologies, Inc.",False
albacross.com,,Albacross Nordic AB,False
albelli.com,,,False
albertsons-media.com,,,False
albertsons.com,,Safeway Inc,False
albss.com,,,False
alby.com,,,False
alby.net,,,False
alc-crm.com,,,False
alcasset.com,,,False
alchemyx.tech,,,False
alcmpn.com,Ad Motivated Tracking;Analytics;Audience Measurement,ALC,True
alcodacovers.info,,,False
alcon.com,,,False
aldi.cx,,,False
aldryn.io,,,False
alea6badb.com,,,False
alemdarleech.net,,,False
aleno.me,,,False
alertalytics.com,,,False
alertapp.dev,,,False
alevco.de,,,False
alexa.com,,"Amazon Technologies, Inc.",False
alexametrics.com,Audience Measurement,"Amazon Technologies, Inc.",False
alexandani-us.myshopify.com,Analytics;CDN;Embedded Content;Online Payment,Shopify Inc.,False
alexmedina.net,,,False
alfalfaemployeeresource.com,,,False
alfasense.com,,,False
alfasense.net,,,False
alfasns.com,,,False
alfasrv.com,,,False
alfright.eu,,,False
algenid.com,,,False
algolia.com,,Algolia Inc,False
algolia.io,,Algolia Inc,False
algolia.net,,Algolia Inc,False
algolianet.com,,Algolia Inc,False
algoliaradar.com,,,False
algonomy.com,,,False
algorecs.com,,,False
algoshop.ai,,,False
alhambra.wpenginepowered.com,,,False
alhena.ai,,,False
alia-cloudflare.com,,,False
alia-prod.com,,,False
aliapp.org,,Alibaba Group,False
alibaba-inc.com,,Alibaba Group,False
alibaba.com,,Alibaba Group,False
alibris.com,,Alibris,False
alicdn.com,CDN,Alibaba Group,False
alicdn.com.edgekey.net,,Akamai Technologies,False
alicdn.com.edgesuite.net,CDN,Akamai Technologies,False
alicloudapi.com,,,False
alida.com,,,False
aliexpress-media.com,,Alibaba Group,False
aliexpress-media.com.edgekey.net,,Akamai Technologies,False
aliexpress.com,,Alibaba Group,False
alikunlun.com,,Alibaba Group,False
alinablog.al,,,False
alipay.com,Online Payment,Ant Financial Services Group,False
alipayobjects.com,CDN;Online Payment,Ant Financial Services Group,False
alireviews.io,,,False
alisoneroman.ghost.io,,,False
alitemz.com,,,False
alive5.com,,,False
aliyuncs.com,,Alibaba Group,False
aliyuncsslbintl.com,,,False
aliyunddos0013.com,,,False
aliyunga0017.com,,,False
aliyunga0018.com,,,False
alketech.eu,,,False
alkimi-onboarding.com,,,False
alkomprar.com,,,False
all-things-barbecue-3710.myshopify.com,Analytics;CDN;Embedded Content;Online Payment,Shopify Inc.,False
all-up.com,,,False
all4golf.com,,,False
allaboutjazz.com,,Vision X Software,False
allaccessible.org,,,False
allapp.link,,,False
allbud.s3.amazonaws.com,CDN,"Amazon Technologies, Inc.",False
allconnect.com,,,False
allconnext.com,,,False
alldatasheet.com,,,False
aller.com,,,False
aller.se,,,False
allermedia.io,,,False
allermedia.se,,,False
alliai.com,,,False
allianz-assistance.com,,Allianz Worldwide Partners SAS,False
allianz.com,,,False
allinflektion.com,,,False
allitrk.com,,,False
allorigins.win,,,False
alloy.ch,,,False
allspicelabs.com,,,False
allstate.com,,Allstate Insurance Company,False
allstate.com.edgekey.net,,Akamai Technologies,False
allstatics.com,,,False
allthingsassets.com,,,False
alludo.com,,,False
ally.ac,,Blackboard Inc,False
allyable.com,,,False
alma-amr.net,,,False
almacen-faknetworks.b-cdn.net,CDN,BunnyCDN,False
almacrcommoncontent.net,,,False
almamedia.fi,,Alma Media Oyj,False
almamedia.net,,,False
almamedia.tech,,,False
almapay.com,,,False
alocdn.com,,"TowerData, Inc.",False
alohamiles.com,,,False
alpacamaps.com,,,False
alpha3861.myshopify.com,Analytics;CDN;Embedded Content;Online Payment,Shopify Inc.,False
alphachat.ai,,,False
alphacrm.org,,,False
alphalyr.com,,,False
alphaprints.in,,,False
alpharank.io,,,False
alphaxcdn.com,,,False
alpineiq.com,,,False
alpixtrack.com,,,False
alsa.es,,ALSA GRUPO S.L.U.,False
alsde.edu,,,False
altairapi.com,,,False
altcha.org,,,False
altec.io,,,False
altek-hospitality-chatbot-agent.web.app,,Google LLC,False
alteregomedia.org,,,False
alternativenews.com,,,False
alterramtnco.com,,,False
altibox.net,,,False
altigen.com,,,False
altinncdn.no,,,False
altis.cloud,,,False
altitude-arena.com,Ad Motivated Tracking;Advertising,Altitude Digital,True
altitude-sports.com,,,False
altium.com,,Altium Limited,False
altmetric.com,,,False
altrulabs.com,,,False
alttext.ai,,,False
altura-advertising.s3.eu-west-2.amazonaws.com,CDN,"Amazon Technologies, Inc.",False
alturaadvertising.com,,,False
alturing.eu,,,False
aluxvl.cn,,,False
alvolante.it,,UNIMEDIA s.r.l.,False
alwayson.ai,,,False
alwaysongrocery.net,,,False
am-s3-bucket-assets.s3.eu-west-2.amazonaws.com,CDN,"Amazon Technologies, Inc.",False
am-static.com,,,False
am3t9s.net,,,False
amaicdn.com,,Amai Digital PTE. LTD.,False
amain.com,,"AMain.com, Inc.",False
amasty.com,,,False
amateur.tv,,,False
amateurdough.com,,,False
amateurswild.com,,,False
amavalet.com,,,False
amavita.ch,,,False
amazee.io,,,False
amazfit-usa.myshopify.com,Analytics;CDN;Embedded Content;Online Payment,Shopify Inc.,False
amazon-adsystem.com,Ad Motivated Tracking;Advertising,"Amazon Technologies, Inc.",True
amazon-omni-cdn.com,,,False
amazon.co.jp,,"Amazon Technologies, Inc.",False
amazon.com,Ad Motivated Tracking;Analytics;Embedded Content;Online Payment;SSO;Third-Party Analytics Marketing,"Amazon Technologies, Inc.",True
amazon.dev,,"Amazon Technologies, Inc.",False
amazoncognito.com,,,False
amazonforum.com,,"Amazon Technologies, Inc.",False
amb-feeds.s3.amazonaws.com,CDN,"Amazon Technologies, Inc.",False
ambassadorsnippet.com,,,False
ambientdsp.com,,,False
ambithub.com,,,False
amc.nl,,,False
amcdn.vn,,,False
amcharts.com,,amCharts,False
amcn.com,,Rainbow Media Holdings,False
amcnetworks.com,,AMC Networks INC.,False
amd-ab.akamaized.net,CDN,Akamai Technologies,False
amd-vgtv.akamaized.net,CDN,Akamai Technologies,False
amd.com,,"Advanced Micro Devices, Inc.",False
amediakreativ.no,,,False
amedick-sommer.de,,,False
ameream-prod-api-lb-931554007.us-east-1.elb.amazonaws.com,CDN,"Amazon Technologies, Inc.",False
america.gov,,,False
americana-pipedream-apparel.myshopify.com,Analytics;CDN;Embedded Content;Online Payment,Shopify Inc.,False
americanairlines.co.uk,,,False
americancentury.com,,,False
americanexpress.com,,American Express Company,False
americanexpress.com.akadns.net,CDN,Akamai Technologies,False
americanexpress.com.edgekey.net,,Akamai Technologies,False
americangirl-social-proofing.netlify.app,,,False
americangreetings.com.edgekey.net,,Akamai Technologies,False
americanmuscle.com,,,False
americantrucks.com,,,False
americommerce.com,,,False
ameriprisestats.com,,"Ameriprise Financial, Inc.",False
amesperf-parts.s3.amazonaws.com,CDN,"Amazon Technologies, Inc.",False
amfam-prod-81oma35pm-american-family-insurance.vercel.app,,,False
amherstadmission.org,,,False
ami-admin.com,,,False
amig-prod.edgekey.net,,Akamai Technologies,False
amlg.io,,,False
amny.com,,Newsday LLC,False
amoad.com,,"CyberAgent, Inc.",False
amobee.com,,,False
amon1.net,,,False
amoranagutschein.ch,,,False
amp.akamaized.net,CDN,Akamai Technologies,False
amp.com.au,,,False
amp.travel,,,False
ampbid.org,,,False
amped.io,,,False
ampersend.io,,,False
amperwave.net,,"Audacy, Inc.",False
amperwavepodcasting.com,,,False
ampify.care,,,False
amplience.net,,Amplience (UK) Limited,False
amplified.io,,,False
amplifiedcdn.com,,,False
amplifieddigitalagency.com,,,False
amplifyapp.com,,,False
amplitude.com,Analytics,Amplitude,False
ampproject.net,,Google LLC,False
ampproject.org,Advertising;CDN,Google LLC,True
ampry.com,,,False
ams-pageview-public.s3.amazonaws.com,CDN,"Amazon Technologies, Inc.",False
amsolutionsinternational.com,,,False
amspbs.com,,,False
amsterdam.nl,,,False
amstools.de,,,False
amswebdispo.de,,,False
amtrak.com,,National Railroad Passenger Corporation,False
amundiprodcdn2.azureedge.net,CDN,Microsoft Corporation,False
amung.us,Ad Motivated Tracking;Advertising;Analytics;Audience Measurement,whos.amung.us Inc,True
amuselabs.com,,,False
amusingbase.com,,,False
amuutilities.b-cdn.net,CDN,BunnyCDN,False
amx1.net,,,False
amxrtb.com,,Monet Engine Inc.,False
an-cms.com,,,False
an-identity.website,,,False
analitycs.net,,,False
analvids.com,,,False
analy-analy-1tvp96z27elsx-197618356.us-east-1.elb.amazonaws.com,CDN,"Amazon Technologies, Inc.",False
analysesdata.com,,,False
analysis.fi,,AppendAd LTD,False
analyti.top,,,False
analytics-debugger.com,,,False
analytics-dot-hpe-recommendation-ai.appspot.com,CDN,Google LLC,False
analytics-egain.com,Support Chat Widget,eGain Corporation,False
analytics-elb-12538257.us-east-1.elb.amazonaws.com,CDN,"Amazon Technologies, Inc.",False
analytics-engine.com,,,False
analytics-event.com,,,False
analytics-helper.com,,,False
analytics-ingestion-2000866608.ap-south-1.elb.amazonaws.com,CDN,"Amazon Technologies, Inc.",False
analytics-rtb.com,,,False
analytics-santander-co-uk-378667789.eu-west-1.elb.amazonaws.com,CDN,"Amazon Technologies, Inc.",False
analytics-server-bfn6.onrender.com,,,False
analytics-sm.com,,,False
analytics.edgekey.net,,Akamai Technologies,False
analytics.nexus,,,False
analytics.wpmucdn.com,,,False
analyticsoverzicht.com,,,False
analyticssystems.net,,,False
analyticsweb.net,,,False
analyze.ly,,alex yastrebenetsky,False
analyzecorona.com,,,False
analyzifycdn.com,,,False
anaturistworld-storagr.b-cdn.net,CDN,BunnyCDN,False
anaturistworld.b-cdn.net,CDN,BunnyCDN,False
anccloud3.xyz,,,False
ancestry.co.uk,,Ancestry.com Operations Inc.,False
ancestry.com,,Ancestry.com Operations Inc.,False
ancestrycdn.com,,Ancestry.com Operations Inc.,False
ancestrycdn.com.edgekey.net,,Akamai Technologies,False
ancestrydata.com,,,False
and6.com,,,False
andbeyond.media,,Alchemy Advertising Pvt. Ltd.,False
andfrankly.com,,,False
andriesmemoir.com,,,False
andstarsbuilding.com,,,False
angelstudios.com,,,False
angi.com,,,False
angi.workers.dev,,,False
anglaisfacile.com,,,False
anglerfox.com,,,False
anglotopia.com,,,False
angularjs.org,,,False
anilist.co,,,False
animationexplorer.com,,,False
anime-go.cc,,,False
animeapp.org,,,False
animeporn.red,,,False
anipixcdn.co,,,False
aniview.com,,ANIVIEW LTD,False
ankama.com,,ANKAMA,False
anker-in.com,,"Anker Innovation Technology Co., Ltd.",False
anker.com,,"Anker Innovation Technology Co., Ltd.",False
ankermake-us.myshopify.com,Analytics;CDN;Embedded Content;Online Payment,Shopify Inc.,False
ankersolix-us.myshopify.com,Analytics;CDN;Embedded Content;Online Payment,Shopify Inc.,False
anltc.cc,,,False
anm.co.uk,,,False
annalect.com,,,False
annatech.com,,,False
announcekit.app,,,False
announcement-bar.onrender.com,,,False
annoyedairport.com,,"Leven Labs, Inc. DBA Admiral",False
annuaire-web-france.com,,,False
anogate.io,,,False
anonm.io,,,False
anonpremium.com,,,False
anontimes.com,,,False
anonymised.io,,,False
anpoimages.com,,,False
anrdoezrs.net,,Conversant LLC,False
answerai.co.uk,,,False
answerbase.com,,Lumin Creative,False
answerly.io,,,False
antena3tv.com,,,False
anteriad.com,,,False
anthem.com,,"Anthem, Inc.",False
anthrazit.ch,,,False
anthropic.com,,,False
antivirusinsights.com,,,False
antsomi.com,,,False
antur.agency,,,False
anura.io,,,False
anvasoft.ca,,,False
anwb.cloud,,,False
anwb.nl,,ANWB BV,False
anyadx.live,,,False
anycast.me,,,False
anyclip-player.s3.amazonaws.com,CDN,"Amazon Technologies, Inc.",False
anyclip.com,,AnyClip Ltd.,False
anycubic.com,,,False
anymind360.com,,AnyMind Group Inc.,False
anypointdns.net,,,False
anytrack.io,,,False
anywhereworks.com,,,False
ao-cdn.net,,,False
aoalmfwinbsstec23.com,,,False
aofl.com,,,False
aoins.com,,,False
aomeisoftware.com,,,False
aonprd.com,,,False
aoscdn.com,,,False
aosom.com,,,False
aosomcdn.com,,,False
aov-boost-sales.pages.dev,,,False
aov-utils.pages.dev,,,False
aov.ai,,,False
ap-east-1.amazonaws.com,CDN,"Amazon Technologies, Inc.",False
ap-northeast-1.amazonaws.com,CDN,"Amazon Technologies, Inc.",False
ap-south-1.amazonaws.com,CDN,"Amazon Technologies, Inc.",False
ap-southeast-1.amazonaws.com,CDN,"Amazon Technologies, Inc.",False
ap-southeast-2.amazonaws.com,CDN,"Amazon Technologies, Inc.",False
ap.org,,The Associated Press,False
ap3prod.com,,,False
ap4r.com,,,False
apa.at,,APA-Austria Presse Agentur eG,False
apacatapult.com,,,False
apachecon.com,,,False
apadx.b-cdn.net,CDN,BunnyCDN,False
aparito.com,,,False
apartmenthomeliving.com.edgekey.net,,Akamai Technologies,False
apartmentlist.io,,,False
apcu.com,,,False
apelections.org,,,False
apenterprise.io,,,False
apester.com,,Apester Ltd.,False
apewisdom.io,,,False
apexlink.to,,,False
aph-uploads-production.s3.amazonaws.com,CDN,"Amazon Technologies, Inc.",False
api-buy-eset-com-endpoints.trafficmanager.net,CDN,Microsoft Corporation,False
api-dc-prod-001.cyou,,,False
api-dc-prod-006.cyou,,,False
api-dc2-prod-01.cyou,,,False
api-dc2-prod-06.cyou,,,False
api-elb-1481361866.ap-south-1.elb.amazonaws.com,CDN,"Amazon Technologies, Inc.",False
api-eset-com.trafficmanager.net,CDN,Microsoft Corporation,False
api-lb-66250483.ap-south-1.elb.amazonaws.com,CDN,"Amazon Technologies, Inc.",False
api-oa.com,,,False
api-prod-iqm4.onrender.com,,,False
api-rev-1399482659.us-east-1.elb.amazonaws.com,CDN,"Amazon Technologies, Inc.",False
api-sbuvvg5qqq-ey.a.run.app,,Google LLC,False
api-static-files.s3.amazonaws.com,CDN,"Amazon Technologies, Inc.",False
api-storage-14z1yhktosudg.s3.amazonaws.com,CDN,"Amazon Technologies, Inc.",False
api.aws,,"Amazon Technologies, Inc.",False
api.news,,,False
api.no,,Amedia Utvikling AS,False
apia.com.au,,,False
apiarydata.net,,,False
apicit.net,,KLOIS,False
apigateway.co,,,False
apigee.net,CDN,Google LLC,False
apigurus.com,,APIgurus.com,False
apip.cc,,,False
apistp.com,,,False
apitd.net,,,False
apite.io,,,False
apitiny.net,,,False
apiture.com,,,False
apiv4-1359821768.us-west-2.elb.amazonaws.com,CDN,"Amazon Technologies, Inc.",False
apk.live,,,False
aplazo.mx,,,False
aplicaads.com,,,False
aplizz.net,,,False
aplo-evnt.com,,,False
aploze.com,,,False
aplu.io,,,False
apmex.com,,APMEX inc.,False
apntly.com,,,False
apogee.net,,,False
apollo.io,,,False
apollo247.in,,,False
apolloduck.com,,,False
apolloplatform.com,,,False
apolloprogram.io,,DIYlaunch,False
app-asaaltai-prod-scus-001.azurewebsites.net,CDN,Microsoft Corporation,False
app-easy-product-downloads.fr,,,False
app-fnsp-matomo-analytics-prod.azurewebsites.net,CDN,Microsoft Corporation,False
app-goeng-medialibrary-prod.azurewebsites.net,CDN,Microsoft Corporation,False
app-mind.com,,,False
app-sbj-api-prod-eastus2.azurewebsites.net,CDN,Microsoft Corporation,False
app-spm.com,,,False
app-us1.com,,"ActiveCampaign, Inc.",False
app-wallee.com,,,False
app-webdata-prod-au.azurewebsites.net,CDN,Microsoft Corporation,False
app.delivery,,,False
app.link,Advertising;Analytics;Audience Measurement;Third-Party Analytics Marketing,"Branch Metrics, Inc.",True
app.qualifioapp.com,,,False
apparmor.com,,CutCom Software Inc.,False
appboy.com,,"Braze, Inc.",False
appboycdn.com,,"Braze, Inc.",False
appcast.io,,,False
appconsent.io,Consent Management Platform,SFBX SAS,False
appcues.com,,,False
appcues.net,,,False
appdevelopergroup-pack1.co,,,False
appdevelopergroup-pack4.co,,,False
appdevelopergroup.co,,,False
appdomain.cloud,,,False
appdynamics.com,Analytics,"Cisco Systems, Inc.",False
appedge.net,,,False
appfire.app,,,False
apphero.co,,,False
appherolab.com,,,False
apphq.co,,,False
appier.net,Ad Motivated Tracking;Advertising;Third-Party Analytics Marketing,"Appier Group, Inc.",True
appifycommerce.com,,,False
appjustable.com,,,False
apple-mapkit.com,,Apple Inc.,False
apple-support.akadns.net,CDN,Akamai Technologies,False
apple.com,,Apple Inc.,False
apple.com.akadns.net,CDN,Akamai Technologies,False
applemediaservices.com,,,False
appli-intramuros.com,,,False
applicaster.com,,,False
applicationinsights.us,,,False
applied.guide,,,False
appliedlabs.ai,,,False
applixir.com,,,False
applogcdn.com,,,False
applovin.com,,AppLovin Corporation,False
applxweb.com,,,False
applzr.com,,,False
appmate.io,,,False
appnexus.net,,,False
appnexusgslb.com,,,False
appocean.media,,,False
appointedd.com,,,False
appointeeivyspongy.com,,,False
appointmentsupport.com,,,False
appointo.me,,,False
appollo.jp,,,False
appresso.no,,,False
approachguides.com,,,False
approvepayments.com,,,False
apps4bigcommerce.com,,,False
appsca-pwp-pa-gov.trafficmanager.net,CDN,Microsoft Corporation,False
appsflyer.com,,AppsFlyer,False
appsflyersdk.com,,AppsFlyer,False
appsmav.com,,,False
appsolve.io,,,False
appstle.com,,,False
appsync-api.us-east-1.amazonaws.com,CDN,"Amazon Technologies, Inc.",False
apptegic.com,,"Salesforce.com, Inc.",False
apptegy.net,,,False
apptentive.com,,Apptentive Inc.,False
apptimize.com,,"Urban Airship, Inc.",False
apptracer.ru,,,False
apptracker.stream,,,False
apptus.cloud,,,False
appuser.ch,,,False
appvizer.com,,,False
appvizer.one,,,False
appwa-gtcv2-p01.azurewebsites.net,CDN,Microsoft Corporation,False
appwiki.nl,,,False
appwrite.io,,,False
appyssinia.com,,,False
appzi.io,,,False
aprilia.com.edgekey.net,,Akamai Technologies,False
aprimocdn.net,,,False
apruvd.com,,,False
apsis.one,,,False
apteekkariliitto.fi,,,False
aptivada.com,,,False
aptivity.io,,,False
aptoma.no,,,False
aptrinsic.com,,,False
apty.io,,,False
apvdr.com,,,False
apxl.io,,,False
apxor.com,,,False
aqle3.com,,,False
aqua-adserver.com,,,False
aquaimg.com,,,False
aquaplatform.com,,,False
aqurate.ai,,,False
araklet-backend-prd-6vsvxlimcq-an.a.run.app,,Google LLC,False
aralego.com,,"ucfunnel Co., Ltd.",False
aralego.net,,,False
aramis-help.ch,,,False
arb-assets.s3.amazonaws.com,CDN,"Amazon Technologies, Inc.",False
arbwidget.com,,,False
arc-cdn.net,,,False
arc-dns.net,,,False
arc.pub,,,False
arcade.software,,,False
arcalea.com,,,False
arcb.com,,,False
arcg.is,,,False
arcgis.com,CDN;Embedded Content;Non-Tracking,"Environmental Systems Research Institute, Inc.",False
arcgis.com.edgekey.net,,Akamai Technologies,False
arcgisonline.com,,"Environmental Systems Research Institute, Inc.",False
archchinese.dyndns.org,,,False
archipro.co.nz,,,False
archipro.com.au,,,False
architecture-prd-alb-958875013.eu-west-1.elb.amazonaws.com,CDN,"Amazon Technologies, Inc.",False
archive-digger.com,,,False
archive.org,Non-Tracking,Internet Archive,False
archivecalbar.trafficmanager.net,CDN,Microsoft Corporation,False
archives.gov,,National Archives and Records Administration,False
arcpublishing.com,,The Washington Post,False
arcspire.io,,Arcspire Limited,False
ard-mcdn.de,,,False
ard.de,,Suedwestrundfunk Anstalt des oeffentlichen Rechts,False
ardalio.com,,,False
ardmediathek.de,,Suedwestrundfunk Anstalt des oeffentlichen Rechts,False
ardsounds.de,,,False
arelapps.com,,,False
aremedia.com.au,,,False
aremedia.net.au,,,False
arena.im,,,False
arena.net,,,False
arestravel.com,,Advanced Reservation Systems,False
areviewsapp.com,,,False
areyouahuman.com,Ad Fraud;Ad Motivated Tracking,Imperva Inc.,True
arfreaks.b-cdn.net,CDN,BunnyCDN,False
arhamcommerce.com,,,False
ariase.com.edgesuite.net,CDN,Akamai Technologies,False
ariat.com,,"Ariat International, Inc.",False
aricinquerida.com,,,False
ariva-services.de,,,False
arizonreports.cloud,,,False
arkadium.com,,,False
arkadiumhosted.com,,,False
arkadiumhosted.edgekey.net,,Akamai Technologies,False
arkansasonline.com,,Arkansas Democrat Gazette,False
arkoselabs.com,Fraud Prevention,"Arkose Labs, Inc.",False
arla.com,,,False
armada.fr,,,False
armanet.us,,,False
army.delivery,,,False
armymwr.com,,,False
armytimes.com,,,False
around.xxx,,,False
aroundcommoditysway.com,,,False
arrivalist.com,,Arrivalist Co,False
arsenal.com.edgekey.net,,Akamai Technologies,False
arsenaldirect.github.io,CDN;Non-Tracking,"GitHub, Inc.",False
art19.com,,,False
artbrokerage.s3.amazonaws.com,CDN,"Amazon Technologies, Inc.",False
arte.tv,,ARTE,False
artfut.com,,,False
arthrex.io,,,False
artibot.ai,,,False
artichokehq.com,,,False
articlegenius.ai,,,False
artifi.net,,,False
artsai.com,,,False
arttrk.com,,,False
arukereso.com,,Online Comparison Shopping Kft.,False
aruncdn.com,,,False
arvakur.is,,,False
arvato-scm.net,,,False
arya-1323461286.us-west-2.elb.amazonaws.com,CDN,"Amazon Technologies, Inc.",False
as-acvcsc-sgtm-taggingserver-dmz-001.azurewebsites.net,CDN,Microsoft Corporation,False
as.com,,EDICIONES EL PAIS S.L.,False
as24.tech,,,False
asa-prod-szbchb-szb-backend.azurewebsites.net,CDN,Microsoft Corporation,False
asadcdn.com,,,False
asapp.com,,ASAPP Inc,False
asbury.cloud,,,False
ascendeum-hb-urbandictionary.pages.dev,,,False
ascendeummedia.com,,,False
ascent360.com,,,False
aschehoug.cloud,,,False
ascl.pro,,,False
aseasky.link,,,False
asedneutarrytous.com,,,False
aserve1.net,,,False
ash-virtual-annual-meeting-pigarvspw-webappbucket-j1xejl0whqh6.s3.amazonaws.com,CDN,"Amazon Technologies, Inc.",False
ashcompanies.com,,,False
ashemaletube.com,,,False
ashleymadison.com,,Ruby Life inc,False
asia-south1-tvs-motors-334408.cloudfunctions.net,CDN,Google LLC,False
asia-southeast1.run.app,,Google LLC,False
asiahighlights.com,,,False
asianboji.com,,,False
asianetnews.com.akamaized.net,CDN,Akamai Technologies,False
asianslive.com,,,False
asianxhub.com,,,False
askava.ai,,,False
askdriver.com,,,False
askem.com,,,False
askjdhaa.com,,,False
asklayer.io,,,False
askmiso.com,,,False
askmona.ai,,,False
askmonastudio.com,,,False
asknice.ly,,,False
asksid.ai,,,False
askspot.io,,,False
askstarry.com,,,False
askverizon2.edgesuite.net,CDN,Akamai Technologies,False
asmodee.net,,,False
asn.nl,,,False
asnbank.nl,,ASN Bank (de Volksbank N.V.),False
asnstatic.com,,,False
aso1.net,,,False
asortiz.com,,,False
asos-media.com.edgekey.net,,Akamai Technologies,False
asos.com.edgekey.net,,Akamai Technologies,False
asosglobal.com,,,False
asosservices.com.edgekey.net,,Akamai Technologies,False
asotvinc.com,,,False
asoview-media.com,,,False
asp.events,,,False
asp.net,,Microsoft Corporation,False
aspendiscovery.org,,,False
asphalte.b-cdn.net,CDN,BunnyCDN,False
aspinaloflondon.com,,,False
aspiraconnect.com,,,False
aspire-ebm.com,,,False
aspiringattempt.com,,"Leven Labs, Inc. DBA Admiral",False
aspnetcdn.com,CDN,Microsoft Corporation,False
assaabloy.com,,,False
assaabloy.com.edgekey.net,,Akamai Technologies,False
assembledhq.com,,,False
assemblyexchange.com,,,False
assertcom.de,,,False
assertive.workers.dev,,,False
asset-metadata-service-production.s3.amazonaws.com,CDN,"Amazon Technologies, Inc.",False
asset.schwarz,,,False
assetcss.com,,,False
assetfile.io,,,False
assethost.io,,,False
assets-barracuda-runner.azureedge.net,CDN,Microsoft Corporation,False
assets-donate.azureedge.net,CDN,Microsoft Corporation,False
assets-gdfrance.com,,,False
assets-horizon-online.azurewebsites.net,CDN,Microsoft Corporation,False
assets-ibiscycles-com.s3.amazonaws.com,CDN,"Amazon Technologies, Inc.",False
assets-landing-candyai.com,,,False
assets-landingi.com,,,False
assets-momentum.akamaized.net,CDN,Akamai Technologies,False
assets-oca.b-cdn.net,CDN,BunnyCDN,False
assets-oyster.b-cdn.net,CDN,BunnyCDN,False
assets-projects-newsday-com.b-cdn.net,CDN,BunnyCDN,False
assets-santander-co-uk-366626727.eu-west-1.elb.amazonaws.com,CDN,"Amazon Technologies, Inc.",False
assets-servd.host,,,False
assets-sitefinity-cdn-prod.azureedge.net,CDN,Microsoft Corporation,False
assets-smartertravel.b-cdn.net,CDN,BunnyCDN,False
assets.nhs.uk,,NHS Digital,False
assets_polaris.edgekey.net,,Akamai Technologies,False
assetsadobe.com,,Adobe Inc.,False
assetsadobe2.com,,Adobe Inc.,False
assetsadobe3.com,,Adobe Inc.,False
assetshuluimcom-a.akamaihd.net,CDN,Akamai Technologies,False
assettoworld.b-cdn.net,CDN,BunnyCDN,False
assettype.com,,,False
assistads.net,,,False
assoc-amazon.com,Action Pixels;Ad Motivated Tracking;Advertising,"Amazon Technologies, Inc.",True
associates-amazon.com,,"Amazon Technologies, Inc.",False
associationmediagroup.com,,,False
associationsnow.com,,,False
assortion.com,,,False
assuredroute.com,,,False
ast-tethered-login-sdk-script.s3.amazonaws.com,CDN,"Amazon Technologies, Inc.",False
astarsbuilding.com,,,False
asteriobid.com,,,False
astockcdn.net,,,False
aston-mpr-web-push-notification.s3-us-west-2.amazonaws.com,CDN,"Amazon Technologies, Inc.",False
astonishingfood.com,,"Leven Labs, Inc. DBA Admiral",False
astonishlandmassnervy.com,,,False
astrashop.top,,,False
astronautlividlyreformer.com,,,False
astronomy.com,,Kalmbach Publishing Co.,False
astute52.com,,,False
astutebot.com,,,False
asu.edu,,Arizona State University,False
asuenterprisepartners.org,,,False
asuep.org,,,False
asufoundation.org,,,False
asufoundation.org.uk,,,False
asulink.org,,,False
asurion.com,,Asurion,False
asurion53.com,,,False
asvc.cz,,,False
aswatson.com,,,False
aswatson.com.edgekey.net,,Akamai Technologies,False
aswpsdkeu.com,,,False
aswpsdkus.com,,"Urban Airship, Inc.",False
asyura.us,,asyura.co,False
asyura3.com,,,False
at-o.net,,,False
at.edgekey.net,,Akamai Technologies,False
atanar.net,,,False
atatus.com,,,False
atcom.gr,,,False
atdmt.com,Ad Motivated Tracking;Advertising,"Facebook, Inc.",True
atdw-online.com.au,,AUSTRALIAN TOURISM DATA WAREHOUSE PTY LTD,False
atea-nordic-sgtm.azurewebsites.net,CDN,Microsoft Corporation,False
atedra.com,,AdStanding,False
atg.cloud,,,False
atgsvcs.com,,Oracle Corporation,False
atgsvcs.com.edgekey.net,,Akamai Technologies,False
athena-tech.eu,,,False
athena.io,,,False
athenahealth.com,,,False
athenahq.ai,,,False
ather.io,,,False
athesia.com,,,False
athletereg.com,,,False
athletic.live,,,False
athoscommerce.net,,,False
ati-host.net,,AT Internet,False
ati.com.edgekey.net,,Akamai Technologies,False
aticdn.net,,AT Internet,False
atida.com,,,False
atl-paas.net,,Atlassian Corporation plc,False
atlanticmedia.map.fastly.net,Action Pixels;Ad Motivated Tracking;Advertising;Analytics;CDN;Embedded Content;Session Replay;Third-Party Analytics Marketing,"Fastly, Inc.",True
atlas.so,,,False
atlasrtx.com,,,False
atlassian.com,,Atlassian Corporation plc,False
atlassian.net,,Atlassian Corporation plc,False
atleta.cc,,,False
atmng.io,,,False
atmosphere.ca,,,False
atmrum.net,,Microsoft Corporation,False
atmtd.com,,,False
atollon.au,,,False
atolls.com,,,False
atomik.vip,,,False
atomm.com,,,False
atp.fox,,,False
atrc.link,,,False
atreemo.com,,,False
atreemo.uk,,,False
atresmedia.com,,Atresmedia Corporacion de Medios de Comunicacion SA,False
atresplayer.com,,Atresmedia Corporacion de Medios de Comunicacion SA,False
atriaops.net,,,False
atriumhealth.org,,Atrium Health,False
atriumsports.com,,,False
atsptp.com,,,False
att.com,,"AT&T Services, Inc.",False
att.com.edgekey.net,,Akamai Technologies,False
attainplatform.io,,,False
attekmi.co,,,False
attekmi.com,,,False
attentionxyz.com,,,False
attentivemobile.com,,Attentive Mobile,False
attic.sh,,,False
attn.tv,Ad Motivated Tracking;Advertising;Analytics;Third-Party Analytics Marketing,Attentive Mobile,True
attntags.com,,,False
attrakt.co,,,False
attraqt.io,,,False
attribuly.com,,,False
attributionapp.com,,,False
attributy.com,,,False
attrilab.com,,,False
attrnum.com,,,False
atugatran.github.io,CDN;Non-Tracking,"GitHub, Inc.",False
atwmcd.com,,,False
atwola.com,,Yahoo Inc.,False
atype.jp,,"OhYeah, Inc.",False
au-prod-cloudservice-gateway80-1681975692.ap-southeast-2.elb.amazonaws.com,CDN,"Amazon Technologies, Inc.",False
au-v1.edgekey.net,,Akamai Technologies,False
au.akamaized.net,CDN,Akamai Technologies,False
au.edgekey.net,,Akamai Technologies,False
au.edgesuite.net,CDN,Akamai Technologies,False
auburnalabama.org,,,False
auction-experts.com,,,False
auctioneersoftware.s3.amazonaws.com,CDN,"Amazon Technologies, Inc.",False
auctiontechnologygroup.com,,,False
audi.com,,Volkswagen Group,False
audi.com.edgekey.net,,Akamai Technologies,False
audi.io,,,False
audibletrial.com,,,False
audience.io,,,False
audiencedata.net,,,False
audiencemanager.de,,,False
audiencerun.com,,,False
audiens.com,,Bango.net Ltd,False
audima.co,,,False
audiocdn.com,,,False
audioeye-services.com,,,False
audioeye.com,,"AudioEye, Inc.",False
audiohook.com,,,False
audion.fm,,,False
audiorella.com,,,False
auditzy-rum.s3.ap-south-1.amazonaws.com,CDN,"Amazon Technologies, Inc.",False
auditzy.com,,,False
audrte.com,,Audiencerate Ltd,False
auglio.com,,,False
auglio.pages.dev,,,False
augsburger-allgemeine.de,,Mediengruppe Pressedruck Dienstleistungs-GmbH & Co. OHG,False
augusthome.com,,,False
augustineinstitute.org,,,False
auhm.net,,,False
auntmia.com,,,False
auone.jp,,KDDI CORPORATION,False
auqot.com,,,False
aura-apps.com,,,False
aurasvc.io,,,False
aurelian.io,,,False
aus-air-conditioning.myshopify.com,Analytics;CDN;Embedded Content;Online Payment,Shopify Inc.,False
aus99.com,,,False
ausgezeichnet.org,Badge,AUBII GmbH,False
ausha.co,,,False
auspost.com.au,,Australian Postal Corporation,False
aussiebeefandlamb.co.uk,,,False
australianchampionship.com.au,,,False
australiarevival.com,,,False
auswaertiges-amt.de,,Auswärtiges Amt,False
aut-c044-2.edgekey.net,,Akamai Technologies,False
aut1.edgekey.net,,Akamai Technologies,False
auth-gateway.net,,,False
auth0.com,,"Auth0, Inc.",False
auth0app.com,,,False
authentication.win,,,False
authenticatorlocalprod.com,,,False
authorize.net,,Authorize.Net,False
authorized.by,,Stayble Market GmbH,False
authorizedpartner.com,,,False
authvia.com,,,False
auto-motor-und-sport.de,,,False
auto.cl,,,False
autoaffiliatelinks.com,,,False
autoapr.com,,,False
autobytel.com,,Autobytel Inc,False
autochat.ai,,,False
autocommerce.io,,,False
autoconverse.ai,,,False
autodesk.com,,"Autodesk, Inc.",False
autodesk.com.edgekey.net,,Akamai Technologies,False
autodoc.de,,,False
autodriven.com,,,False
autogenius.io,,,False
autogo.ai,,,False
autohub.io,,,False
autoid.com,,,False
autointel.ai,,,False
autoipacket.com,,,False
autoketing.org,,,False
autoleadstar.com,,,False
autolink.io,,,False
automat-ai.com,,,False
automatad.com,,,False
automizely-analytics.com,,,False
automizely.com,,,False
autonom8.com,,,False
autonomous-analytics-qffztaoryq-uc.a.run.app,,Google LLC,False
autonomoustechnology.ai,,,False
autoops.com,,,False
autopartsway.com,,,False
autoplicity.com,,,False
autoscout24.com,,AutoScout24 GmbH,False
autoscout24.de,,,False
autoscout24.net,,AutoScout24 GmbH,False
autosyncstudio.com,,,False
autotrader.com,,"Cox Enterprises, Inc.",False
autotraderspecialty.com,,,False
autouncle.com,,AutoUncle,False
autoviadev.co.uk,,,False
auvious.video,,,False
av-northern-apps.com,,,False
av4me.xyz,,,False
avaamo.com,,,False
avada-tag-manager.firebaseapp.com,CDN,Google LLC,False
avada.io,,,False
avads.live,,,False
avads.net,,AntVoice,False
avalanchetremorunfilled.com,,,False
avaldigitallabs.com,,,False
avanquest.com,,,False
avanser.com,,Avanser,False
avantisvideo.com,,Browsi Mobile LLC,False
avantlink.com,,"Dynamic Web Source, Inc.",False
avast.com,,Avast Software s.r.o.,False
avastcdn.com,,,False
avatars.githubusercontent.com,,"GitHub, Inc.",False
avax.network,,,False
avayacloud.com,,,False
avbportal.com,,,False
aventon-tech.com,,,False
aventonbikes.myshopify.com,Analytics;CDN;Embedded Content;Online Payment,Shopify Inc.,False
avero.jp,,,False
avfcservices.co.uk,,,False
avfsprdcdn.azureedge.net,CDN,Microsoft Corporation,False
avgu9hk.x.incapdns.net,CDN,Imperva Inc.,False
aviasales.com,,,False
avidtrak.com,,Media Flint,False
avionio.com,,,False
avis-verifies.com,,Net Reviews SAS,False
aviva.io,,,False
avln.me,,,False
avlr.net,,,False
avmws.com,,"Dynamic Web Source, Inc.",False
avn.sh,,,False
avo.app,,Avo Software inc.,False
avochato.com,,,False
avoltd.com,,,False
avon.ca,,,False
avplayer.com,,AVPlayer,False
avs.io,,Go Travel Un Limited,False
avsplow.com,,,False
avtm.fr,,,False
avxperten.dk,,,False
awadserver.com,,,False
awaytravel.workers.dev,,,False
awaze.com,,,False
awdeliverynet.com,,,False
aweber-static.com,,"AWEBER SYSTEMS, INC.",False
aweber.com,,"AWEBER SYSTEMS, INC.",False
awefweegfxwergexw.icu,,,False
awempt.com,,DOCLER IP S.A R.L.,False
awin1.com,,Awin AG,False
awltovhc.com,,Conversant LLC,False
awmads.com,,,False
awmcdn.net,,,False
awmplus.com,,,False
awoo.org,,,False
awpya.com,,,False
aws-dockerprod-alb-229197299.us-east-1.elb.amazonaws.com,CDN,"Amazon Technologies, Inc.",False
aws-prod-alb-810449825.ca-central-1.elb.amazonaws.com,CDN,"Amazon Technologies, Inc.",False
aws-us-east-prod-web-assets.s3.amazonaws.com,CDN,"Amazon Technologies, Inc.",False
aws.dev,,"Amazon Technologies, Inc.",False
aws53.cloud,,,False
aws7345678-s3-cc1-p-fonts-001.s3.ca-central-1.amazonaws.com,CDN,"Amazon Technologies, Inc.",False
awsacs-my-wallet-configuration.s3.amazonaws.com,CDN,"Amazon Technologies, Inc.",False
awsapprunner.com,,,False
awscf.net,,,False
awsducati.com,,,False
awsglobalaccelerator.com,,,False
awsmpsa.com,,,False
awssdu.nl,,,False
awsstatic.com,,"Amazon Technologies, Inc.",False
awswaf.com,,"Amazon Technologies, Inc.",False
awsxfinity.akadns.net,CDN,Akamai Technologies,False
awx-app-raine-prd.azurewebsites.net,CDN,Microsoft Corporation,False
ax-msedge.net,,,False
ax4icq-yi.myshopify.com,Analytics;CDN;Embedded Content;Online Payment,Shopify Inc.,False
ax4z.com,,,False
ax5.co,,,False
axelspringer.de,,,False
axept.io,,"Axeptio, Ltd",False
axiom.co,,,False
axiombid.com,,,False
axiostheoria.com,,,False
axis-marketplace.com,,,False
axon-com-files.s3.us-west-2.amazonaws.com,CDN,"Amazon Technologies, Inc.",False
axon-com-static-files.s3.us-west-2.amazonaws.com,CDN,"Amazon Technologies, Inc.",False
axon.ai,,"Axon Enterprise, Inc.",False
axonix.com,,,False
axos.com,,,False
axs.com,,AXS,False
axtrics.com,,,False
ay.delivery,,Assertive Yield B.V.,False
ayads.co,,Sublime Skinz Labs,False
az-cdn.ch,,Lovely Systems GmbH,False
az-jenata.bg,,,False
az.gov,,Arizona Department of Administration,False
azbridal.com,,,False
azcuspubgtmtg.azurewebsites.net,CDN,Microsoft Corporation,False
azds.com,,,False
azerion.com,,,False
azerioncircle.com,,,False
azet.sk,,,False
azgame.io,,,False
azgames.io,,,False
azioncdn.net,,,False
azionedge.com,,,False
azionedge.net,,,False
azira.com,,,False
aznude.com,,,False
azoneto.com,,,False
azonetwork.com,,Ian Birkby,False
azrating.com,,,False
azure-api.net,,Microsoft Corporation,False
azure.com,,Microsoft Corporation,False
azure.us,,,False
azurecontainerapps.io,,,False
azureedge.us,,,False
azurefd.net,CDN,Microsoft Corporation,False
azurefrontdoorpages.azureedge.net,CDN,Microsoft Corporation,False
azuremaps.com,,,False
b-h-q-prod.s3.amazonaws.com,CDN,"Amazon Technologies, Inc.",False
b-ite.com,,,False
b0e8.com,,BrightEdge Technologies Inc.,False
b112j.com,,,False
b18eed6eae.com,,,False
b1img.com,,,False
b1js.com,,,False
b2.shared.global.fastly.net,Action Pixels;Ad Motivated Tracking;Advertising;Analytics;CDN;Embedded Content;Session Replay;Third-Party Analytics Marketing,"Fastly, Inc.",True
b2155914.smushcdn.com,,,False
b24.co,,,False
b26net.com,,,False
b2bjsstore.s3.us-west-2.amazonaws.com,CDN,"Amazon Technologies, Inc.",False
b2bninja.com,,,False
b2c-contenthub.com,,,False
b2c.com,,,False
b2ccdd-e0.myshopify.com,Analytics;CDN;Embedded Content;Online Payment,Shopify Inc.,False
b2clogin.com,,Microsoft Corporation,False
b2pk.com,,,False
b3429773.smushcdn.com,,,False
b3589109.smushcdn.com,,,False
b37mrtl.ru,,,False
b3hhv0k.com,,,False
b3mxnuvcer.com,,,False
b4004964.smushcdn.com,,,False
b4005914.smushcdn.com,,,False
b406929acabac9b095f124c81bdfcf57f.com,,,False
b4410645.smushcdn.com,,,False
b4fbf5-dc.myshopify.com,Analytics;CDN;Embedded Content;Online Payment,Shopify Inc.,False
b540ec-2.myshopify.com,Analytics;CDN;Embedded Content;Online Payment,Shopify Inc.,False
b7510.com,,,False
b7q9v8z.com,,,False
ba-content.de,,,False
babbel.io,,Lesson Nine GmbH,False
babeannex.work,,,False
babestationcams.com,,,False
babiel.com,,,False
bablic.com,,,False
babyartikelmedias.b-cdn.net,CDN,BunnyCDN,False
babygearlab.b-cdn.net,CDN,BunnyCDN,False
babylist.com,,,False
bac-assets.com,,Bank of America Corporation,False
bac-assets.com.edgekey.net,,Akamai Technologies,False
bac.com,,,False
bacanovelcabaca.id,,,False
bacardi.digital,,,False
bacc11.com,,,False
bachmans-integrations.azurewebsites.net,CDN,Microsoft Corporation,False
backblazeb2.com,,,False
backcountry.com.akamaized.net,CDN,Akamai Technologies,False
backend-agency.com,,,False
backintimetoday.com,,,False
backlink.co.id,,,False
backmarket.com,,,False
backslash.ch,,,False
backtension.com,,,False
backtothebible.org,,,False
backupdata.b-cdn.net,CDN,BunnyCDN,False
backyardbossimages.com,,,False
backyardchickensmama.myshopify.com,Analytics;CDN;Embedded Content;Online Payment,Shopify Inc.,False
baconpay.com,,,False
badgerstat.com,,,False
badgerswire.com,,,False
badheadlesspro.wpenginepowered.com,,,False
badlandlispyippee.com,,,False
badoink.com,,,False
badylenicesist.com,,,False
baer-shoes.com,,,False
bagelstudio.co,,,False
baggubags.myshopify.com,Analytics;CDN;Embedded Content;Online Payment,Shopify Inc.,False
bahamabreeze.com,,,False
bahamut.com.tw,,,False
bahn.de,,,False
baidu.com,,"Baidu, Inc.",False
baidustatic.com,,"Baidu, Inc.",False
baifentan.com,,,False
baishan-cloud.net,,,False
balancedbodypilates.myshopify.com,Analytics;CDN;Embedded Content;Online Payment,Shopify Inc.,False
ballarddesigns.com.edgekey.net,,Akamai Technologies,False
ballsbanana.com,,"Leven Labs, Inc. DBA Admiral",False
ballys.com,,,False
bam-x.com,,,False
bamboohr.com,,,False
bambora.com,,,False
bambuser.com,,,False
bambuser.net,,,False
bamgrid.com,,The Walt Disney Company,False
bananastand.io,,,False
bance.jp,,,False
bandarlendir.com,,,False
bandborder.com,,"Leven Labs, Inc. DBA Admiral",False
bandesannonces.re,,,False
bandlab.io,,,False
bandmix.net,,,False
bandsintown.com,,,False
banenrijk.nl,,,False
bang.com,,,False
bangassets.com,,,False
bangcdn.net,,,False
banggood.com.edgekey.net,,Akamai Technologies,False
bangkokpost.co.th,,,False
bangnewsinfo.com,,,False
banhq.com,,,False
bank.in,,,False
bankingbloatedcaptive.com,,,False
bankofamerica.com,,Bank of America Corporation,False
bankrate.com,,"Bankrate, LLC",False
banner-ad-nex.com,,,False
banner-mu-ebon.vercel.app,,,False
bannerbridge.net,,,False
bannercrowd.net,,,False
bannerflow.net,,BannerFlow AB,False
bannerheroes.com,,,False
banners.b-cdn.net,CDN,BunnyCDN,False
bannersnack.com,,,False
bannersolution.net,,,False
bannerwise.io,,,False
banno.com,,,False
banvenez.com.ve,,,False
banyan-app-retail.myshopify.com,Analytics;CDN;Embedded Content;Online Payment,Shopify Inc.,False
banzai.org,,,False
baptistchart.com,,,False
baqend.com,,,False
barchart.com,,Barchart.com Inc,False
barclaycardus.com,,Barclays PLC,False
barclaycardus.com.edgekey.net,,Akamai Technologies,False
bargainhunter.com,,,False
barilliance.com,,Barilliance Systems Ltd.,False
barilliance.net,,Barilliance Ltd,False
barion.com,,,False
barmeniagothaer.de,,,False
barnebys.com,,,False
barnebys.sh,,,False
barnesandnoble.com.edgekey.net,,Akamai Technologies,False
barnstormers.s3-us-west-1.amazonaws.com,CDN,"Amazon Technologies, Inc.",False
baronfunds.com,,,False
barrierefreie-web.de,,,False
barrons.com,,"Dow Jones & Company, Inc.",False
bart.gov,,Bay Area Rapid Transit District (BART),False
bartcons.com,,,False
bartererfaxtingling.com,,,False
base.org,,,False
basecamp-pwa-prod.com,,,False
baselinenetwork.com,,,False
baseui.akamaized.net,CDN,Akamai Technologies,False
basis.net,Action Pixels;Ad Motivated Tracking;Advertising;Analytics,"Centro, Inc.",True
basistheory.com,,,False
basketball-bundesliga.de,,,False
basketbros.io,,,False
basketful.co,,,False
basscentre.myshopify.com,Analytics;CDN;Embedded Content;Online Payment,Shopify Inc.,False
bassettfurniture.com.edgekey.net,,Akamai Technologies,False
basspro.com,,Bass Pro Shops,False
batch.com,,IMEDIAPP SA,False
bathandbodyworks.ca,,,False
battle.net.edgesuite.net,CDN,Akamai Technologies,False
battlestarpegasus.com,,,False
bauerhosting.com,,,False
bauermedia.co.uk,,,False
bauersecure.com,,Bauer Systems KG,False
bawdybalance.com,,"Leven Labs, Inc. DBA Admiral",False
bax-shop.nl,,,False
bayard.io,,Bayard,False
bayengage.com,,,False
bazaarvoice.com,Action Pixels;Ad Motivated Tracking;Advertising;Analytics;Audience Measurement;Embedded Content;Third-Party Analytics Marketing,Marlin Equity Partners,True
bazr.ru,,,False
bb-prod-marketing-image.s3.amazonaws.com,CDN,"Amazon Technologies, Inc.",False
bbassets.com,,,False
bbb.org,Badge,Council of Better Business Bureaus,False
bbbprograms.org,,,False
bbc.co.uk,,British Broadcasting Corporation,False
bbci.co.uk,,British Broadcasting Corporation,False
bbcverticals.com,,,False
bbdclients.net,,,False
bbimages.eu,,,False
bblcdn.com,,,False
bblivecams.com,,,False
bblmw.com,,,False
bblops.com,,,False
bbqdepot.com,,,False
bbqguys.com.edgekey.net,,Akamai Technologies,False
bbqguysevent.azurewebsites.net,CDN,Microsoft Corporation,False
bbrdbr.com,,,False
bbt.com.edgekey.net,,Akamai Technologies,False
bbthat.com,,Bloomberg L.P.,False
bbus-static.com,,,False
bbvms.com,,,False
bbystatic.com.edgekey.net,,Akamai Technologies,False
bc-pay.nl,,,False
bc-solutions.net,,,False
bc0a.com,,BrightEdge Technologies Inc.,False
bcassetcdn.com,,,False
bcbsnc.com,,,False
bcccdn.com,,,False
bcdn.jp,,,False
bcdnx.com,,,False
bcebos.com,,"Baidu, Inc.",False
bcg.com.edgekey.net,,Akamai Technologies,False
bcimg.b-cdn.net,CDN,BunnyCDN,False
bclaws.ca,,Queen's Printer of BC,False
bcmedia.b-cdn.net,CDN,BunnyCDN,False
bcn.cat,,,False
bcovery.com,,,False
bcpassets-staging.s3.amazonaws.com,CDN,"Amazon Technologies, Inc.",False
bctn-sao.s3.amazonaws.com,CDN,"Amazon Technologies, Inc.",False
bctn-vi.s3.amazonaws.com,CDN,"Amazon Technologies, Inc.",False
bcvcdn.com,,,False
bcwat.com,,,False
bcwildfireservices.com,,,False
bd.com,,"Becton, Dickinson and Company",False
bdbphotos.com,,,False
bddiesel.com,,,False
bdg.com,,,False
bdimg.com,,"Baidu, Inc.",False
bdo.global,,,False
bdocodex.com,,,False
bdolytics.com,,,False
bdsmstreak.com,,,False
bdstatic.com,,"Baidu, Inc.",False
bdydns.com,,,False
be.edgekey.net,,Akamai Technologies,False
beachatlas.s3.us-east-2.amazonaws.com,CDN,"Amazon Technologies, Inc.",False
beacons.ai,,,False
beallsinc.com,,,False
beamimpact.com,,,False
beamsuntory.com,,,False
beamvolcano.com,,"Leven Labs, Inc. DBA Admiral",False
bearstech.com,,,False
bearswire.com,,,False
beautycircle.com,,Perfect Corp.,False
beautytocare.com,,,False
beba.st,,,False
bebasads.com,,,False
bec962-7c.myshopify.com,Analytics;CDN;Embedded Content;Online Payment,Shopify Inc.,False
because-scripts.s3.us-east-2.amazonaws.com,CDN,"Amazon Technologies, Inc.",False
becdn.net,,,False
beck-shop.de,,Verlag C.H. Beck oHG,False
beckhoff-web-services.com,,,False
beda.systems,,,False
bedore.jp,,PKSHA Technology Inc.,False
bedpage.b-cdn.net,CDN,BunnyCDN,False
bedrock.tech,,,False
bedrockplatform.bid,,,False
bedsberry.com,,"Leven Labs, Inc. DBA Admiral",False
bee-flame.com,,,False
bee-link.myshopify.com,Analytics;CDN;Embedded Content;Online Payment,Shopify Inc.,False
beeapp.me,,,False
beeftransmission.com,,,False
beeg.porn,,,False
beehiiv-adnetwork-production.s3.amazonaws.com,CDN,"Amazon Technologies, Inc.",False
beehiiv-images-production.s3.amazonaws.com,CDN,"Amazon Technologies, Inc.",False
beehiiv.com,,,False
beeketing.com,,,False
beeline.ru,,PJSC Vympelcom,False
beelineconnect.com,,,False
beeroot.io,,,False
beesender.com,,,False
begenuin.com,,,False
begmedia.com,,,False
behamics.com,,,False
behold.so,,,False
beiersdorf.com,,,False
belastingdienst.nl,,Belastingdienst Centrum voor Infrastructuur en Exploitatie,False
belco.io,,Forwarder B.V.,False
belimitless-app.io,,,False
belkapp.com,,,False
bell.ca,,BCE Inc.,False
bellamacho.com,,,False
bellum.ai,,,False
belris.nl,,,False
belvionetta.com,,,False
bemove.fr,,,False
bemyback.com,,,False
bemyhole.cam,,,False
benalman.com,,,False
benchmade-prod.myshopify.com,Analytics;CDN;Embedded Content;Online Payment,Shopify Inc.,False
benchmark.ai,,,False
benchmarkemail.com,,"Benchmark Internet Group,LLC",False
benchplatform.com,,Benchmarketing,False
bendingspoons.com,,Bending Spoons S.p.A.,False
benelph.de,,,False
bengalswire.com,,,False
bengo4.com.edgesuite.net,CDN,Akamai Technologies,False
benjaminmoore.com.edgekey.net,,Akamai Technologies,False
benq.com,,BenQ Corporation,False
bentleymedia.com,,,False
bentonow.com,,,False
beoecomapimtm.trafficmanager.net,CDN,Microsoft Corporation,False
beoecomtagserverwawe.azurewebsites.net,CDN,Microsoft Corporation,False
beop.io,,,False
beopinion.com,,ARTHUR MEDIA GROUP (ADMIN),False
bepress.com,,Berkeley Electronic Press,False
bergfex.at,,bergfex GmbH,False
berlingskemedia.net,,,False
bershka.net,,,False
besafe.global,,DoubleVerify,False
bescore.com,,,False
beslist.net,,,False
beslist.nl,,,False
bespokelabs.co,,,False
bespoketechnologies.net,,"MyLocker.com, LLC",False
bestads.com,,,False
bestboundary.com,,"Leven Labs, Inc. DBA Admiral",False
bestbuy.com,,"Best Buy Co, Inc.",False
bestchat.com,,,False
bestchineseproducts.com,,,False
bestcontentcost.top,,,False
bestcontentfare.top,,,False
bestcontentfood.top,,,False
bestcontentfund.top,,,False
bestcontentsale.top,,,False
bestcontentsite.top,,,False
bestcontentsystem.top,,,False
bestcontentwork.top,,,False
bestcountryfm.com,,,False
bestdecoders.com,,,False
besteleads.nl,,,False
bestereistijd.nl,,,False
bestfansmodels.com,,,False
bestfreecdn.com,,,False
bestfulfill.com,,,False
bestinterstatemoving.com,,,False
bestofluck.io,,,False
bestssp.com,,,False
bet-links.com,,,False
bet.br,,,False
bet6.com.br,,,False
beta-nhs-static-secure.akamaized.net,CDN,Akamai Technologies,False
beta.gouv.fr,,,False
betamountwo.com,,,False
betrad.com,Ad Motivated Tracking;Analytics;Third-Party Analytics Marketing,Crownpeak Technology,True
betria.com,,,False
better-replay.com,,,False
betteradsystem.com,,,False
betterimpactcdn.com,,,False
betterlaunch.co,,,False
betterlives.info,,,False
bettermode.com,,,False
betterplace.org,,,False
betterstack.com,,,False
betterstack.net,,,False
betterstackdata.com,,,False
betteruptime.com,,,False
betts1892.myshopify.com,Analytics;CDN;Embedded Content;Online Payment,Shopify Inc.,False
betwayafrica.com,,,False
betweendigital.com,Ad Motivated Tracking;Advertising,SSP Network Ltd,True
betweensessionsstage.com,,,False
beusable.net,,Park taejoon,False
bevisible.com,,,False
bevycommerce.com,,,False
beyable.com,,,False
beyond-meat-cms-production.s3.us-west-2.amazonaws.com,CDN,"Amazon Technologies, Inc.",False
beyondpricing.com,,,False
beyondretail.co.uk,,,False
beyondwords.io,,BeyondWords,False
bf-ad.net,,BurdaForward GmbH,False
bf-cname-adsrv.net,,,False
bf-tools.net,,BurdaForward GmbH,False
bf92httpssmall.edgekey.net,,Akamai Technologies,False
bfgcdn.com,,Bergfreunde GmbH,False
bfldr.com,,Smartsheet Inc.,False
bflysoft.com,,,False
bfmio.com,Action Pixels;Ad Motivated Tracking;Advertising;Third-Party Analytics Marketing,Beachfront Media LLC,True
bfncdn.net,,,False
bga.li,,,False
bgicdn.com,,,False
bglobale.com,,,False
bgonair.bg,,,False
bgstatic.com,,,False
bhashini.co.in,,,False
bhaskarapi.com,,,False
bhaskarassets.com,,,False
bhf-cdn.azureedge.net,CDN,Microsoft Corporation,False
bhl-application-alb-1738287327.us-east-1.elb.amazonaws.com,CDN,"Amazon Technologies, Inc.",False
bhphoto.com,,B&H Photo,False
bhphotovideo.com,,B&H Photo,False
bhq-1427355229.us-west-2.elb.amazonaws.com,CDN,"Amazon Technologies, Inc.",False
bhv-analytics-prd-1854775698.us-east-1.elb.amazonaws.com,CDN,"Amazon Technologies, Inc.",False
bi-dmd-933997331.ap-southeast-1.elb.amazonaws.com,CDN,"Amazon Technologies, Inc.",False
bi-flogger-alb-ext-343643057.us-east-1.elb.amazonaws.com,CDN,"Amazon Technologies, Inc.",False
bi-instatag.com,,,False
bibblio.org,,mads holmen,False
bible-analysis.ghost.io,,,False
biblegateway.com,,The Zondervan Corporation L.L.C,False
biblehub.com,,,False
bibliocms.com,,Oracle + Dyn,False
bibliocommons.com,,Bibliocommons Inc.,False
bibliolive.com,,,False
bibliotheek.nl,,,False
bidberry.net,,,False
bidcliq.com,,,False
bidderstack.com,,,False
biddertmz.com,,,False
bidence.net,,Bidence Corp,False
bidfluence.com,,,False
bidgear.com,,,False
bidgx.com,,,False
bidmatic.io,,,False
bidpapers.com,,,False
bidr.io,Ad Motivated Tracking;Advertising,Beeswax,True
bids.ws,,,False
bidster.net,,,False
bidstreamserver.com,,,False
bidswitch.net,Ad Fraud;Ad Motivated Tracking;Advertising,IPONWEB GmbH,True
bidsxchange.com,,,False
bidsystem.ai,,,False
bidtheatre.com,,BidTheatre AB,False
bidvol.com,,,False
big-skins.com,,,False
big7.com,,,False
bigapis.net,,,False
bigblueprod-fast-tags.web.app,,Google LLC,False
bigboxads.com,,,False
bigbrain.gg,,,False
bigbrain.me,,,False
bigc-apps.com,,,False
bigcommerce-apps.s3.amazonaws.com,CDN,"Amazon Technologies, Inc.",False
bigcommerce-avalara-tax-exempt-self-service.com,,,False
bigcommerce-hello-prod.herokuapp.com,CDN,"Salesforce.com, Inc.",False
bigcommerce.com,,Bigcommerce Pty Ltd,False
bigcontent.io,,XXXLutz KG,False
bigcrunch.com,,,False
bigdatacloud.net,,,False
bigidcmp.cloud,,,False
bigkr.com,,,False
biglietteria.ch,,Giorgetti Gianni,False
bigmarker.com,,,False
bigolive.tv,,,False
bigpenisguide.com,,,False
bigpost.com.au,,,False
bigpress.net,,,False
bigscoots-staging.com,,,False
bigscoots.com,,,False
bigscreenimages.com,,,False
bigshoptoken.com,,,False
bigsur.ai,,,False
bik.gov.tr,,,False
bikayi.app,,,False
bike-x.de,,,False
bike24.com,,Bike24 GmbH,False
bike24.com.edgesuite.net,CDN,Akamai Technologies,False
bikematrix.io,,,False
bikesonline-us.myshopify.com,Analytics;CDN;Embedded Content;Online Payment,Shopify Inc.,False
bikestreets.com,,,False
bikinfo.co,,,False
bil.su,,,False
bilder-a.akamaihd.net,CDN,Akamai Technologies,False
bildirt.com,,,False
bildung-rp.de,,,False
bilgin.pro,,,False
bilibili.com,,BiliBili Inc.,False
bilicdn1.com,,,False
bilicdn2.com,,,False
bill.com,,,False
billabong-au.myshopify.com,Analytics;CDN;Embedded Content;Online Payment,Shopify Inc.,False
billiger.com,,solute GmbH,False
billtrack50.com,,,False
billygrace.com,,,False
billypx.com,,,False
biltema.com,,,False
biltrewards.com,,,False
bily.chat,,,False
bimappweb.com,,,False
bimmerpost.com,,,False
bimsmith.com,,,False
binance.com,,Binance Holdings Ltd.,False
binance.info,,Binance Holdings Ltd.,False
bing.com,Action Pixels;Ad Fraud;Ad Motivated Tracking;Advertising;Embedded Content,Microsoft Corporation,True
bing.net,,Microsoft Corporation,False
bingparachute.com,,,False
bingping.net,,,False
bingshoppingtool-t2app-prod.trafficmanager.net,CDN,Microsoft Corporation,False
bingshoppingtoolshopifyapp-prod.trafficmanager.net,CDN,Microsoft Corporation,False
binqmedia.nl,,,False
binsiad.com,,,False
bio-rad.com.edgekey.net,,Akamai Technologies,False
biopharmworld.com,,,False
bioz.com,,,False
birch.events,,,False
birchub.events,,,False
bird.com,,,False
birdeatsbug.com,,,False
birdeye.com,,,False
birdguides-cdn.com,,,False
birdie.so,,,False
birdingtop500.com,,,False
birdsend.co,,,False
birdsend.net,,,False
birdseyepost.com,,,False
birdsflying.biz,,,False
birkenstock.com.edgekey.net,,Akamai Technologies,False
birminghammail.co.uk,,Reach plc,False
biskoui.ch,,,False
biskoui.com,,,False
bisniskini.biz.id,,,False
bisnow.net,,,False
bisonline.com,,,False
bit.ly,,"Bitly, Inc.",False
bitban.com,,,False
bitbybit.studio,,,False
bitent.com,,,False
bitformations.ca,,,False
bitgravity.com,,,False
bitly.com,,"Bitly, Inc.",False
bitmovin.com,,bitmovin GmbH,False
bitninja.io,,,False
bitpay.com,,"BitPay, Inc.",False
bitraser.com,,,False
bitrix.info,,Bitrix Ltd.,False
bitroot.ca,,,False
bitrue-sensors-upload-all-1433410751.ap-southeast-1.elb.amazonaws.com,CDN,"Amazon Technologies, Inc.",False
bitruedevops.link,,,False
bitsighttech.com,,,False
bitstudio.ai,,,False
bitterbrains.com,,,False
bitwig.net,,,False
bitwiseshiftleft.github.io,CDN;Non-Tracking,"GitHub, Inc.",False
bixgrow.com,,,False
bizarreancientmine.com,,,False
bizclikmedia.net,,,False
bizible.com,,Adobe Inc.,False
bizibly.com,,Adobe Inc.,False
bizographics.com,Action Pixels;Ad Motivated Tracking;Analytics;Audience Measurement,Microsoft Corporation,True
bizrate.com,Action Pixels;Ad Motivated Tracking;Advertising;Analytics;Audience Measurement;Embedded Content;Third-Party Analytics Marketing,"Synapse Group, Inc.",True
bizratesurveys.com,,,False
bizris.com,,,False
bizspring.net,,BizSpring Inc.,False
bizzmedia.ca,,,False
bjbebq-x1.myshopify.com,Analytics;CDN;Embedded Content;Online Payment,Shopify Inc.,False
bkcdn.net,,,False
bkrtx.com,Ad Motivated Tracking;Advertising;Analytics;Audience Measurement;Third-Party Analytics Marketing,Oracle Corporation,True
bksh.co,,,False
bkstr.com.edgekey.net,,Akamai Technologies,False
bl6prem.azureedge.net,CDN,Microsoft Corporation,False
blablacar.com,,Comuto SA,False
black-rock-coffee.myshopify.com,Analytics;CDN;Embedded Content;Online Payment,Shopify Inc.,False
black4k.com,,,False
blackanddecker-prod.myshopify.com,Analytics;CDN;Embedded Content;Online Payment,Shopify Inc.,False
blackbaud.com,,,False
blackbaud.net,,,False
blackbelthelp.com,,,False
blackbookinformation.com,,Veretech,False
blackcrow.ai,,"Black Crow AI, Inc",False
blackenterprise-prod.b-cdn.net,CDN,BunnyCDN,False
blackfire.io,,,False
blackhawknetwork.com,,"Blackhawk Network Holdings, Inc.",False
blacklemon.dk,,,False
blackpepper-prod.myshopify.com,Analytics;CDN;Embedded Content;Online Payment,Shopify Inc.,False
blackrock.com.edgekey.net,,Akamai Technologies,False
blaklader.com,,,False
blastmedia.site,,,False
blazingcdn.com,,,False
blazingcdn.net,,,False
blazingserver.net,,,False
blcklytcs.com,,,False
bldup.net,,,False
blend-ai.com,,,False
blend.com,,,False
blend.travel,,,False
blendee.com,,,False
blessifyinfotech.com,,,False
blickinsbuch.de,,,False
bliink.io,,,False
blindsgalore.com.edgekey.net,,Akamai Technologies,False
blink-script.com,,,False
blink.codes,,,False
blink.net,,,False
blirtonethe.com,,,False
blis.com,,Blis Global Ltd,False
blismedia.com,Ad Fraud;Ad Motivated Tracking;Advertising;Analytics;Audience Measurement;Third-Party Analytics Marketing,Blis Global Ltd,True
blisspointmedia.com,,Bliss Point Media,False
blitzcampaigns.com,,,False
blivenyc.com,,Spheracode,False
block4d.com,,,False
blockadsnot.com,,,False
blockboardtech.com,,,False
blockifyapp.com,,,False
blockmarktech.com,,,False
blockonomics.co,,,False
blockrenovation.com,,,False
blocky-app.com,,,False
blog.google,,Google LLC,False
blogblog.com,,Google LLC,False
blogcms.jp,,,False
blogger.com,CDN;Embedded Content;Social - Share,Google LLC,False
bloggerei.de,,,False
bloggportalen.se,,,False
blogherads.com,,"BlogHer, Inc.",False
blogimg.jp,,Naver Corporation,False
blogsys.jp,,Naver Corporation,False
blokid.com,,,False
bloom.pro,,,False
bloomanalytics.io,,,False
bloomberga.com,,,False
bloomerang.co,,,False
bloomingdales.com,,"Macy's Systems and Technology, Inc.",False
bloomingdales.com.edgekey.net,,Akamai Technologies,False
bloomingdalesassets.com,,,False
bloomreach.cloud,,,False
bloomreach.co,,,False
bloomreach.com,,"Bloomreach, Inc.",False
bloomreach.io,,,False
bloople.net,,,False
bloqlabs.site,,,False
blox-custom-resources.s3.amazonaws.com,CDN,"Amazon Technologies, Inc.",False
bloy.io,,,False
blozoo.info,,,False
blrankings.com,,,False
blrd.me,,,False
blubrry.com,,RawVoice,False
blue-skyjs.org,,,False
bluebarry.ai,,,False
bluebillywig.com,,Blue Billywig bv,False
bluecava.com,Ad Fraud;Ad Motivated Tracking;Analytics;Audience Measurement,ALC,True
blueconic.net,Action Pixels;Ad Motivated Tracking;Advertising;Analytics;Third-Party Analytics Marketing,"BlueConic, Inc.",True
bluecore.app,,,False
bluecore.com,,Bluecore Inc.,False
bluecrossma.com,,,False
blueedgetechno.github.io,CDN;Non-Tracking,"GitHub, Inc.",False
bluekai.com,Ad Motivated Tracking;Advertising;Analytics;Audience Measurement,Oracle Corporation,True
blueknow.com,,Blueknow S.L.,False
bluelandhome.myshopify.com,Analytics;CDN;Embedded Content;Online Payment,Shopify Inc.,False
bluelena.io,,,False
bluelightcard.co.uk,,,False
bluemediagroup.cn,,,False
bluenile.com.edgekey.net,,Akamai Technologies,False
blueox.s3.amazonaws.com,CDN,"Amazon Technologies, Inc.",False
blueport.com,,"Blueport Commerce (Furniture.com, Inc)",False
blueprint-bryanjohnson.myshopify.com,Analytics;CDN;Embedded Content;Online Payment,Shopify Inc.,False
bluerewards.ca,,,False
bluesnap.com,,BlueSnap Inc,False
bluespace-dev.myshopify.com,Analytics;CDN;Embedded Content;Online Payment,Shopify Inc.,False
bluespringhq.com,,,False
bluestack-error-pages.s3.amazonaws.com,CDN,"Amazon Technologies, Inc.",False
bluetracktor.com,,,False
bluetrafficstream.com,,,False
bluewhaleresearch.com,,,False
blumedia.com,,,False
blurbreimbursetrombone.com,,,False
blurred-prod-596508864.us-west-2.elb.amazonaws.com,CDN,"Amazon Technologies, Inc.",False
blutonic.net,,,False
bluum.de,,,False
bly.ch,,,False
blz-contentstack-assets.akamaized.net,CDN,Akamai Technologies,False
blz-contentstack-images.akamaized.net,CDN,Akamai Technologies,False
blz-contentstack.com,,,False
blzmedia-a.akamaihd.net,CDN,Akamai Technologies,False
blznav.akamaized.net,CDN,Akamai Technologies,False
bm-byggebolig-maestro.azurewebsites.net,CDN,Microsoft Corporation,False
bmcdn7.com,,,False
bmg360.com,,,False
bmo-alb-2119258371.us-east-1.elb.amazonaws.com,CDN,"Amazon Technologies, Inc.",False
bmo.com,,Bank of Montreal,False
bmo.com.edgekey.net,,Akamai Technologies,False
bmtrcs.com,,,False
bmw.cloud,,,False
bmw.com,,Bayerische Motoren Werke AG,False
bnb-prod-1735480540.us-east-2.elb.amazonaws.com,CDN,"Amazon Technologies, Inc.",False
bnbfree.app,,,False
bnc.ca,,Banque Nationale du Canada,False
bnea.io,,,False
bnetcmsus-a.akamaihd.net,CDN,Akamai Technologies,False
bnetstorefront.akamaized.net,CDN,Akamai Technologies,False
bnfcl.io,,,False
bngdin.com,,,False
bngprm.com,,,False
bngpt.com,,BongaCams,False
bngtrak.com,,,False
bngwlt.com,,,False
bnpparibas.net,,BNP PARIBAS SA,False
bns.ovh,,,False
bny.com,,,False
bo3.no,,,False
board.support,,,False
boardgamearena.net,,,False
boards-and-more.com,,,False
boatchat.com,,,False
boatsail.b-cdn.net,CDN,BunnyCDN,False
boatsgroup.com,,,False
boatzon.com,,,False
bobsleddomesticglandular.com,,,False
bobtv.info,,,False
bodascdn.edgekey.net,,Akamai Technologies,False
bodhi.is,,,False
bodi.com,,,False
bodycandy-2.myshopify.com,Analytics;CDN;Embedded Content;Online Payment,Shopify Inc.,False
boersenmedien.com,,,False
bogos.io,,,False
boi-public-assets.s3-eu-west-1.amazonaws.com,CDN,"Amazon Technologies, Inc.",False
boiledegglabs.com,,,False
bokep.porn,,,False
bokep.work,,,False
bokepbocil.com.de,,,False
bokepbox.tv,,,False
bokepcrot.singles,,,False
bokepindoku.site,,,False
bokepindon.rest,,,False
bokepindotv.com,,,False
boktimg.nl,,,False
bol.com,,Koninklijke Ahold Delhaize N.V.,False
boldapps.net,,,False
boldcommerce.com,,,False
boldmetrics.io,,,False
bolist.se,,,False
bollyocean.com,,,False
bollywoodlife.com.edgesuite.net,CDN,Akamai Technologies,False
bolt.com,,"Bolt Financial, Inc.",False
boltdns.net,,"Brightcove, Inc.",False
bolttk.com,,,False
bonad.io,,AB Dagens Nyheter,False
bonbon.tech,,,False
bondsaustralia.com,,,False
bongacams.com,,BongaCams,False
bongacams10.com,,,False
bonial.biz,,,False
bonial.global,,,False
bonmarche.co.uk,,,False
bonneville.cloud,,,False
bonneville.com,,,False
bonnier-mailpicture.com,,,False
bonnier.cloud,,,False
bonniernews.map.fastly.net,Action Pixels;Ad Motivated Tracking;Advertising;Analytics;CDN;Embedded Content;Session Replay;Third-Party Analytics Marketing,"Fastly, Inc.",True
bonniernews.se,,,False
bonnierpublications.com,,,False
bonprix.com,,,False
bonprix.net,,,False
bonuscake.ru,,,False
bonzai.co,,,False
boobyday.b-cdn.net,CDN,BunnyCDN,False
boody-australia.myshopify.com,Analytics;CDN;Embedded Content;Online Payment,Shopify Inc.,False
boodywearuk.myshopify.com,Analytics;CDN;Embedded Content;Online Payment,Shopify Inc.,False
boohoo.com,,,False
book2look.com,,,False
bookdirect.net,,JackRabbit Systems,False
bookeasy.com.au,,,False
bookerz.nl,,,False
booketing.com,,,False
bookfinity.com,,,False
bookibud.com,,,False
booking.com,,Booking.com B.V.,False
bookmanager.com,,,False
bookmebob.com,,,False
bookmsg.com,,,False
bookpdfdoc.info,,,False
bookripe.com,,,False
booksellers.ca,,,False
bookshop.org,,,False
bookthatapp.com,,,False
bookweb.org,,,False
boom-it.nl,,,False
boomchatweb.com,,,False
boomplaymusic.com,,,False
boomtrain.com,,Zeta Global,False
boomtrain.net,,,False
boost-files-general-us-east-2-prod.s3-us-east-2.amazonaws.com,CDN,"Amazon Technologies, Inc.",False
boost.ai,,,False
boost.shop,,,False
boostcommerce.io,,,False
boostertheme.co,,,False
boostifytheme.com,,,False
boostintegrated.com,,,False
boostlink.site,,,False
boostymark.com,,,False
bootcdn.net,,Bootstrap Chinese website,False
bootcss.com,,Bootstrap Chinese website,False
bootstrapcdn.com,CDN,"StackPath, LLC",False
booxi.com,,,False
booxi.eu,,,False
booztcdn.com,,Boozt Fashion AB,False
bopako.com,,,False
bordertraffic.com,,,False
boredpanda.bio,,,False
boredtrashpanda.com,,,False
boreus.de,,,False
bosa.be,,,False
bosch.tech,,,False
bose.ca,,,False
bose.com.au,,,False
bosecreative.com,,,False
bossapps.co,,,False
boston.gov,,City of Boston,False
bostonproper.myshopify.com,Analytics;CDN;Embedded Content;Online Payment,Shopify Inc.,False
botario.com,,,False
botbucket.de,,,False
botframework.com,,Microsoft Corporation,False
botfriendsx.com,,,False
botmaker.com,,,False
botman.ninja,,,False
botmind.ai,,,False
botmind.io,,,False
botndm.nl,,,False
botnot.io,,,False
botpress.cloud,,,False
botrev.com,,,False
botsonic.ai,,,False
botsonic.com,,,False
botsonic.s3.amazonaws.com,CDN,"Amazon Technologies, Inc.",False
botsrv2.com,,,False
botwafguard.net,,,False
bounce-commerce.de,,,False
bounceexchange.com,Action Pixels;Ad Motivated Tracking;Advertising;Analytics;Audience Measurement,Bounce Exchange,True
bouncex.net,,Bounce Exchange,False
boundless.b-cdn.net,CDN,BunnyCDN,False
boursier.com.edgekey.net,,Akamai Technologies,False
boursobank.com,,,False
boursorama.com,,Boursorama SA,False
boutiq.app,,,False
boutique-dalloz.fr,,,False
bouyguestelecom.fr,,Bouygues S.A.,False
bovada.lv,,,False
bowencraggs.com,,,False
bowling-images.b-cdn.net,CDN,BunnyCDN,False
box.com,,"Box, Inc.",False
boxcast.com,,,False
boxcloud.com,,,False
boxever.com,,Boxever Limited,False
boxx.ai,,,False
boxypluckunrelated.com,,,False
bp-cdn.net,,,False
bp.blogspot.com,CDN;Embedded Content;Social - Share,Google LLC,False
bp5os9q.x.incapdns.net,CDN,Imperva Inc.,False
bpaws.b-cdn.net,CDN,BunnyCDN,False
bplslb.com,,,False
bppb.link,,,False
bqstreamer.com,,,False
br.de,,Bayerischer Rundfunk,False
br.edgekey.net,,Akamai Technologies,False
br.edgesuite.net,CDN,Akamai Technologies,False
brabantalert.nl,,,False
braceletbookcdn.com,,,False
brack.ch,,Competec Holding AG,False
bracketfights.com,,,False
brainlyads.com,,"Next Millennium Media, Inc.",False
brainlycom.eu.org,,,False
brainsland.com,,,False
braintree-api.com,,"PayPal, Inc.",False
braintreegateway.com,,"PayPal, Inc.",False
branch.io,Advertising;Analytics;Audience Measurement;Third-Party Analytics Marketing,"Branch Metrics, Inc.",True
branchly.io,,,False
brand-display.com,,Knorex Pte. Ltd.,False
brand.abb,,,False
brandadvance.co.uk,,,False
brandcdn.com,,,False
branderblender.com,,,False
brandfolder.com,,Smartsheet Inc.,False
brandify.com,,,False
brandimi.com,,,False
branding-element.com,,,False
branding-resources.s3.ap-south-1.amazonaws.com,CDN,"Amazon Technologies, Inc.",False
brandlock.io,,Dheera Media,False
brandmaster.com,,,False
brandmetrics.com,,Brandmetrics,False
brandswap.com,,,False
branson.com,,,False
brauz-lskd-fis-fe.pages.dev,,,False
braveglobal.tv,,,False
bravotv.com.edgekey.net,,Akamai Technologies,False
braze-images.com,,"Braze, Inc.",False
braze.com,,"Braze, Inc.",False
braze.eu,,"Braze, Inc.",False
brcdn.com,,"Bloomreach, Inc.",False
brdmedia.com,,,False
brdteengal.com,,,False
breachbuttonanguish.com,,,False
breadfinancial.com,,,False
breadgateway.net,,,False
breadpayments.com,,,False
brealtime.com,Ad Motivated Tracking;Advertising;Analytics;Audience Measurement,"EMX Digital, LLC",True
brecksbulbs.ca,,,False
breezebrowsing.com,,,False
breinify.com,,Breinify Inc.,False
breuni.de,,,False
breville.com,,Breville Pty Limited,False
brevo.com,,,False
brgm.fr,,,False
bricks-co.com,,,False
bricksearch.app,,,False
brid.tv,,,False
bridged.media,,,False
bridgestoneresources.com,,,False
bridgewell.com,,,False
brief.news,,,False
brightchat.com,,,False
brightchat.org,,,False
brightcove.com,Advertising;Analytics;CDN;Embedded Content,"Brightcove, Inc.",True
brightcove.net,Advertising;Analytics;CDN;Embedded Content,"Brightcove, Inc.",True
brightcovecdn.com,CDN,"Brightcove, Inc.",False
brighteon.com,,,False
brighteon.io,,,False
brightfunnel.com,,BrightFunnel,False
brightidiots.com,,,False
brightline.tv,,BrightLine Partners LLC,False
brightpattern.com,,"Bright Pattern, Inc",False
brightspace.com,,,False
brightspot.cloud,,,False
brightspotcdn.com,,Perfect Sense Operations,False
brighttoe.com,,,False
brilliantchap.com,,,False
brilliantcollector.com,,"Acoustic, L.P.",False
brilliantlocco.com,,,False
bringads.ru,,,False
bringatrailer.com,,"Bring A Trailer Media, LLC",False
briquettwasome.qpon,,,False
briskeagle.io,,,False
briskpelican.io,,,False
brnstc.de,,,False
broadbandy.net,,,False
broadcast.events,,,False
broadcastapp.no,,,False
broadcaststation.net,,,False
broadcom.com,,Broadcom Inc.,False
broadstreet-common.s3.amazonaws.com,CDN,"Amazon Technologies, Inc.",False
broadstreet.ai,,,False
broadstreet.b-cdn.net,CDN,BunnyCDN,False
broadstreet.workers.dev,,,False
broadstreetads.com,,"Broadstreet Ads, Inc",False
brocdn.xyz,,,False
brokestraightboys.com,,,False
broncoswire.com,,,False
bronto.com,Action Pixels;Ad Motivated Tracking;Advertising;Analytics;Audience Measurement;Embedded Content;Third-Party Analytics Marketing,Oracle Corporation,True
brookdalewebapp.com,,,False
brooklinen2.myshopify.com,Analytics;CDN;Embedded Content;Online Payment,Shopify Inc.,False
brooklynbeach.nl,,,False
brooklynse.net,,"THE ENDURANCE INTERNATIONAL GROUP, INC.",False
brother.com.edgekey.net,,Akamai Technologies,False
brownboots.com,,,False
brownells.com,,,False
browsealoud.com,,,False
browsecoherentunrefined.com,,,False
browser-intake-ap2-datadoghq.com,,,False
browser-intake-datadoghq.com,,"Datadog, Inc.",False
browser-intake-datadoghq.eu,,"Datadog, Inc.",False
browser-intake-ddog-gov.com,,,False
browser-intake-us3-datadoghq.com,,,False
browser-intake-us5-datadoghq.com,,"Datadog, Inc.",False
browser-update.org,Badge;Embedded Content,Browser Update,False
browserstack.wpenginepowered.com,,,False
browsify.net,,,False
browsiprod.com,,Browsi Mobile LLC,False
brpdealermarketing.azureedge.net,CDN,Microsoft Corporation,False
brsimg-com.akadns.net,CDN,Akamai Technologies,False
brsimg.com,,Boursorama SA,False
brsrvr.com,,"Bloomreach, Inc.",False
bruneau.media,,,False
bruns.dev,,,False
brxcdn.com,,"Bloomreach, Inc.",False
brytecore.com,,,False
bryter.io,,,False
brznetwork.com,,,False
bs-adserver.b-cdn.net,CDN,BunnyCDN,False
bsc-young-boys.myshopify.com,Analytics;CDN;Embedded Content;Online Payment,Shopify Inc.,False
bsclink.cn,,,False
bsgslb.com,,,False
bsky.app,,,False
bsmartdata.com,,,False
bss-solutions.nl,,,False
bsscommerce.com,,,False
bstarstatic.com,,,False
bstatic.com,,Booking.com B.V.,False
bstats.nl,,,False
bstwuni.io,,,False
bswapi.com,,,False
bswsites.com,,,False
bsyrimw.xyz,,,False
bt-assets.azureedge.net,CDN,Microsoft Corporation,False
bt.no,,,False
btcc.tw,,,False
btcccdn.com,,,False
btgpactual.com,,,False
btloader.com,,Blockthrough Inc.,False
btloginc.com,,,False
btmessage.com,,,False
btncdn.com,,,False
btol.com,,"Baker & Taylor, Inc.",False
btrll.com,,Yahoo Inc.,False
btrlnk.co,,,False
btsgtm.com,,,False
btstatic.com,Action Pixels;Ad Motivated Tracking;Advertising;Analytics;Third-Party Analytics Marketing,TransUnion LLC,True
bttn.io,,"Button, Inc.",False
bttrack.com,Ad Fraud;Ad Motivated Tracking;Advertising;Analytics;Embedded Content,"Bidtellect, Inc",True
btttag.com,,Blue Triangle Technologies,False
btvtech.co,,,False
buballmighty.com,,,False
bubbi.ai,,,False
bubble-chat.ch,,,False
bubble.io,,,False
bubbleup.com,,,False
bubbleup.net,,"BubbleUp, Ltd.",False
buchhandelswelt.de,,,False
buckaroo.nl,,,False
buddyrc.myshopify.com,Analytics;CDN;Embedded Content;Online Payment,Shopify Inc.,False
bufferapp.com,,Buffer Inc.,False
bugherd.com,,,False
bugleczmoidgxo.com,,,False
buglog.com,,,False
bugsnag.com,,Bugsnag Inc.,False
buhidoh.net,,,False
buick.com.edgekey.net,,Akamai Technologies,False
builder.codes,,,False
builder.io,,,False
buildwithtoki.com,,,False
bukuro-boin.com,,,False
bulder.no,,,False
bulderbank.tech,,,False
buleporn.com,,,False
bulksupplements.myshopify.com,Analytics;CDN;Embedded Content;Online Payment,Shopify Inc.,False
bullion.media,,James Robinson,False
bullionglidingscuttle.com,,,False
bullseyelocations.com,,ELECTRIC VINE INC,False
bullwhip.cloud,,,False
bumbrellapsible.com,,,False
bumlam.com,,MediaSniper,False
bundleb2b.net,,,False
bundlebees.app,,,False
bundlecda.com,,,False
bundlecdn.com,,,False
bundlemoviepumice.com,,,False
bungie.net,,,False
bunker-branding-co.myshopify.com,Analytics;CDN;Embedded Content;Online Payment,Shopify Inc.,False
bunny-wp-pullzone-rg0mnpztoz.b-cdn.net,CDN,BunnyCDN,False
bunny-wp-pullzone-zrkalvjvqb.b-cdn.net,CDN,BunnyCDN,False
bunny.net,,,False
bunnycdn-video-assets.b-cdn.net,CDN,BunnyCDN,False
bunnycdn.com,,BunnyCDN,False
bunnyinfra.net,,,False
buntyplouky.com,,,False
buonanotteimmagini.com,,,False
burda-forward.de,,,False
burdadigital.pl,,,False
burdamedia.pl,,,False
burkul.com,,Online Biz Solutions Ltd.,False
burlebo.myshopify.com,Analytics;CDN;Embedded Content;Online Payment,Shopify Inc.,False
burly.io,,,False
busbud-pubweb-assets.global.ssl.fastly.net,Action Pixels;Ad Motivated Tracking;Advertising;Analytics;CDN;Embedded Content;Session Replay;Third-Party Analytics Marketing,"Fastly, Inc.",True
buscafs.com,,,False
bushub.co.uk,,,False
business-inventive.com,,,False
business-standard.com.edgekey.net,,Akamai Technologies,False
businessinsider.com.edgekey.net,,Akamai Technologies,False
bussgeldrechner.org,,,False
bustle.com,,,False
busybabybee.com,,,False
butenlive.fr,,,False
butterbulb.com,,"Leven Labs, Inc. DBA Admiral",False
buttercms.com,,Tiugo Technologies,False
buttery-sick.com,,,False
buttonizer.io,,,False
buttons.github.io,CDN;Non-Tracking,"GitHub, Inc.",False
buunto.com,,,False
buyee.jp,,,False
buyerbridge.io,,,False
buyermls.com,,,False
buyist.com,,,False
buyitdirect.co.uk,,,False
buymasterbuilt.myshopify.com,Analytics;CDN;Embedded Content;Online Payment,Shopify Inc.,False
buymeacoffee.com,,,False
buysellads.com,Advertising,BuySellAds,True
buysellads.net,,BuySellAds,False
buzzfeed.io,,,False
buzzfeed2.map.fastly.net,Action Pixels;Ad Motivated Tracking;Advertising;Analytics;CDN;Embedded Content;Session Replay;Third-Party Analytics Marketing,"Fastly, Inc.",True
buzzfighter.com,,,False
buzzfufighter.com,,,False
buzzoola.com,,Buzzoola Inc.,False
buzzsprout.com,,,False
bvkstatic.com,,,False
bvtpk.com,,,False
bwr-media.de,,,False
bwservices.io,,,False
bx-cdn.com,,,False
bx-cloud.com,,,False
bxcdn.net,,,False
bxslider.com,,,False
bxtag.com,,,False
bxtimes.com,,,False
byatlas.com,,,False
bybit.eu,,,False
byd.com,,,False
bydata.com,,,False
bydcryptocms.com,,,False
bydfi.pro,,,False
byfood.b-cdn.net,CDN,BunnyCDN,False
byggmax.se,,Byggmax AB,False
bymeier.ch,,,False
bynder.cloud,,,False
bynder.com,,,False
byoviral.com,,,False
byowner.com,,,False
byroundprince.com,,,False
byscuit.com,,,False
byside.com,,"BYSIDE - LEAD ACTIVATION, S.A.",False
byspotify.com,,Spotify AB,False
byte-test.com,,,False
byteark.com,,,False
bytebrew.io,,,False
bytecon.com,,,False
byted-static.com,,,False
bytedance.com,,ByteDance Ltd.,False
bytedance.map.fastly.net,Action Pixels;Ad Motivated Tracking;Advertising;Analytics;CDN;Embedded Content;Session Replay;Third-Party Analytics Marketing,"Fastly, Inc.",True
bytedapm.com,,,False
bytedns1.com,,,False
bytedns3.com,,,False
byteflows.net,,,False
bytegoofy.com,,ByteDance Ltd.,False
byteintlapi.com,,,False
byteoversea.com,,ByteDance Ltd.,False
byteperf.com,,,False
bytepluses.com,,,False
bytes.media,,,False
bytetcc.com,,,False
bytetos.com,,,False
byub.org,,,False
byucougarswire.com,,,False
bzcdn.co,,,False
bzzcast.com,,,False
c-c.one,,,False
c-cmoa.akamaized.net,CDN,Akamai Technologies,False
c-dn.net,,Market Data Limited,False
c-rings.net,,"Plus Alpha Consulting Co.,LTD.",False
c.sni.global.fastly.net,Action Pixels;Ad Motivated Tracking;Advertising;Analytics;CDN;Embedded Content;Session Replay;Third-Party Analytics Marketing,"Fastly, Inc.",True
c0avaamo.s3-us-west-2.amazonaws.com,CDN,"Amazon Technologies, Inc.",False
c1.statefarm,,,False
c158356.edgesuite.net,CDN,Akamai Technologies,False
c1904584f2.com,,,False
c211.io,,,False
c212.net,,PR Newswire Association LLC,False
c3mediamarketing.com,,,False
c3tag.com,Ad Motivated Tracking;Advertising;Analytics;Third-Party Analytics Marketing,"C3 Metrics, Inc.",True
c4assets.com,,Channel Four Television Company Limited,False
c4s-rd.services,,,False
c8.io,,,False
c81358859121583b7adf2ace89cb39f44.com,,,False
c97.org,,,False
c99.ai,,,False
c9ftyd.net,,,False
ca-assicurazioni.it,,,False
ca-conv.jp,,,False
ca-ds.edgekey.net,,Akamai Technologies,False
ca-gtm-server-primary-1321568821.eu-central-1.elb.amazonaws.com,CDN,"Amazon Technologies, Inc.",False
ca-keenfootwear.myshopify.com,Analytics;CDN;Embedded Content;Online Payment,Shopify Inc.,False
ca-v1.edgekey.net,,Akamai Technologies,False
ca.edgekey.net,,Akamai Technologies,False
ca.gov,,State of California,False
ca.gov-es,,,False
ca.gov-ko,,,False
ca.gov-tl,,,False
ca.gov-vi,,,False
ca.gov-zh,,,False
caas_platform_clusters.edgekey.net,,Akamai Technologies,False
caast.tv,,,False
cabla.to,,,False
cable-melbourne.myshopify.com,Analytics;CDN;Embedded Content;Online Payment,Shopify Inc.,False
cabnnr.com,,"ExoClick, S.L.",False
cac-mayocliniclabs.edgekey.net,,Akamai Technologies,False
cache-blob-images.azurewebsites.net,CDN,Microsoft Corporation,False
cache-essential-apps.cc,,,False
cache-rbc-com-967574695.us-east-1.elb.amazonaws.com,CDN,"Amazon Technologies, Inc.",False
cachedmaps.com,,,False
cachefly.net,CDN,"CacheNetworks, LLC",False
cachegorilla.com,,,False
cacheserv.com,,,False
cackle.me,,,False
cadent.com,,,False
cadent.tv,,,False
cadillac.com.edgekey.net,,Akamai Technologies,False
cadmore.media,,,False
cafemedia.com,,,False
cag-st-images.s3.us-west-2.amazonaws.com,CDN,"Amazon Technologies, Inc.",False
cahosting.de,,,False
cainsburlap.com,,,False
caissedesdepots.fr,,,False
cal.com,,,False
calameo-beacon.global.ssl.fastly.net,Action Pixels;Ad Motivated Tracking;Advertising;Analytics;CDN;Embedded Content;Session Replay;Third-Party Analytics Marketing,"Fastly, Inc.",True
calameo.com,,,False
calbarcagov.trafficmanager.net,CDN,Microsoft Corporation,False
calc-backend-prod.herokuapp.com,CDN,"Salesforce.com, Inc.",False
calconic.com,,,False
calendarwiz.com,,,False
calendly.com,,,False
calgary.ca,,City of Calgary,False
calibermind.com,,,False
calibre.app,,,False
calida.digital,,,False
california.azureedge.net,CDN,Microsoft Corporation,False
californiatimes.com,,,False
callawayapparel.myshopify.com,Analytics;CDN;Embedded Content;Online Payment,Shopify Inc.,False
callistanise.com,,,False
callmeasurement.com,,,False
callnowbutton.com,,,False
callofduty.com.edgekey.net,,Akamai Technologies,False
callpage.io,,CallPage sp. z o.o.,False
callrail.com,,"CallRail, Inc.",False
callrevu.com,,,False
calltouch.ru,,,False
calltrackapi.com,,,False
calltrk.com,,,False
calm-kings-leon.b-cdn.net,CDN,BunnyCDN,False
calpak.myshopify.com,Analytics;CDN;Embedded Content;Online Payment,Shopify Inc.,False
caltrop.io,,,False
calypsocapsule.com,,,False
cam4.com,,Surecom Corporation N.V.,False
cam4pays.com,,,False
cambaddies.com,,,False
cameltv.live,,,False
cameraelectronic.myshopify.com,Analytics;CDN;Embedded Content;Online Payment,Shopify Inc.,False
cameraftp.com,,,False
camhub.world,,,False
camino-elb-667209198.us-west-2.elb.amazonaws.com,CDN,"Amazon Technologies, Inc.",False
camliveshows.com,,,False
cammedia.com,,,False
camoguys.com,,,False
campaign-archive.com,,,False
campaign-list.com,,,False
campaigner.com,,J2 Global Inc.,False
campaignified.app,,,False
campcaresportal.com,,,False
campfirecroutondecorator.com,,,False
campgroundreviews.com,,,False
campsnapcamera.myshopify.com,Analytics;CDN;Embedded Content;Online Payment,Shopify Inc.,False
campusce.com,,,False
campusexplorer.com,,,False
campuspress.com,,,False
campusreel-assets.s3.amazonaws.com,CDN,"Amazon Technologies, Inc.",False
campusreel-production.s3.amazonaws.com,CDN,"Amazon Technologies, Inc.",False
campusreel.org,,,False
campusresources.blog,,,False
cams.com,,FriendFinder Networks Inc.,False
cams.gratis,,,False
camschat.net,,,False
camsecure.co,,,False
camserver.ch,,,False
camsoda.com,,"Secure Live Media, LLC",False
camspacelive.com,,,False
camsys-apps.com,,,False
camwhores.tv,,,False
camzilla.tv,,,False
can-cdn.net,,,False
canada.ca,,Government of Canada,False
canada.edgekey.net,,Akamai Technologies,False
canadacentral-01.azurewebsites.net,CDN,Microsoft Corporation,False
canadapost-postescanada.ca,,,False
canadapost.ca,,Canada Post Corporation,False
canadiantire.ca,,"Canadian Tire Corporation, Limited",False
canal-overseas.com,,,False
canal-plus.com,,GROUPE CANAL +,False
canal-plus.net,,GROUPE CANAL +,False
canalplus.com,,,False
canalplus.com.edgekey.net,,Akamai Technologies,False
canalplus.pro,,GROUPE CANAL +,False
canalplustech.pro,,,False
canddi.com,,,False
candid.org,,,False
candidcareer.com,,,False
candrmediagroup.com,,,False
candydoll.cz,,,False
candydoll.top,,,False
candygirls.top,,,False
canecreekdtc.myshopify.com,Analytics;CDN;Embedded Content;Online Payment,Shopify Inc.,False
canishoopus.com,,,False
cannabisnowagency.com,,,False
canon-europe.com,,Canon Inc.,False
canon.com.edgekey.net,,Akamai Technologies,False
canstarblue.com.au,,CANSTAR Pty Limited,False
canstrm.com,,,False
canto.com,,,False
canto.global,,,False
canva-embed.com,,,False
canva.com,,Canva Pty Ltd,False
canvasjs.com,,,False
canyonspirit.com,,,False
capacity.com,,,False
capacitywebservices.com,,,False
capcom-games.com,,,False
capcomusa.com,,,False
capcut.com,,,False
capcutapi.com,,,False
capcutapi.us,,,False
capcutcdn-us.com,,,False
capcutstatic.com,,,False
capi-automation.s3.us-east-2.amazonaws.com,CDN,"Amazon Technologies, Inc.",False
capio.ai,,,False
capitalgroup.com.edgekey.net,,Akamai Technologies,False
capitalone.com,,Capital One Financial Corporation,False
capitalone.com.edgekey.net,,Akamai Technologies,False
capitalonegslbex.com,,,False
capitaloneshopping.com,,,False
capndr.com,,,False
cappasity.com,,,False
capra.solutions,,,False
caprofitx.com,,"CyberAgent, Inc.",False
captcha-delivery.com,,DataDome,False
captcha-display.com,,,False
captcha.at,,,False
captcha.com,,"Captcha, Inc.",False
captcha.eu,,,False
captchafox.com,,,False
capterra.com,,,False
captivate.fm,,,False
captivatingcanyon.com,,,False
capturehighered.net,,,False
capturemedia-assets.com,,,False
capturetool.com,,,False
carambo.la,,,False
carbay.com,,,False
carbids.com.au,,,False
carbonads.com,,BuySellAds,False
carbonads.net,,BuySellAds,False
carbonatix.com,,,False
carbonatixaudio-static.s3.us-east-2.amazonaws.com,CDN,"Amazon Technologies, Inc.",False
carbonatixaudio.com,,,False
carbonfeverthink.com,,,False
carbongarden.net,,,False
carbonhouse.com,,,False
carbonmedia.com,,,False
carbuffnetwork.com,,,False
carchat24.com,,,False
carcodesms.com,,,False
cardinalacres.com,,,False
cardinalcommerce.com,,CardinalCommerce Corporation,False
cardratings.com,,,False
cardsrealm2.b-cdn.net,CDN,BunnyCDN,False
care.com.edgekey.net,,Akamai Technologies,False
carecart.io,,,False
careerarc.com,,,False
careercertified.com,,,False
careerjet.net,,INTERVOG,False
careers360.com.edgesuite.net,CDN,Akamai Technologies,False
careers360.mobi,,,False
careerwebsite.com,,,False
caremarkrx.net,,,False
careofcarl.com,,,False
caretaker-vic-gov.s3-ap-southeast-2.amazonaws.com,CDN,"Amazon Technologies, Inc.",False
caretech-ux-mods-prod.s3.amazonaws.com,CDN,"Amazon Technologies, Inc.",False
carfax.com,,"Carfax, Inc.",False
cargurus-static3.s3.amazonaws.com,CDN,"Amazon Technologies, Inc.",False
cargurus.co.uk,,,False
cargurus.com,,CarGurus Inc.,False
carhartt.com,,"Carhartt, Inc.",False
carhartt.com.edgekey.net,,Akamai Technologies,False
caribbeancom.com,,IDNM CO.,False
carlisty.com,,,False
carloforward.com,,,False
carls-fallout-4-guide.com,,,False
carls-sims-3-guide.com,,,False
carls-sims-4-guide.com,,,False
carma-scripts-cf.s3.amazonaws.com,CDN,"Amazon Technologies, Inc.",False
carmamail.com,,Symplify Technologies AB,False
carmarket.ch,,,False
carmax.com.edgekey.net,,Akamai Technologies,False
carnival.com.edgekey.net,,Akamai Technologies,False
carnow.com,,,False
caroda.io,,,False
carpentermediagroup.com,,,False
carriercms.com,,,False
carrierzone.com,,"Deluxe Enterprise Operations, LLC",False
carrotquest.app,,,False
cars.com.edgekey.net,,Akamai Technologies,False
cars24.team,,,False
carsales.com.au,,CARSALES.COM LIMITED,False
carsarace.com,,,False
carsjade.com,,,False
carsprogram.org,,Castle Rock Associates,False
carsusa.us,,,False
cart-bot.net,,,False
cart-discount.herokuapp.com,CDN,"Salesforce.com, Inc.",False
cartacolorespintura.com,,,False
cartactivity.com,,,False
cartbooster.io,,,False
cartcoders.com,,,False
cartdrawer-prod.herokuapp.com,CDN,"Salesforce.com, Inc.",False
cartera.com,,,False
cartfulsolutions.com,,Cartful Solutions LLC,False
cartgenie.com,,,False
carthook.com,,CartHook Inc,False
cartlytics.co,,,False
carto.com,,,False
cartocdn.com,,,False
carts.guru,,,False
cartsave.io,,,False
cartsguru.io,,,False
cartstack-dialogs.s3.us-west-2.amazonaws.com,CDN,"Amazon Technologies, Inc.",False
cartstack.com,,10fold Solutions LLC,False
cartx.cloud,,,False
carve-capi.herokuapp.com,CDN,"Salesforce.com, Inc.",False
carve-designs.myshopify.com,Analytics;CDN;Embedded Content;Online Payment,Shopify Inc.,False
carvecakes.com,,"Leven Labs, Inc. DBA Admiral",False
carwow.co.uk,,,False
carwow.de,,,False
carwow.map.fastly.net,Action Pixels;Ad Motivated Tracking;Advertising;Analytics;CDN;Embedded Content;Session Replay;Third-Party Analytics Marketing,"Fastly, Inc.",True
cas.global.ssl.fastly.net,Action Pixels;Ad Motivated Tracking;Advertising;Analytics;CDN;Embedded Content;Session Replay;Third-Party Analytics Marketing,"Fastly, Inc.",True
casadellibro.com.edgesuite.net,CDN,Akamai Technologies,False
casalemedia.com,Ad Motivated Tracking;Advertising;Analytics,"Index Exchange, Inc.",True
casasbahia-imagens.com.br,,COMPANHIA BRASILEIRA DE DISTRIBUICAO,False
casemates.com,,,False
casetify-data.com,,,False
casino.org,,,False
cassiecloud.com,,Syrenis Ltd,False
castlery.co,,,False
castus.tv,,,False
catalogsites.net,,,False
catalunya.co.uk,,,False
catalyst-analytics.net,,,False
catapultcms.com,,,False
catawiki.net,,,False
catchjs.com,,,False
catchmetrics.io,,,False
catchrev.com,,,False
cathaypacific.com.edgekey.net,,Akamai Technologies,False
catholiconline.news,,,False
catholicwitness.org,,,False
catmatch-wp-media.b-cdn.net,CDN,BunnyCDN,False
catsnetwork.ru,,,False
causalfunnel.com,,,False
causeis.com,,,False
cavecurtain.com,,"Leven Labs, Inc. DBA Admiral",False
caymland.app,,,False
caymland.dev,,,False
caymland.io,,,False
cazamba.com,,,False
cb.xxx,,,False
cb2.com.edgekey.net,,Akamai Technologies,False
cbn.com.edgekey.net,,Akamai Technologies,False
cbox.ws,,,False
cbricdns.com,,,False
cbrimages.b-cdn.net,CDN,BunnyCDN,False
cbs-digital-ipv4.map.fastly.net,Action Pixels;Ad Motivated Tracking;Advertising;Analytics;CDN;Embedded Content;Session Replay;Third-Party Analytics Marketing,"Fastly, Inc.",True
cbs-digital.map.fastly.net,Action Pixels;Ad Motivated Tracking;Advertising;Analytics;CDN;Embedded Content;Session Replay;Third-Party Analytics Marketing,"Fastly, Inc.",True
cbsi.com,,Paramount Global,False
cbsi.map.fastly.net,Action Pixels;Ad Motivated Tracking;Advertising;Analytics;CDN;Embedded Content;Session Replay;Third-Party Analytics Marketing,"Fastly, Inc.",True
cbsivideo.com,,,False
cbssports.cloud,,,False
cbx-rtb.com,,,False
cbxyz.com,,,False
cc-cdn.com,,,False
cc-ecdn.net,,,False
cc.com,,Paramount Global,False
ccaiplatform.com,,,False
cccd.edu,,,False
ccg-analytics-server-prod.herokuapp.com,CDN,"Salesforce.com, Inc.",False
ccgateway.net,,Clicksco FZ,False
cckmnd.com,,,False
ccleaner.com.edgekey.net,,Akamai Technologies,False
cclpub.com,,,False
ccm.net.edgesuite.net,CDN,Akamai Technologies,False
ccm19.de,,,False
ccmbg.com,,CCM BENCHMARK GROUP,False
ccmbg.com.edgekey.net,,Akamai Technologies,False
ccmbg.com.edgesuite.net,CDN,Akamai Technologies,False
ccmbg.net,,,False
ccmiocw.com,,,False
ccnab.ddns.net,,No-IP.com,False
ccnwebcams.com,,CC Network Inc.,False
cconnect.s3.amazonaws.com,CDN,"Amazon Technologies, Inc.",False
ccpgamescdn.com,,,False
ccplatform.net,,,False
cct-pubweb.com,,,False
cctm.xyz,,,False
cdc.gov,,Centers for Disease Control and Prevention,False
cdck-file-uploads-canada1.s3.dualstack.ca-central-1.amazonaws.com,CDN,"Amazon Technologies, Inc.",False
cdend.com,,,False
cdidns.net,,,False
cdkitchencdn.b-cdn.net,CDN,BunnyCDN,False
cdm-analytics.com,,,False
cdmiocw.com,,,False
cdn-aihelp.net,,ShareFun Network Limited,False
cdn-api-weglot.com,,,False
cdn-apple.com,CDN,Apple Inc.,False
cdn-bh.b-cdn.net,CDN,BunnyCDN,False
cdn-calculatorsoup-com.b-cdn.net,CDN,BunnyCDN,False
cdn-ceo-ca.s3.amazonaws.com,CDN,"Amazon Technologies, Inc.",False
cdn-cf-rf.pages.dev,,,False
cdn-cnj.si,,,False
cdn-cookieyes.com,Consent Management Platform,,False
cdn-dominionenergy-prd-001.azureedge.net,CDN,Microsoft Corporation,False
cdn-ds.com,,,False
cdn-expoints.nl,,,False
cdn-ezcater.com,,,False
cdn-fc.com,,,False
cdn-ff.b-cdn.net,CDN,BunnyCDN,False
cdn-files-a.com,,,False
cdn-fileserver.com,,,False
cdn-go.cn,,Tencent Holdings Ltd.,False
cdn-hn-prod.azureedge.net,CDN,Microsoft Corporation,False
cdn-load-balancer-application-556107537.us-east-1.elb.amazonaws.com,CDN,"Amazon Technologies, Inc.",False
cdn-medias.com,,,False
cdn-mousquetaires.com,,,False
cdn-net.com,,American Express Company,False
cdn-payhelm.s3.amazonaws.com,CDN,"Amazon Technologies, Inc.",False
cdn-production-assets-kly.akamaized.net,CDN,Akamai Technologies,False
cdn-qualiteamsoftwar.netdna-ssl.com,CDN;Embedded Content,"StackPath, LLC",False
cdn-redge.media,,,False
cdn-rs.com,,,False
cdn-scorestream-com.s3.amazonaws.com,CDN,"Amazon Technologies, Inc.",False
cdn-script.com,,,False
cdn-seconduse.b-cdn.net,CDN,BunnyCDN,False
cdn-sitegainer.com,,Symplify Technologies AB,False
cdn-spurit.com,,SpurIT UAB,False
cdn-stamped-io.azureedge.net,CDN,Microsoft Corporation,False
cdn-surfline.com,,"Surfline Wavetrak, Inc",False
cdn-tamedia.s3.eu-central-1.amazonaws.com,CDN,"Amazon Technologies, Inc.",False
cdn-topdoctors.com,,,False
cdn-travelers-com.pages.dev,,,False
cdn-us-1.azureedge.net,CDN,Microsoft Corporation,False
cdn-us-east-prod-ingest-infra-dacast-com.akamaized.net,CDN,Akamai Technologies,False
cdn-vk.net,,,False
cdn-vk.ru,,,False
cdn-web-wsu.s3-us-west-2.amazonaws.com,CDN,"Amazon Technologies, Inc.",False
cdn-webmaster.com,,,False
cdn-website.com,,,False
cdn-wsprod.azureedge.net,CDN,Microsoft Corporation,False
cdn-www.akamaized.net,CDN,Akamai Technologies,False
cdn-xvideos-xnxx.xyz,,,False
cdn-zeptoapps.com,,,False
cdn.adobeaemcloud.com,,,False
cdn.gob.mx,,Secretaria de la Funcion Publica,False
cdn.group,,,False
cdn.net.co,,,False
cdn.net.ru,,,False
cdn1-gae-ssl-default.akamaized.net,CDN,Akamai Technologies,False
cdn10.com,,,False
cdn107.com,,DW3 LLC,False
cdn22-relay.com,,,False
cdn2l.ink,,,False
cdn33.net,,,False
cdn37.se,,,False
cdn39.com,,,False
cdn3l.ink,,,False
cdn4ads.com,,,False
cdn4dd.com,,"DoorDash, Inc.",False
cdn77.cloud,,,False
cdn7graus.b-cdn.net,CDN,BunnyCDN,False
cdnarc.com,,,False
cdnau.net,,,False
cdnbasket.net,,Bounce Exchange,False
cdnbay.com,,,False
cdnbay.org,,,False
cdnboligkanalen.azureedge.net,CDN,Microsoft Corporation,False
cdndex.io,,,False
cdndlap.com,,,False
cdndm5.com,,,False
cdne-agc-apps-prod.azureedge.net,CDN,Microsoft Corporation,False
cdne-catalog-normal-prod.azureedge.net,CDN,Microsoft Corporation,False
cdne-nxtevo-prd01-ms.azureedge.net,CDN,Microsoft Corporation,False
cdnetworks.net,,"CDNetworks Co., LTD.",False
cdnflux.com,,,False
cdnfonts.com,,,False
cdnga.net,,,False
cdngc.net,,"CDNetworks Co., LTD.",False
cdngslb.com,,,False
cdnhost2.net,,,False
cdnhst.xyz,,,False
cdnhub.co,,,False
cdnhwc7.com,,,False
cdnhwc8.cn,,,False
cdnhwcchh18.com,,,False
cdnhwcedi10.com,,,False
cdnhwcqwg14.com,,,False
cdnilpost.com,,,False
cdninstagram.com,CDN,"Facebook, Inc.",False
cdnintech.com,,IN TECH d.o.o,False
cdnjet.io,,,False
cdnjogos360.b-cdn.net,CDN,BunnyCDN,False
cdnjs.com,,CDNJS,False
cdnjs.work,,,False
cdnku.online,,,False
cdnlibjs.com,,,False
cdnma.com,,,False
cdnme.net,,,False
cdnmetv.b-cdn.net,CDN,BunnyCDN,False
cdnomnium.azureedge.net,CDN,Microsoft Corporation,False
cdnparenting.com,,,False
cdnpensador.b-cdn.net,CDN,BunnyCDN,False
cdnpf.com,,,False
cdnppb.net,,Paddy Power Betfair PLC,False
cdnprd-valottery-com.azureedge.net,CDN,Microsoft Corporation,False
cdnprodpaasmedia-valottery-com.azureedge.net,CDN,Microsoft Corporation,False
cdnpure.com,,,False
cdnrtbsape.ru,,,False
cdnsaazprdstatic.azureedge.net,CDN,Microsoft Corporation,False
cdnsolutions.media,,,False
cdnstatic.space,,,False
cdntap.com,,,False
cdntrex.com,,,False
cdntrf.com,,,False
cdntwrk.com,,Flyp Technologies Inc.,False
cdnv365.com,,,False
cdnvideo.ru,,"LLC ""CDN-video""",False
cdnvideohub.com,,,False
cdnvx.com,,,False
cdnwave.com,,,False
cdnwd.com,,,False
cdnwebcloud.com,,,False
cdnwidget.com,Obscure Ownership;Unknown High Risk Behavior,CDNWIDGET.COM,False
cdnxyz.xyz,,,False
cdon.se,,CDON AB,False
cdp.asia,,,False
cdreader.com,,,False
cdurl.cn,,,False
cdw.com.akadns.net,CDN,Akamai Technologies,False
cdw.com.edgekey.net,,Akamai Technologies,False
cdwmpt.com,,,False
cedexis-test.akamaized.net,CDN,Akamai Technologies,False
cedexis.com,,Citrix Systems Inc,False
cegedim.cloud,,,False
celebrations.com,,,False
celebritax.com,,,False
celebs.live,,,False
cello.so,,,False
celtra.com,,Celtra Inc.,False
celtraidentity.com,,Celtra Inc.,False
cembrapay.ch,,,False
ceneo.pl,,Ceneo.pl sp. z o.o.,False
cengage.info,,,False
centene.com,,,False
center.io,,"Avenue 81, Inc.",False
centerfield.com,,,False
centerparcs.com,,Pierre et Vacances,False
centerparcs.com.edgekey.net,,Akamai Technologies,False
centotag.io,,,False
centra.com,,,False
centraapis.com,,,False
central-michigan-sewing.myshopify.com,Analytics;CDN;Embedded Content;Online Payment,Shopify Inc.,False
central1.cc,,,False
centralassets.net,,,False
centralizedpaymentservices.com,,,False
centralservices-templates.azureedge.net,CDN,Microsoft Corporation,False
centrefrance.com,,,False
centrica.com,,,False
centrofiles.com,,,False
centrometeoitaliano.it,,CENTRO METEO ITALIANO S.R.L,False
cequence.cloud,,,False
cercalia.com,,,False
cerebro.services,,,False
ceritabokepindonesia.net,,,False
ceros.com,,"Ceros Crowd Fusion, Ltd.",False
ceros.site,,,False
certainly.io,,,False
certegy.com,,,False
certitude.pages.dev,,,False
certona.net,,"Kibo Software, Inc.",False
certus.com,,,False
cetrk.com,,,False
cevoid.com,,,False
cfdnext.com,,,False
cfdomains.com,,,False
cfgr3.com,,,False
cfgrcr1.com,,,False
cfigroup.com,,CFI Group,False
cfjump.com,,Commission Factory Pty Ltd,False
cfl.ca,,Canadian Football League,False
cfringctr.com,,,False
cg-1b082c1b-3db7-477f-9ca5-bd51a786b41e.s3-us-gov-west-1.amazonaws.com,CDN,"Amazon Technologies, Inc.",False
cg-images-cdn.azureedge.net,CDN,Microsoft Corporation,False
cg-norge.myshopify.com,Analytics;CDN;Embedded Content;Online Payment,Shopify Inc.,False
cgames.de,,TUDO GOSTOSO INTERNET LTDA,False
cgb.la,,,False
cgcloud.eu,,,False
cgkthn.com,,,False
cgmagazine.b-cdn.net,CDN,BunnyCDN,False
ch-cdn-css.b-cdn.net,CDN,BunnyCDN,False
ch-cdn-js.b-cdn.net,CDN,BunnyCDN,False
ch-cdn.b-cdn.net,CDN,BunnyCDN,False
ch-static.com,,,False
ch.ch,,Schweizerische Bundeskanzlei,False
ch.edgekey.net,,Akamai Technologies,False
ch.edgesuite.net,CDN,Akamai Technologies,False
chablivoy.com,,,False
chagnougroalry.net,,,False
chairish-prod-static-images.freetls.fastly.net,Action Pixels;Ad Motivated Tracking;Advertising;Analytics;CDN;Embedded Content;Session Replay;Third-Party Analytics Marketing,"Fastly, Inc.",True
chairish-prod.freetls.fastly.net,Action Pixels;Ad Motivated Tracking;Advertising;Analytics;CDN;Embedded Content;Session Replay;Third-Party Analytics Marketing,"Fastly, Inc.",True
chairish-static-assets.freetls.fastly.net,Action Pixels;Ad Motivated Tracking;Advertising;Analytics;CDN;Embedded Content;Session Replay;Third-Party Analytics Marketing,"Fastly, Inc.",True
chairish-static-assets.global.ssl.fastly.net,Action Pixels;Ad Motivated Tracking;Advertising;Analytics;CDN;Embedded Content;Session Replay;Third-Party Analytics Marketing,"Fastly, Inc.",True
chal-tec.com,,,False
chalk247.com,,,False
chalkdream.com,,,False
chambermaster.com,,,False
champds.com,,,False
championat.com,,"Rambler Internet Holding, LLC",False
chango.com,,"Magnite, Inc.",False
changzhi.top,,,False
channel.io,,,False
channel.me,,Channel.me B.V.,False
channel4.com.edgekey.net,,Akamai Technologies,False
channel5.com.edgekey.net,,Akamai Technologies,False
channel5.com.edgesuite.net,CDN,Akamai Technologies,False
channel99.io,,,False
channeladvisor.com,,CommerceHub,False
channelexco.com,,,False
channelfinder.net,,"Kaleidoscope Promotions, Inc.",False
channelsight.com,,,False
chaosdwarfs.de,,,False
chaport.com,,,False
chapturist.com,,,False
char-griller.myshopify.com,Analytics;CDN;Embedded Content;Online Payment,Shopify Inc.,False
charge-auth.com,,,False
chargeafter.com,,,False
chargebee.com,,,False
chargebeestaticv2.com,,,False
chargecracker.com,,"Leven Labs, Inc. DBA Admiral",False
chargeitpro.com,,,False
charhub.io,,,False
charitable.one,,,False
charitynavigator.org,,"Charity Navigator, Inc.",False
charityweather.com,,,False
charles-1ae.workers.dev,,,False
charlla.video,,,False
charmhealth.com,,,False
charpstar.net,,,False
chart.googleapis.com,CDN;Embedded Content,Google LLC,False
chartbeat.com,Ad Motivated Tracking;Advertising;Analytics;Audience Measurement,Chartbeat,True
chartbeat.net,Ad Motivated Tracking;Advertising;Analytics;Audience Measurement,Chartbeat,True
chartworks.io,,,False
chase.co.uk,,,False
chase.com,,JPMorgan Chase and Co.,False
chase.com.akadns.net,CDN,Akamai Technologies,False
chase.com.edgekey.net,,Akamai Technologies,False
chasecdn.com,,JPMorgan Chase and Co.,False
chasecdn.com.edgekey.net,,Akamai Technologies,False
chaseherbalpasty.com,,Clickadu s.r.o.,False
chasepaymentechhostedpay.com,,,False
chasingthedonkey.b-cdn.net,CDN,BunnyCDN,False
chat-data.com,,,False
chat-telenor-no.trafficmanager.net,CDN,Microsoft Corporation,False
chatanexpert.com,,,False
chatango.com,,Chatango LLC.,False
chatarmin.com,,,False
chatbase.co,,,False
chatbeacon.io,,,False
chatbot-7g2.pages.dev,,,False
chatbot-prod-truste-app.azurewebsites.net,CDN,Microsoft Corporation,False
chatbot-ui-virid-sigma.vercel.app,,,False
chatbot-v3joil6oqa-uc.a.run.app,,Google LLC,False
chatbot.com,,LiveChat Inc,False
chatbot4you.de,,,False
chatbotbuilder.net,,,False
chatbuildx.com,,,False
chatchamp.com,,,False
chatgot.io,,,False
chatgpt.com,,,False
chatid.com,,,False
chatidcdn.com,,,False
chatlead.com,,,False
chatling.ai,,,False
chatlio.com,,,False
chatmeter.com,,,False
chatntr.com,,,False
chatplus.jp,,,False
chatra.io,,Roger Wilco LLC,False
chatrandom.com,,,False
chatsimple.ai,,,False
chatsupport.co,,,False
chatterresearch.com,,,False
chatthing.ai,,,False
chattrick.ai,,,False
chatty.net,,,False
chaturbate.com,Ad Motivated Tracking;Advertising;Embedded Content,"Chaturbate, LLC",True
chatvisor.com,,,False
chatway.app,,,False
chatwidget-css.web.app,,Google LLC,False
chatwidget-prod.web.app,,Google LLC,False
chatwoot.com,,,False
chaty.app,,,False
chauffermotter.com,,,False
chd01.com,,,False
cheaperthandirt.b-cdn.net,CDN,BunnyCDN,False
cheapoair.com,,CheapOair.com (Fareportal Inc.),False
cheapoair.com.edgekey.net,,Akamai Technologies,False
cheaptickets.com,,"Expedia Group, Inc.",False
cheaterbuster.com,,,False
check24.com,,,False
check24.de,,CHECK24 Vergleichsportal GmbH,False
check24.net,,,False
checkin.no,,,False
checkip.amazonaws.com,CDN,"Amazon Technologies, Inc.",False
checkout-prod-new-relic.s3.amazonaws.com,CDN,"Amazon Technologies, Inc.",False
checkout.com,,,False
checkpoint.com,,Check Point Software Technologies Ltd.,False
checkreferrer.io,,,False
checkstat.me,,,False
checkstat.net,,,False
cheekybranding.com,,,False
cheetahgo.net,,,False
chefsdeal.app,,,False
cheftoondiligord.site,,,False
chegg.com,,Chegg Inc.,False
chekkit.io,,,False
chelseamagazines.com,,,False
chem-guys-staging.myshopify.com,Analytics;CDN;Embedded Content;Online Payment,Shopify Inc.,False
chemist-app-2yj9u.ondigitalocean.app,,,False
chengqian-tech.com,,,False
cheqzone.com,,CHEQ AI Technologies Ltd.,False
chernomore.bg,,,False
cherrynudes.com,,,False
chesapeakebay.careers,,,False
chesapeakebayservices.com,,,False
chessbranch.com,,,False
chessgames-maintenance-bucket.s3.amazonaws.com,CDN,"Amazon Technologies, Inc.",False
chessigma.dev,,,False
chesstube.eu.com,,,False
chetty.ai,,,False
chevrolet.com,,General Motors LLC,False
chewy.com.edgekey.net,,Akamai Technologies,False
chezcathy.com,,,False
chiasmiraisers.com,,,False
chicago.gov,,,False
chichi-pui.akamaized.net,CDN,Akamai Technologies,False
chicoryapp.com,,,False
chiefmedia.com,,,False
childlikeform.com,,"Leven Labs, Inc. DBA Admiral",False
childrensplace.com,,"The Childrens Place Services Company, LLC",False
chilimovie.com,,,False
chilipiper.com,,,False
chillingtofu.com,,,False
chimpstatic.com,Ad Motivated Tracking;Advertising;Analytics;Audience Measurement;CDN;Third-Party Analytics Marketing,Intuit Inc.,True
chinahighlights.com,,CHINA HIGHLIGHTS INTERNATIONAL TRAVEL SERVICE CO. LTD,False
chinahighlights.com.edgekey.net,,Akamai Technologies,False
chipkartenleser-shop.de,,,False
chivalrouscord.com,,,False
chizy.io,,,False
chmedia.ch,,,False
chmsrv.com,,,False
chnsrv.com,,,False
chocolateplatform.com,,Vdopia Inc.,False
chocomaru.com,,,False
chord.co,,,False
chosen.css,,,False
chrismon.de,,,False
christianbook.com.edgekey.net,,Akamai Technologies,False
christianpost.com,,The Christian Post,False
christustaggingserverprod.azurewebsites.net,CDN,Microsoft Corporation,False
chromadesignsystem.com,,,False
chs.net,,,False
cht-srvc.net,,,False
chtbl.com,,Spotify AB,False
chtntor.com,,,False
chub.ai,,,False
chubbyexemplaryhardiness.com,,,False
chubfc.fr,,,False
churchofjesuschrist.org,,The Church of Jesus Christ of Latter-day Saints,False
churchrooms-assets-production.s3.eu-west-2.amazonaws.com,CDN,"Amazon Technologies, Inc.",False
churnkey.co,,,False
churnzero.net,,"ChurnZero, Inc",False
chzbgr.com,,Cheezburger,False
ci360.marketing,,,False
ciamlogin.com,,,False
ciampr1cdn.azureedge.net,CDN,Microsoft Corporation,False
ciaopeople.it,,,False
cibc.com.edgekey.net,,Akamai Technologies,False
ciblelink.com,,,False
ciboard.ie,,,False
ciceroneweb.com,,,False
ciciai.com,,,False
ciciaicdn.com,,,False
cidgroup.map.fastly.net,Action Pixels;Ad Motivated Tracking;Advertising;Analytics;CDN;Embedded Content;Session Replay;Third-Party Analytics Marketing,"Fastly, Inc.",True
cifras.com.br,,Petaxon Informática Ltda,False
cigna.com,,Cigna,False
cignuz.com,,,False
cimcontent.net,,Comcast Corporation,False
cimpress.io,,,False
cimulate.ai,,,False
cinarra.com,,,False
cincinnatiusa.com,,,False
cinemaplus.com,,,False
cinemark-shop.myshopify.com,Analytics;CDN;Embedded Content;Online Payment,Shopify Inc.,False
cineorder-waitingroom.org,,,False
cinfo.es,,,False
cintnetworks.com,,Cint AB,False
cio.com,,"International Data Group, Inc.",False
ciphersports.io,,,False
ciqtracking.com,,,False
cirad.fr,,,False
circlekeurope.com,,,False
circlelevel.com,,"Leven Labs, Inc. DBA Admiral",False
circuitcdn.com,,,False
circuitdns.com,,,False
circularhub.com,,,False
cirium.com,,,False
cirkleinc.com,,,False
cisco.com,,"Cisco Systems, Inc.",False
cisco.com.edgekey.net,,Akamai Technologies,False
citadelpathstatue.com,,,False
citeq.de,,,False
citi.com,,Citigroup Inc.,False
citibot.io,,,False
citibot.net,,,False
citidirect.com.edgekey.net,,Akamai Technologies,False
citigroup.com,,Citigroup Inc.,False
citiservi.es,,,False
citrus-lime.com,,,False
citrusad.net,,,False
cittamatra.com,,,False
city-news.it,,Citynews Srl,False
city-news.ovh,,,False
cityclerkagendas.azurewebsites.net,CDN,Microsoft Corporation,False
citydigital.fi,,,False
citydsp.com,,,False
citynews.it,,,False
citynews.ovh,,,False
cityofboise.net,,,False
citypass.net,,,False
cityrobotflower.com,,,False
cityspark.com,,,False
citytvplus.ca,,,False
cityway.fr,,,False
civicclerk.com,,,False
civicclerkcdn.azureedge.net,CDN,Microsoft Corporation,False
civiccomputing.com,Consent Management Platform,Civic Computing Limited,False
civicengine.com,,,False
civiclive.com,,"InterCall Canada, Inc.",False
civicplus.com,,CivicPlus,False
civicplus.pro,,,False
civicscience.com,,"CivicScience, Inc",False
civitai.com,,,False
civiweb-api-prd.azurewebsites.net,CDN,Microsoft Corporation,False
ciwss.com,,,False
cj-liveapi.azurewebsites.net,CDN,Microsoft Corporation,False
cj.com,,Conversant LLC,False
cjintegrations.com,,,False
cjpowered.com,,,False
ck-ie.com,,,False
ck.com.edgekey.net,,Akamai Technologies,False
ck.page,CDN,,False
ck123.io,,,False
ck4hkyq3myt6.com,,,False
ckapis.com,,Intuit Inc.,False
ckbmtm.com,,,False
ckeditor.com,,Tiugo Technologies,False
clairedefermat.com,,,False
clammyendearedkeg.com,,,False
clannotillortale.com,,,False
clapper.life,,,False
clara.net,,,False
clarasec.net,,,False
clareityiam.net,,,False
clario.cloud,,,False
clarip.com,,,False
claritas.com,,,False
clarity.ms,,Microsoft Corporation,False
clarium.global.ssl.fastly.net,Action Pixels;Ad Motivated Tracking;Advertising;Analytics;CDN;Embedded Content;Session Replay;Third-Party Analytics Marketing,"Fastly, Inc.",True
clarium.io,,ClarityAd,False
clarivoy.com,,,False
clarky.ai,,,False
claspo.io,,,False
claspws.tv,,"Vizbee, Inc.",False
classifly.xyz,,,False
classmedia.com,,,False
classwallet.org,,,False
classy.org,,,False
classyschema.org,,,False
claude.ai,,,False
claydar.com,,,False
clayrun.dev,,,False
clckptrl.com,,,False
clcksrv.com,,,False
cld58.com,,,False
cld73.com,,,False
cld96.com,,,False
clean.gg,,"Human Security, Inc.",False
cleanhaircut.com,,"Leven Labs, Inc. DBA Admiral",False
cleanhub.com,,,False
cleanhub.io,,,False
cleanmediaads.com,,,False
cleanmediaadserver.com,,,False
cleanpng.com,,,False
cleansizecharts.net,,,False
cleansweeps.app,,,False
cleantalk.org,,,False
clear.link,,,False
clearbit.com,,"APIHub, Inc.",False
clearbitjs.com,,,False
clearbitscripts.com,,,False
clearbuy.com,,,False
clearent.net,,,False
clearhello.com,,,False
clearlink.services,,,False
clearly.systems,,,False
clearlyrated.com,,,False
clearme.com,,"Alclear, LLC",False
clearout.io,,,False
clearpay.co.uk,,"Block, Inc.",False
clearsale.com.br,,ClearSale S.A.,False
cleed.com,,,False
cleeng.com,,,False
clerk-telemetry.com,,,False
clerk.com,,,False
clerk.io,,,False
clerk.services,,,False
clevelandclinic.org,,THE CLEVELAND CLINIC FOUNDATIO,False
clever-cloud.com,,,False
cleverbridge.com,,cleverbridge AG,False
cleverpush.com,,CleverPush GmbH,False
clevertap-prod.com,,CleverTap,False
clevertap.com,,CleverTap,False
clevertar.app,,,False
cleverwebserver.com,,Clever Advertising,False
clevguard.com,,,False
clic2buy.com,,Market Connect,False
click.ru,,,False
click2cart.com,,,False
click4assistance.co.uk,,,False
clicka1.co.il,,,False
clickadu.net,,,False
clickagy.com,Ad Motivated Tracking;Advertising;Analytics;Audience Measurement;Third-Party Analytics Marketing,Clickagy,True
clickandpledge.com,,,False
clickbus.net,,,False
clickcease.com,,CHEQ AI Technologies Ltd.,False
clickdesk.com,,,False
clickdimensions.com,,,False
clickfunnels.com,,,False
clickfuse.com,,,False
clickguard.com,,,False
clickguardian.app,,,False
clickguardian.co.uk,,,False
clickheredigital.com,,,False
clickintext.net,,ADSTOURS,False
clickio.com,,ALZ Software Limited,False
clickiocdn.com,,ALZ Software Limited,False
clickiocmp.com,,,False
clicklease.com,,,False
clickocean.io,,,False
clickon.kr,,,False
clickonometrics.pl,,nazwa.pl sp. z o.o.,False
clickrank.ai,,,False
clickskeks.at,,,False
clickslogistics.com,,,False
clicktale.net,Action Pixels;Analytics;Session Replay,ClickTale Ltd,False
clickthruhost.com,,,False
clicktimes.bid,,,False
clicktrack.ai,,,False
clicktripz.com,,Clicktripz,False
clickup.com,,,False
clickview.com.au,,,False
clickview.us,,,False
clickviewapp.com,,,False
clicky.com,,,False
clickzzs.nl,,,False
client-network-manager.netlify.app,,,False
client10.me,,,False
clientgear.com,,"Easy Click Worldwide Network Technology Co., Ltd.",False
clinch.co,,Clinch Labs ltd,False
clinicaladvisor.com,,Haymarket Media Group Ltd.,False
clinicalpainadvisor.com,,Haymarket Media Inc,False
clinicalpub.com,,,False
clink-lists.com,,,False
clink.services,,,False
clipcentric-a.akamaihd.net,CDN,Akamai Technologies,False
clipcentric.com,,,False
clipro.tv,,,False
clips4sale.com,,,False
clive.cloud,,,False
clivetadds.com,,,False
clixtell.com,,,False
clker.com,,Adam Allgaier,False
clkmc.com,,,False
clknewz.com,,,False
clknrtrg.pro,,,False
clmbtech.com,,Times Internet Ltd,False
clnmde.com,,,False
clo-brand-static-prod.s3.amazonaws.com,CDN,"Amazon Technologies, Inc.",False
clobberprocurertightwad.com,,,False
clockwisemd.com,,,False
closeby.co,,,False
closte.com,,,False
cloud-adp.fr,,,False
cloud-cdn.co,,,False
cloud-ed.fr,,,False
cloud-iam.com,,,False
cloud-server-1185741102.us-west-2.elb.amazonaws.com,CDN,"Amazon Technologies, Inc.",False
cloud-statics.com,,,False
cloud.globo,,,False
cloud.gov,,,False
cloud.microsoft,,Microsoft Corporation,False
cloud.sap,,,False
cloudbatata.com,,,False
cloudbees.io,,,False
cloudcdn-img.com,,,False
cloudchickens.com,,,False
cloudcusersyn.com,,,False
cloudengage.com,,,False
clouderrorreporting.googleapis.com,CDN;Embedded Content,Google LLC,False
cloudevo.ai,,,False
cloudflare-dns.com,,"Cloudflare, Inc.",False
cloudflare.com,Analytics;CDN;Embedded Content,"Cloudflare, Inc.",False
cloudflare.net,,,False
cloudflareaccess.com,,,False
cloudflarecn.net,,,False
cloudflareinsights.com,,"Cloudflare, Inc.",False
cloudflarestorage.com,,,False
cloudflarestream.com,CDN;Embedded Content,"Cloudflare, Inc.",False
cloudguppy.com,,,False
cloudimg.io,,REFLUENCE,False
cloudinary.com,CDN,Cloudinary Ltd,False
cloudinary.net,,,False
cloudlift.app,,,False
cloudlog.ch,,,False
cloudlogobox.com,,,False
cloudly.space,,,False
cloudmaestro.com,CDN,Webscale Networks,False
cloudninedigital.nl,,,False
cloudsuite.com,,,False
cloudtips.ru,,,False
cloudwaysapps.com,,,False
cloudwayssites.com,,,False
cloudwise-sso.appspot.com,CDN,Google LLC,False
clover.com,,,False
cloverly-ecommerce.com,,,False
cloverstatic.com,,,False
clps-webapp-alb-430620828.us-west-2.elb.amazonaws.com,CDN,"Amazon Technologies, Inc.",False
clpsh.com,,,False
clrstm.com,Ad Fraud;Ad Motivated Tracking;Advertising;Analytics;Audience Measurement;Third-Party Analytics Marketing,"EMX Digital, LLC",True
clrt.ai,,,False
cltairport.mobi,,,False
cltretn.com,,,False
club.co,,,False
cludo.com,,,False
cluep.com,,Karan Walia,False
cluepixel.com,,,False
clustrmaps.com,,ClustrMaps,False
clvrads.com,,,False
clxdtc.com,,,False
clym-sdk.net,,,False
clym-widget.net,,,False
clym.io,,,False
cm-event-trigger-6deun5o54a-uw.a.run.app,,Google LLC,False
cm.com,,,False
cm4-production-assets.s3.amazonaws.com,CDN,"Amazon Technologies, Inc.",False
cmax.ai,,,False
cmbmediacdn.azureedge.net,CDN,Microsoft Corporation,False
cmcassets.com,,,False
cmcdn.de,,,False
cmdcbv.app,,,False
cmdmtc.com,,,False
cmg-platform.com,,,False
cmg.com,,,False
cmginfotech.com,,,False
cmicloud.ch,,,False
cmn.com,,,False
cmoa.akamaized.net,CDN,Akamai Technologies,False
cmostores.com,,,False
cmpgn.page,,,False
cms-cache-prod-1890262424.us-east-1.elb.amazonaws.com,CDN,"Amazon Technologies, Inc.",False
cms-cdn.b-cdn.net,CDN,BunnyCDN,False
cms-cm-images.b-cdn.net,CDN,BunnyCDN,False
cms-iurban.com,,,False
cms-s3-prod-us-east-1.s3.amazonaws.com,CDN,"Amazon Technologies, Inc.",False
cms-twdigitalassets.com,,"Twitter, Inc.",False
cms-web-1573499122.us-west-2.elb.amazonaws.com,CDN,"Amazon Technologies, Inc.",False
cms.abb,,,False
cms6.de,,,False
cn-v1.edgesuite.net,CDN,Akamai Technologies,False
cn.edgekey.net,,Akamai Technologies,False
cnbc.com.edgekey.net,,Akamai Technologies,False
cnbcfm.com,,Comcast Corporation,False
cnbcfm.com.edgekey.net,,Akamai Technologies,False
cnc-interceptor.com,,,False
cnci.tech,,,False
cncpt-central.com,,,False
cncpt.dk,,,False
cncptx.com,,,False
cnd-motionmedia.de,,,False
cnet.tech,,,False
cnevids.com,,"Sabin, Bermant & Gould LLP",False
cnhind.com,,,False
cnhionline.com,,"Community Newspaper Holdings, Inc.",False
cnn-tls.map.fastly.net,Action Pixels;Ad Motivated Tracking;Advertising;Analytics;CDN;Embedded Content;Session Replay;Third-Party Analytics Marketing,"Fastly, Inc.",True
cnn.com,Embedded Content,"Warner Bros. Discovery, Inc.",False
cnn.io,,"Warner Bros. Discovery, Inc.",False
cnna.io,,,False
cnnx.link,,,False
cnobi.jp,,,False
cnps.org,,,False
cnrs.fr,,Centre national de la recherche scientifique,False
cns-payload-prod-01-content.global.ssl.fastly.net,Action Pixels;Ad Motivated Tracking;Advertising;Analytics;CDN;Embedded Content;Session Replay;Third-Party Analytics Marketing,"Fastly, Inc.",True
cnstrc.com,,,False
cnt.my,,INTER CITY ADS (MALAYSIA) SDN. BHD,False
cnversion.io,,,False
cnwimg.com,,Corte Lodato LLC,False
cnxdigitalintercept.azureedge.net,CDN,Microsoft Corporation,False
cnzz.com,,Alibaba Group,False
co-a2.freetls.fastly.net,Action Pixels;Ad Motivated Tracking;Advertising;Analytics;CDN;Embedded Content;Session Replay;Third-Party Analytics Marketing,"Fastly, Inc.",True
co-buying.com,,,False
co.akadns.net,CDN,Akamai Technologies,False
co.edgekey.net,,Akamai Technologies,False
co2neutralwebsite.de,,,False
coach.com.edgekey.net,,Akamai Technologies,False
coasttechnology.org,,,False
coatfood.com,,,False
coattend.s3.amazonaws.com,CDN,"Amazon Technologies, Inc.",False
coax.com.au,,,False
coaxspaces.com,,,False
cobaltgroup.com,,"CDK Global, LLC.",False
cobbledex.b-cdn.net,CDN,BunnyCDN,False
cobornsinc.com,,,False
cobrowse.io,,,False
cobrowser.com,,CoBrowser.net B.V.,False
coconts.com,,,False
codainfra.com,,,False
code-black-belt.workers.dev,,,False
code-cube.io,,,False
code-rubik-cdn.s3.amazonaws.com,CDN,"Amazon Technologies, Inc.",False
codeandtonic.com,,,False
codeblackbelt.com,,,False
codedrink.com,,,False
codepen.io,,CodePen,False
codepenassets.com,,,False
codesys.com,,,False
codetabs.com,,,False
codetrendy.com,,,False
codevise.de,,,False
codoc.jp,,,False
cofactordigital.com,,,False
cofra.me,,,False
coframe.com,,,False
cogability.net,,,False
cogerfacil.com,,,False
cognigy.ai,,,False
cognigy.cloud,,,False
cognistx.com,,,False
cognitiondigital.io,,,False
cognitionhub.no,,,False
cognitivlabs.com,,Cognitiv Corp.,False
cognito-identity-fips.us-east-1.amazonaws.com,CDN,"Amazon Technologies, Inc.",False
cognito-identity.us-east-1.amazonaws.com,CDN,"Amazon Technologies, Inc.",False
cognitoforms.com,,,False
coherentpath.com,,"Coherent Path, Inc.",False
cohesionapps.com,,"Tagular Analytics, LLC",False
coigncard.com,,,False
coinbase.com,,"Coinbase, Inc.",False
coingecko.com,,,False
coinglasscdn.com,,,False
coinmarketcap.com,,,False
coinperps.com,,,False
coinsandcanada.com,,,False
coinserom.com,,,False
coleastrehabilitation.com,,,False
coles.com.au,,Coles Financial Services Pty Ltd,False
colewood-automotive.s3-eu-west-1.amazonaws.com,CDN,"Amazon Technologies, Inc.",False
colgate.com,,Colgate-Palmolive Company,False
colgate.com.edgekey.net,,Akamai Technologies,False
colgatepalmolive.com,,,False
colibri-js.akamaized.net,CDN,Akamai Technologies,False
colibrilearning.xyz,,,False
collab2plan.nl,,,False
collect-prd-alb-539115803.eu-west-2.elb.amazonaws.com,CDN,"Amazon Technologies, Inc.",False
collect.chat,,,False
collectcdn.com,,,False
collectcheckout.com,,,False
collectingcars.com,,,False
collection-public-alb-2068521434.eu-west-1.elb.amazonaws.com,CDN,"Amazon Technologies, Inc.",False
collective-media.net,,"Collective, Inc.",False
collectiveaudience.co,,,False
collectivexp.ai,,,False
collegenet.com,,CollegeNET,False
collegesexgames.com,,,False
collegesportswire.com,,,False
collegevine.com,,Canopy Education Inc.,False
coloradojudicial.gov,,,False
coloradonativebee.com,,,False
coloradoserves.com,,,False
coloradosos.gov,,,False
colorline.com,,,False
coloroptimizer.com,,,False
colossusssp.com,Ad Motivated Tracking,"Colossus Media, LLC",True
columbiaanalytica.com,,,False
columbiagas.com,,,False
colute.net,,,False
com,,,False
com-c.edgekey.net,,Akamai Technologies,False
com-dscapi1.edgesuite.net,CDN,Akamai Technologies,False
com-dsd.edgekey.net,,Akamai Technologies,False
com-new.edgekey.net,,Akamai Technologies,False
com-sbd.edgekey.net,,Akamai Technologies,False
com-secure.edgekey.net,,Akamai Technologies,False
com-v1.edgekey.net,,Akamai Technologies,False
com-v1.edgesuite.net,CDN,Akamai Technologies,False
com-v2.edgekey.net,,Akamai Technologies,False
com-v3.edgekey.net,,Akamai Technologies,False
com-v4.edgekey.net,,Akamai Technologies,False
com.js,,,False
com2.edgekey.net,,Akamai Technologies,False
com3.edgekey.net,,Akamai Technologies,False
combbit.com,,,False
combcompetition.com,,"Leven Labs, Inc. DBA Admiral",False
comcast.com,,Comcast Corporation,False
comcast.com.edgekey.net,,Akamai Technologies,False
comeandseefoundation.org,,,False
comenity.net,,Alliance Data Systems,False
comet-serve.com,,,False
cometlytrack.com,,,False
cometondemand.net,,,False
comicad.net,,,False
comitiumanalytics.com,,,False
comlogo.htm,,,False
comm100.com,,Comm100 Network Corporation,False
comm100.io,,,False
comm100vue.com,,,False
commander1.com,Action Pixels;Analytics;Audience Measurement;Third-Party Analytics Marketing,Fjord Technologies,False
commander5.com,,,False
commanderswire.com,,,False
commands.gg,,,False
commentcamarche.com.edgesuite.net,CDN,Akamai Technologies,False
commentcamarche.net.edgesuite.net,CDN,Akamai Technologies,False
commenthub.io,,,False
commenting-platform-alb-prod-1144562074.ap-south-1.elb.amazonaws.com,CDN,"Amazon Technologies, Inc.",False
commento.io,,,False
commentsmodule.com,,,False
commerce-connector.com,,,False
commerceapps.org,,,False
commercebuild.com,,,False
commercebuild.tools,,,False
commercegurus.com,,,False
commercelayer.io,,,False
commercetools.com,,,False
commercev3.net,,,False
commimg-kwcdn-com.trafficmanager.net,CDN,Microsoft Corporation,False
commitchange.com,,,False
commonapp.xyz,,,False
commondef.com,,,False
commoninja.com,,,False
commonspirit.org,,,False
commslayer-eu.s3.eu-central-1.amazonaws.com,CDN,"Amazon Technologies, Inc.",False
commslayer.com,,,False
communicationads.net,,communicationAds GmbH & Co. KG,False
communico.co,,,False
community-uploads-production.s3.dualstack.us-east-1.amazonaws.com,CDN,"Amazon Technologies, Inc.",False
community.com,,,False
community.forum,,,False
communitymediadigital.com,,,False
commversion-public-functions.vercel.app,,,False
comodo.com,,Sectigo Limited,False
comodo.net,,Sectigo Limited,False
comorosmaritime.org,,,False
compagniedesalpes.fr,,,False
company-target.com,Action Pixels;Ad Motivated Tracking;Advertising;Analytics;Audience Measurement;Obscure Ownership;Third-Party Analytics Marketing,"Demandbase, Inc.",True
companydetailscompany.com,,,False
companywall.com,,,False
compass-fit.jp,,"MicroAd, Inc.",False
compat.io,,,False
compendia.no,,,False
compete.com,,Compete Inc.,False
competec.ch,,,False
competitivecyclist.com.akamaized.net,CDN,Akamai Technologies,False
compex.com,,,False
compliancygroup.com,,,False
complyauto.com,,,False
complynet.com,,,False
componentsearchengine.com,,,False
compose-scripts.s3.amazonaws.com,CDN,"Amazon Technologies, Inc.",False
compramejor.es,,,False
compricer.se,,,False
compute-pipe.com,,,False
computer-bild.de,,COMPUTER BILD Digital GmbH,False
computershare.com,,Computershare Ltd,False
comvoy.azureedge.net,CDN,Microsoft Corporation,False
conative.network,,,False
concedo.workers.dev,,,False
conceptualhq.com,,,False
concert.io,,"Vox Media, Inc.",False
concierge.ai,,,False
concord.tech,,,False
concursolutions.com.edgekey.net,,Akamai Technologies,False
condatis.sky,,,False
conde.digital,,,False
condenast.map.fastly.net,Action Pixels;Ad Motivated Tracking;Advertising;Analytics;CDN;Embedded Content;Session Replay;Third-Party Analytics Marketing,"Fastly, Inc.",True
condenastdigital.com,,Conde Nast Publications Inc.,False
condor.com.edgekey.net,,Akamai Technologies,False
condorcloud.net,,,False
condorx.io,,,False
conductor.com,,,False
conductrics.com,,Conductrics,False
conductrics.net,,,False
conduent.com,,,False
confiant-integrations.global.ssl.fastly.net,Action Pixels;Ad Motivated Tracking;Advertising;Analytics;CDN;Embedded Content;Session Replay;Third-Party Analytics Marketing,"Fastly, Inc.",True
confiant-integrations.net,,"Confiant, Inc.",False
config-factory.com,,,False
config-security.com,,,False
configcat.com,,ConfigCat Service and Development Limited Liability Company,False
confirmit.com,,,False
confirmit.com.au,,,False
confirmit.eu,,,False
confirmsubscription.com,,CM Group,False
connatix.com,,Connatix,False
connect.aws,,,False
connectad.io,,ConnectAd,False
connectai.ch,,,False
connectedcommunity.org,,,False
connectedinteractive.com,,,False
connectel.app,,,False
connectif.cloud,,,False
connectio.s3.amazonaws.com,CDN,"Amazon Technologies, Inc.",False
connection.fr,,,False
connectionpoint.com,,,False
connectolive.com,,,False
connects.ch,,,False
connectsites.net,,,False
connectworkgrid.com,,,False
connexity.net,Ad Motivated Tracking;Advertising;Analytics;Audience Measurement;Third-Party Analytics Marketing,"Connexity, Inc.",True
connexone.co.uk,,,False
connextra.com,,Betgenius Limited,False
connox-ch.azureedge.net,CDN,Microsoft Corporation,False
connox-de.azureedge.net,CDN,Microsoft Corporation,False
connox.de,,Connox GmbH,False
connox.io,,,False
consensu.org,Consent Management Platform;Non-Tracking,IAB Europe,False
consent-banner.global.ssl.fastly.net,Action Pixels;Ad Motivated Tracking;Advertising;Analytics;CDN;Embedded Content;Session Replay;Third-Party Analytics Marketing,"Fastly, Inc.",True
consent-ease.com,,,False
consent-insights-3c23a978f31a.herokuapp.com,CDN,"Salesforce.com, Inc.",False
consent.studio,,,False
consentag.eu,,,False
consentframework.com,Consent Management Platform,Sirdata SAS,False
consentik.com,,,False
consentise.com,,,False
consently.net,,,False
consentmanager.net,Consent Management Platform,consentmanager AB,False
consentmo.com,,,False
consentmodebanner.com,,,False
consentpro.com,,,False
consequence.net,,,False
consistencycigaretteaged.com,,,False
consolewebgear.fr,,,False
const.uno,,,False
constantcontact.com,Action Pixels;Analytics;Embedded Content;Third-Party Analytics Marketing,"Constant Contact, Inc",False
consumeraffairs.com,,ConsumerAffairs,False
consumercare.net,,,False
consumeririssalary.com,,,False
consumerreview.com,,Invenda Corporation,False
consumersadvocate.org,,,False
consumertrack.com,,ConsumerTrack Inc.,False
contact-server.com,,,False
contactatonce.com,Support Chat Widget,Contact At Once!,False
contactpigeon.com,,GRAMMEDIA LTD,False
container-buddy.onrender.com,,,False
containerhosting.eu,,,False
containous.ghost.io,,,False
contanuity.com,,,False
contensis.com,,,False
content-ad.net,,Content.ad,False
content-agent-backend.onrender.com,,,False
content-analyticsadmin.googleapis.com,CDN;Embedded Content,Google LLC,False
content-analyticsdata.googleapis.com,CDN;Embedded Content,Google LLC,False
content-cms.com,,,False
content-earthengine.googleapis.com,CDN;Embedded Content,Google LLC,False
content-firebaseappcheck.googleapis.com,CDN;Embedded Content,Google LLC,False
content-garden.com,,,False
content-people-pa.googleapis.com,CDN;Embedded Content,Google LLC,False
content-settings.com,,,False
content-sheets.googleapis.com,CDN;Embedded Content,Google LLC,False
content-sync.xyz,,,False
content-youtube.googleapis.com,CDN;Embedded Content,Google LLC,False
content.googleapis.com,CDN;Embedded Content,Google LLC,False
content4travel.com,,,False
contentabc.com,Advertising;Obscure Ownership;Unknown High Risk Behavior,Aylo,True
contentagentur.ch,,,False
contentanalytics.jp,,,False
contentarcade.com,,,False
contentconnections.io,,,False
contentdelivery.net,,,False
contentdsp.com,,,False
contentengine.net,,,False
contentexchange.me,,,False
contentfabric.io,,,False
contentflow.net,,,False
contentful.com,,Contentful GmbH,False
contenthub.dev,,,False
contentinsights.com,,Content Insights,False
contentpass.net,,Content Pass GmbH,False
contents-search-windows.com,,,False
contentsfeed.com,,,False
contentsprinter.xyz,,,False
contentsquare.net,Action Pixels;Analytics;Audience Measurement;Session Replay;Third-Party Analytics Marketing,ContentSquare,False
contentstack.com,,Raw Engineering LLC,False
contentstack.io,,Raw Engineering LLC,False
context.ly,,,False
contextads.live,,,False
contextly.com,,,False
contextualadv.com,,,False
contextweb.com,Ad Fraud;Ad Motivated Tracking;Advertising;Audience Measurement,"Pulsepoint, Inc.",True
contimo.app,,,False
contineljs.com,,Cong Ty Co Phan VCCORP,False
continual.ly,,,False
continuingeducation.com,,,False
contivio.com,,eOne Integrated Business Solutions,False
contkit.com,,,False
contobox.com,,,False
contouraviation.com,,,False
contrado.app,,,False
control.com,,,False
controq.com,,,False
convbox.ai,,,False
converge-digital.com,,,False
convergeselect.net,,,False
convers.link,,,False
conversation24.com,,,False
conversationalsdevelopment.nl,,,False
converse.com.edgekey.net,,Akamai Technologies,False
conversica.com,,,False
conversion.ai,,,False
conversion.io,,,False
conversionbear.com,,,False
conversionbox.io,,,False
conversionpx.com,,,False
conversionrate.store,,,False
conversionruler.com,,"Market Ruler, LLC",False
conversionsapigateway.com,,,False
conversionteam.s3.amazonaws.com,CDN,"Amazon Technologies, Inc.",False
conversionwax.com,,,False
convert48-wsm.netlify.app,,,False
convertbox.com,,,False
convertcart.com,,,False
convertevent.com,,,False
convertexperiments.com,,Convert Insights Inc,False
convertflow.co,,,False
convertfox.com,,,False
convertful.com,,,False
convertkit.com,,"Kit, Inc.",False
convertkit.s3.amazonaws.com,CDN,"Amazon Technologies, Inc.",False
convertlanguage.com,,Motionpoint Corporation,False
convex.cloud,,,False
conveythis.com,,,False
convincely.io,,,False
convirza.com,,,False
conviva.com,,"Conviva, Inc.",False
convrse.media,,,False
conword.io,,,False
coohom.com,,,False
cookie-consent-cdn-prod.pages.dev,,,False
cookie-less.org,,,False
cookie-script.com,,,False
cookiebanners.nl,,,False
cookiebot.com,Consent Management Platform;Embedded Content;Non-Tracking,Usercentrics GmbH,False
cookiebot.eu,,,False
cookiechimp.com,,,False
cookiecode.nl,,,False
cookieconfirm.com,,,False
cookieconsent.io,,,False
cookiecontrol.azureedge.net,CDN,Microsoft Corporation,False
cookiefirst.com,Consent Management Platform,Digital Data Solutions B.V.,False
cookiefrog.net,,,False
cookiehub.eu,,,False
cookiehub.net,,,False
cookieinformation.com,Consent Management Platform,Cookie Information A/S,False
cookieinfoscript.com,,,False
cookielaw.org,Consent Management Platform;Embedded Content;Non-Tracking,OneTrust LLC,False
cookieless-data.com,,,False
cookieless-proxistore.com,,,False
cookieman.net,,,False
cookiemon-analytics.azurewebsites.net,CDN,Microsoft Corporation,False
cookiepro.com,Consent Management Platform,OneTrust LLC,False
cookiereports.com,,,False
cookietractor.com,,,False
cookieyes.com,,,False
cookinglife-shop.myshopify.com,Analytics;CDN;Embedded Content;Online Payment,Shopify Inc.,False
cookist.it,,,False
cooks.net,,,False
cooladata.com,,Medallia Inc.,False
coolblue.nl,,,False
coolguesthouse.com,,,False
coolkidsdistrict.com,,,False
coolmathgames.com,,"Coolmath.com, LLC",False
coolmedia.co,,,False
coolmediaspace.cyou,,,False
coolmoviez.com.pl,,,False
coolretargeting.com,,,False
coomeet.com,,,False
coomeet.me,,,False
coop.ch,,Coop Genossenschaft,False
coopmaths.fr,,,False
coosync.com,,,False
cootlogix.com,,Vidazoo Ltd,False
copaairlines-mktg.com,,,False
copart.com,,,False
copc-cdn.s3.amazonaws.com,CDN,"Amazon Technologies, Inc.",False
copc-strapi-production.s3.amazonaws.com,CDN,"Amazon Technologies, Inc.",False
copernic.co,,,False
copernica.com,,,False
copilot.com,,,False
copilot.live,,,False
coppel.com.edgekey.net,,Akamai Technologies,False
copper6.com,,,False
coppervoyager.top,,,False
copycarpenter.com,,,False
copyrightcontent.org,,,False
copyrighted.com,,,False
coralproject.net,,,False
corcoranlabs.com,,,False
cordial.com,,,False
cordial.io,,"Bandfarm, Inc.",False
cordlessmedia.com,,,False
core-alb-prod-1815909382.us-east-1.elb.amazonaws.com,CDN,"Amazon Technologies, Inc.",False
core-docs.s3.amazonaws.com,CDN,"Amazon Technologies, Inc.",False
core-rd.com,,,False
coreai.no,,,False
corebridgedirect.com,,,False
coredna.com,,,False
corel.com,,Corel Corporation,False
corelogic.asia,,,False
coremedia.cloud,,CoreMedia AG,False
coret.org,,Coret Genealogie,False
coreware.com,,,False
corewebdna.com,,,False
corewebvitals.io,,,False
cornercart.io,,,False
cornhuskerswire.com,,,False
corpallies.com,,,False
corpemf.com,,,False
corporatetools.com,,,False
correctedcode.com,,,False
corsair-us.myshopify.com,Analytics;CDN;Embedded Content;Online Payment,Shopify Inc.,False
corsair.com,,"Corsair Memory, Inc",False
corsair.com.edgekey.net,,Akamai Technologies,False
corsme.com,,,False
corso.com,,,False
corsproxy.io,,,False
cortexbid.com,,,False
cortextech.io,,,False
corusdigitaldev.com,,,False
corvidae.ai,,,False
cos-sun.com,,,False
cos.com,,,False
cos.com.edgekey.net,,Akamai Technologies,False
cosm-cdn.io,,,False
cosm.io,,,False
cosmicjs.com,,,False
costargroup.com,,,False
costco-static.com,,Costco Wholesale Corporation,False
costco-static.com.edgekey.net,,Akamai Technologies,False
costco.ca,,Costco Wholesale Corporation,False
costco.com.edgekey.net,,Akamai Technologies,False
costcotravel.com,,Costco Wholesale Corporation,False
costcotravel.com.edgekey.net,,Akamai Technologies,False
cotopaxi.myshopify.com,Analytics;CDN;Embedded Content;Online Payment,Shopify Inc.,False
cottongroup.org,,,False
cougparts.com,,,False
counciladvertising.net,,CAN Digital Solutions Ltd,False
counter.dev,,,False
countr.one,,,False
country.is,,,False
countryandtownhouse.co.uk,,,False
countrygrocer.wpenginepowered.com,,,False
countynewscenter.com,,,False
coupang.com,,Coupang Corp.,False
coupangcdn.com,,Coupang Corp.,False
coupert.com,,,False
coursedog.com,,,False
coursera.org,,Coursera Inc,False
covatic.io,,,False
cove.chat,,,False
coveo.com,,Coveo Solutions Inc.,False
coverdistilltile.com,,,False
coverstand.com,,,False
covet.pics,,Space Squirrel Ltd.,False
covetrus.com,,,False
coxautoinc.com,,"Cox Enterprises, Inc.",False
coyuchi-store.myshopify.com,Analytics;CDN;Embedded Content;Online Payment,Shopify Inc.,False
cp7dom-b3jtc8.myshopify.com,Analytics;CDN;Embedded Content;Online Payment,Shopify Inc.,False
cpcstar.com,,,False
cpdsrv.de,,,False
cpex.cz,,Trust Provider B.V.,False
cpg-cdn.com,,,False
cpj-prod.b-cdn.net,CDN,BunnyCDN,False
cplsoccer.com.edgesuite.net,CDN,Akamai Technologies,False
cpmcash.org,,,False
cpmstar.com,,"Tactics Network, LLC",False
cps-p-gslbc.akadns.net,CDN,Akamai Technologies,False
cpscentral.com,,,False
cptn.co,,,False
cpx.to,Action Pixels;Ad Motivated Tracking;Advertising;Analytics;Audience Measurement;Obscure Ownership,Captify Technologies Ltd.,True
cq0.co,,,False
cqc.org.uk,,,False
cqjpxiq2wcbjhlgy.myfritz.net,,AVM Computersysteme Vertriebs GmbH,False
cqloud.com,,,False
cquotient.com,Analytics,"Salesforce.com, Inc.",False
cr-proxy.com,,,False
cr-relay.com,,,False
cr.org,,,False
craft.cloud,,,False
craftsy.b-cdn.net,CDN,BunnyCDN,False
craig.global.ssl.fastly.net,Action Pixels;Ad Motivated Tracking;Advertising;Analytics;CDN;Embedded Content;Session Replay;Third-Party Analytics Marketing,"Fastly, Inc.",True
crain-global.s3.amazonaws.com,CDN,"Amazon Technologies, Inc.",False
crall.io,,,False
crane.aero,,,False
crateandbarrel.com,,Crate & Barrel,False
crateandbarrel.com.edgekey.net,,Akamai Technologies,False
cratecamera.com,,"Leven Labs, Inc. DBA Admiral",False
crave.edgekey.net,,Akamai Technologies,False
crawebsites.com,,,False
crazyegg.com,Analytics;Audience Measurement;Session Replay;Third-Party Analytics Marketing,"Crazy Egg, Inc.",False
crazygames.com,,,False
crazylovepartners.com,,,False
crazymaplestudios.com,,,False
crazyrocket.io,,,False
crc-online.nl,,,False
crcldu.com,,,False
creacast.com,,,False
creality.com,,,False
crealitycloud.com,,,False
crealityeu.myshopify.com,Analytics;CDN;Embedded Content;Online Payment,Shopify Inc.,False
crealityusa.myshopify.com,Analytics;CDN;Embedded Content;Online Payment,Shopify Inc.,False
creatable.io,,,False
createaclickablemap.com,,"Flynndustries, LLC",False
createjs.com,CDN,gskinner,False
createporn.com,,,False
createsend.com,,CM Group,False
createsend1.com,,CM Group,False
creative-serving.com,Action Pixels;Ad Motivated Tracking;Advertising,Platform161,True
creative-serving.org,,,False
creativecdn.com,Ad Motivated Tracking;Advertising,RTB House S.A.,True
creativecommons.org,Non-Tracking,Creative Commons,False
creativedot.net,,,False
creativedot2.net,,,False
creatopy.net,,,False
creator-spring.com,,,False
creden.co,,,False
credible.com,,,False
creditkarma.com,,Intuit Inc.,False
creditkarma.com.edgekey.net,,Akamai Technologies,False
creditkarmacdn-a.akamaihd.net,CDN,Akamai Technologies,False
creditkey.com,,,False
creditsyard.com,,,False
credova.com,,,False
creepy-frame.com,,,False
cremz.com,,,False
creoline.cloud,,,False
crescentnews.com,,,False
crescolabs.com,,,False
crestolaven.com,,,False
crestroninfo.com,,,False
cribnotes.jp,,,False
cricbuzz.com.edgekey.net,,Akamai Technologies,False
cricketwireless.com.akadns.net,CDN,Akamai Technologies,False
criminallegalnews.org,,,False
crisistuesdayartillery.com,,,False
crisp.chat,Support Chat Widget,Crisp IM SARL,False
criteo.com,Ad Motivated Tracking;Advertising;Analytics;Third-Party Analytics Marketing,Criteo SA,True
criteo.net,Ad Motivated Tracking;Advertising;Analytics,Criteo SA,True
critizr.com,,nicolas hammer,False
crittereasilyhangover.com,,,False
critterfence.b-cdn.net,CDN,BunnyCDN,False
crmared.com,,,False
crmbright.com,,,False
crme7srv.com,,,False
crmforce.mil,,,False
crobox.com,,,False
crobox.io,,,False
crocdn.co.uk,,,False
crocs.co.uk,,,False
crocs.com,,"Crocs, Inc.",False
croma.com.edgekey.net,,Akamai Technologies,False
cronitor.io,,,False
cross-x-frame.s3.us-east-2.amazonaws.com,CDN,"Amazon Technologies, Inc.",False
crossees.com,,,False
crossingminds.com,,,False
crossingshare.com,,,False
crossref.org,,Crossref,False
crosssell.info,,econda GmbH,False
crowdclean.co,,,False
crowdhandler.com,,,False
crowdin.net,,,False
crowdriff.com,,CrowdRiff Inc.,False
crowdscience.com,,,False
crowdsignal.com,,"Automattic, Inc.",False
crowdtwist.com,,,False
crownpeak.com,,Crownpeak Technology,False
crownpeak.net,,Crownpeak Technology,False
crownresorts.com.au,,,False
crownsydney.com.au,,,False
crrnt.app,,,False
crsspxl.com,Ad Motivated Tracking;Advertising;Analytics;Audience Measurement;Third-Party Analytics Marketing,"Cross Pixel Media, Inc.",True
crucialcommerceapps.com,,,False
crucials.io,,,False
crude-hurtigkasse-2.herokuapp.com,CDN,"Salesforce.com, Inc.",False
cruisecritic.com,,TripAdvisor LLC,False
crumpetprankerstench.com,,,False
crunchlabsstore.myshopify.com,Analytics;CDN;Embedded Content;Online Payment,Shopify Inc.,False
crushable.com,,,False
crutchfieldonline.com,,,False
crwdcntrl.net,Ad Motivated Tracking;Advertising;Audience Measurement,"Lotame Solutions, Inc.",True
crxcr1.com,,,False
crxcr2.com,,,False
crxcra.com,,,False
cryptocompare.com,,Crypto Coin Comparison Ltd,False
crystalcovegems.org,,,False
crystallize.com,,,False
cs2.ch,,,False
csbep-bi-cms.firebaseapp.com,CDN,Google LLC,False
csbep-bi-cms.web.app,,Google LLC,False
cscshopfront.com,,,False
csdata3.com,,,False
csell.co,,,False
csgpmarketplace.com,,"CoStar Realty Information, Inc.",False
csh.works,,,False
cshlp.org,,,False
csicskalangos.com,,,False
csidetm.com,,,False
csl-computer.eu,,,False
csnstatic.com,,CARSALES.COM LIMITED,False
csolution.jp,,CONCAVE inc.,False
csp.withgoogle.com,,Google LLC,False
csper.io,,,False
css.bauhaus,,,False
css.gg,,,False
css3-mediaqueries-js.googlecode.com,,Google LLC,False
cstmapp.com,,,False
cstrk.net,,,False
cstt-app.herokuapp.com,CDN,"Salesforce.com, Inc.",False
ct-costco.com,,,False
ct0.ch,,,False
ct11.biz,,,False
ctaddons.com,,,False
ctchpnt.akamaized.net,CDN,Akamai Technologies,False
ctct.io,,,False
ctctcdn.com,,"Constant Contact, Inc",False
ctfassets.net,CDN;Federated Login;SSO;Third-Party Analytics Marketing,Contentful GmbH,False
ctfs.com.edgekey.net,,Akamai Technologies,False
ctnsnet.com,Ad Motivated Tracking;Advertising,Crimtan Holdings Ltd,True
ctobsnssdk.com,,ByteDance Ltd.,False
ctraffic.io,,,False
ctripgslb.com,,,False
ctxcollect.com,,,False
ctxtfl.com,,,False
ctz-content.com,,,False
cubchannel.com,,"Leven Labs, Inc. DBA Admiral",False
cube-digital.media,,,False
cubetecn.com,,,False
cuckcapital.cr,,,False
cuckoldsporn.com,,,False
cudasvc.com,,Barracuda Networks Inc.,False
cudawaas.com,,,False
cue.cloud,,,False
cuelinks.com,,,False
culturaltracking.ru,,,False
culturebase.org,,,False
cumvids.one,,,False
cupbearergrowllurch.com,,,False
cupicons.b-cdn.net,CDN,BunnyCDN,False
cupra.com,,,False
cupshestatic.com,,,False
curalate-public-assets.s3.amazonaws.com,CDN,"Amazon Technologies, Inc.",False
curalate.com,,Marlin Equity Partners,False
curator-assets.b-cdn.net,CDN,BunnyCDN,False
curator.io,,,False
curbed.com,,"Vox Media, Inc.",False
curbneon.com,,,False
currency.me.uk,,,False
custhelp.com,Embedded Content;Support Chat Widget,Oracle Corporation,False
custobar.com,,Golpe,False
custom-capability.com,,,False
customcdn.org,,,False
customer-first-focus.b-cdn.net,CDN,BunnyCDN,False
customer.io,,Peaberry Software Inc.,False
customer360.co,,,False
customerattributedataapi.trafficmanager.net,CDN,Microsoft Corporation,False
customerfields.com,,,False
customerhub.b-cdn.net,CDN,BunnyCDN,False
customerioforms.com,,,False
customeriomail.com,,,False
customerlabs.co,,CUSTOMERLABS DIGITAL SOLUTIONS PVT LTD,False
customerprogramportal.com,,,False
customgpt.ai,,,False
customily.com,,,False
custommapposter.com,,,False
custompricecalculator.com,,,False
customsearch.ai,,Microsoft Corporation,False
customsizepricecalculator.com,,,False
customwheeloffset.com,,,False
custplace.com,,,False
cutcomposer.com,,,False
cutechin.com,,"Leven Labs, Inc. DBA Admiral",False
cuties-marketing.b-cdn.net,CDN,BunnyCDN,False
cuttlefish.com,,,False
cux.io,,,False
cvastico.com,,,False
cvent.com,,"Cvent, Inc.",False
cvhnet.de,,,False
cvly.app,,,False
cvnt.net,,,False
cvrtjkmt.com,,,False
cvs.com,,CVS Pharmacy Inc,False
cvscaremark.com,,,False
cvshealth.com.edgekey.net,,Akamai Technologies,False
cvweu-iml-pr-cdn-vgz.azureedge.net,CDN,Microsoft Corporation,False
cw-twilio-webchat-widget.vercel.app,,,False
cwbi.mil,,,False
cwerkt.nl,,,False
cwi.re,,,False
cwmkt.app,,,False
cws.net,,,False
cwstorage.b-cdn.net,CDN,BunnyCDN,False
cxcomlive-webconvwa-weu.azurewebsites.net,CDN,Microsoft Corporation,False
cxcuwpdev.wpenginepowered.com,,,False
cxense.com,Ad Motivated Tracking;Advertising;Analytics;Third-Party Analytics Marketing,Piano Software,True
cxppgbr1rdrect01sa02cdn-endpoint.azureedge.net,CDN,Microsoft Corporation,False
cxppusa1formui01cdnsa01-endpoint.azureedge.net,CDN,Microsoft Corporation,False
cxppusa1rdrect01sa02cdn-endpoint.azureedge.net,CDN,Microsoft Corporation,False
cxpublic.com,,,False
cy-sierra-assets.s3.amazonaws.com,CDN,"Amazon Technologies, Inc.",False
cya-supply-co.myshopify.com,Analytics;CDN;Embedded Content;Online Payment,Shopify Inc.,False
cybba.solutions,,,False
cybbaview.com,,,False
cyber-power.s3.us-west-2.amazonaws.com,CDN,"Amazon Technologies, Inc.",False
cyberlink.global,,,False
cybermalveillance.gouv.fr,,,False
cybernautic.com,,,False
cyberprocurement.com,,,False
cybersource.com,,,False
cybertronads.com,,,False
cyclingflash.com,,,False
cylindo.com,,Cylindo LLC,False
cypok-media.fr,,,False
cytelligence.io,,,False
cytrio.com,,,False
cz.edgekey.net,,Akamai Technologies,False
czechvrnetwork.com,,,False
czguii.com,,,False
d-gurus.com,,,False
d-maze.ch,,,False
d.sni.global.fastly.net,Action Pixels;Ad Motivated Tracking;Advertising;Analytics;CDN;Embedded Content;Session Replay;Third-Party Analytics Marketing,"Fastly, Inc.",True
d100npzark077w.cloudfront.net,CDN,"Amazon Technologies, Inc.",False
d102u3i0uv0xeg.cloudfront.net,CDN,"Amazon Technologies, Inc.",False
d105xfld24v362.cloudfront.net,CDN,"Amazon Technologies, Inc.",False
d107kcoudcpoxc.cloudfront.net,CDN,"Amazon Technologies, Inc.",False
d109nx1slwzmxd.cloudfront.net,CDN,"Amazon Technologies, Inc.",False
d10gj1n71zrt2q.cloudfront.net,CDN,"Amazon Technologies, Inc.",False
d10l9zzdlcl6ti.cloudfront.net,CDN,"Amazon Technologies, Inc.",False
d10lncxppk45mx.cloudfront.net,CDN,"Amazon Technologies, Inc.",False
d10lpsik1i8c69.cloudfront.net,CDN,"Amazon Technologies, Inc.",False
d10ma8p8ahxej2.cloudfront.net,CDN,"Amazon Technologies, Inc.",False
d10o6nnig0wrdw.cloudfront.net,CDN,"Amazon Technologies, Inc.",False
d10pwglna6up6p.cloudfront.net,CDN,"Amazon Technologies, Inc.",False
d10rdyp01sn3kp.cloudfront.net,CDN,"Amazon Technologies, Inc.",False
d10rxg6s8apbfh.cloudfront.net,CDN,"Amazon Technologies, Inc.",False
d10v574k859ov3.cloudfront.net,CDN,"Amazon Technologies, Inc.",False
d1109l3new7jon.cloudfront.net,CDN,"Amazon Technologies, Inc.",False
d1137kas3d9324.cloudfront.net,CDN,"Amazon Technologies, Inc.",False
d11418hki02vv6.cloudfront.net,CDN,"Amazon Technologies, Inc.",False
d114hh0cykhyb0.cloudfront.net,CDN,"Amazon Technologies, Inc.",False
d114iskddk4oxu.cloudfront.net,CDN,"Amazon Technologies, Inc.",False
d115jpn9r81ew0.cloudfront.net,CDN,"Amazon Technologies, Inc.",False
d118kh8fkd39qc.cloudfront.net,CDN,"Amazon Technologies, Inc.",False
d11gvv0x435fea.cloudfront.net,CDN,"Amazon Technologies, Inc.",False
d11h0pey8cu31p.cloudfront.net,CDN,"Amazon Technologies, Inc.",False
d11ijat5yj4icx.cloudfront.net,CDN,"Amazon Technologies, Inc.",False
d11nkj28azdhg6.cloudfront.net,CDN,"Amazon Technologies, Inc.",False
d11qoqw0p5lsj5.cloudfront.net,CDN,"Amazon Technologies, Inc.",False
d11tldh9zr4z08.cloudfront.net,CDN,"Amazon Technologies, Inc.",False
d11vhz4nn3ek3p.cloudfront.net,CDN,"Amazon Technologies, Inc.",False
d11xj2yogkg6ew.cloudfront.net,CDN,"Amazon Technologies, Inc.",False
d11z83et0nhd29.cloudfront.net,CDN,"Amazon Technologies, Inc.",False
d122jm2j6hzuzv.cloudfront.net,CDN,"Amazon Technologies, Inc.",False
d1274tx8ixnt7d.cloudfront.net,CDN,"Amazon Technologies, Inc.",False
d127mspptluska.cloudfront.net,CDN,"Amazon Technologies, Inc.",False
d127rzjkt080sg.cloudfront.net,CDN,"Amazon Technologies, Inc.",False
d129qj39ell9t0.cloudfront.net,CDN,"Amazon Technologies, Inc.",False
d12cdgbaa3j9gl.cloudfront.net,CDN,"Amazon Technologies, Inc.",False
d12cgyqf3rdklz.cloudfront.net,CDN,"Amazon Technologies, Inc.",False
d12gjwk5esdcbc.cloudfront.net,CDN,"Amazon Technologies, Inc.",False
d12i5y34o8fx66.cloudfront.net,CDN,"Amazon Technologies, Inc.",False
d12j7kicqyay5s.cloudfront.net,CDN,"Amazon Technologies, Inc.",False
d12lbzksufiz5y.cloudfront.net,CDN,"Amazon Technologies, Inc.",False
d12nlb6renn3r2.cloudfront.net,CDN,"Amazon Technologies, Inc.",False
d12nvzdw7q045w.cloudfront.net,CDN,"Amazon Technologies, Inc.",False
d12pezlii9h5wx.cloudfront.net,CDN,"Amazon Technologies, Inc.",False
d12q6r8cn10va4.cloudfront.net,CDN,"Amazon Technologies, Inc.",False
d12spyavmm1bje.cloudfront.net,CDN,"Amazon Technologies, Inc.",False
d12tly1s0ox52d.cloudfront.net,CDN,"Amazon Technologies, Inc.",False
d12ujrcbdl9a6k.cloudfront.net,CDN,"Amazon Technologies, Inc.",False
d12v9rtnomnebu.cloudfront.net,CDN,"Amazon Technologies, Inc.",False
d12visqm54iddo.cloudfront.net,CDN,"Amazon Technologies, Inc.",False
d12wvaqs0t9jrh.cloudfront.net,CDN,"Amazon Technologies, Inc.",False
d12yjvgtfpy7v0.cloudfront.net,CDN,"Amazon Technologies, Inc.",False
d12z6brdkann2e.cloudfront.net,CDN,"Amazon Technologies, Inc.",False
d12zbcmk3ln6yc.cloudfront.net,CDN,"Amazon Technologies, Inc.",False
d13053liul3qvt.cloudfront.net,CDN,"Amazon Technologies, Inc.",False
d13084n5ydpt71.cloudfront.net,CDN,"Amazon Technologies, Inc.",False
d130nd3uazr3d6.cloudfront.net,CDN,"Amazon Technologies, Inc.",False
d132mt2yijm03y.cloudfront.net,CDN,"Amazon Technologies, Inc.",False
d132x6oi8ychic.cloudfront.net,CDN,"Amazon Technologies, Inc.",False
d136o2mh6as7fg.cloudfront.net,CDN,"Amazon Technologies, Inc.",False
d138zd1ktt9iqe.cloudfront.net,CDN,"Amazon Technologies, Inc.",False
d13ehjr563sfo3.cloudfront.net,CDN,"Amazon Technologies, Inc.",False
d13jj08vfqimqg.cloudfront.net,CDN,"Amazon Technologies, Inc.",False
d13monks27rhq3.cloudfront.net,CDN,"Amazon Technologies, Inc.",False
d13p5pic1xziit.cloudfront.net,CDN,"Amazon Technologies, Inc.",False
d13pew5b00glqy.cloudfront.net,CDN,"Amazon Technologies, Inc.",False
d13r6hj5vtjfjb.cloudfront.net,CDN,"Amazon Technologies, Inc.",False
d13rdz7z89sikw.cloudfront.net,CDN,"Amazon Technologies, Inc.",False
d13vs86ckfnvoz.cloudfront.net,CDN,"Amazon Technologies, Inc.",False
d13xa4qxoa6qp7.cloudfront.net,CDN,"Amazon Technologies, Inc.",False
d1428jhdevokot.cloudfront.net,CDN,"Amazon Technologies, Inc.",False
d142lumlhiml6k.cloudfront.net,CDN,"Amazon Technologies, Inc.",False
d142p9bdz78z1a.cloudfront.net,CDN,"Amazon Technologies, Inc.",False
d143fo0iiqhxcn.cloudfront.net,CDN,"Amazon Technologies, Inc.",False
d1478j0kge9vfg.cloudfront.net,CDN,"Amazon Technologies, Inc.",False
d147dt0faszygd.cloudfront.net,CDN,"Amazon Technologies, Inc.",False
d147rp49mesryp.cloudfront.net,CDN,"Amazon Technologies, Inc.",False
d149k50likizmt.cloudfront.net,CDN,"Amazon Technologies, Inc.",False
d149w1987x6oi5.cloudfront.net,CDN,"Amazon Technologies, Inc.",False
d14b9ctw0m6fid.cloudfront.net,CDN,"Amazon Technologies, Inc.",False
d14euvuhm9q0ao.cloudfront.net,CDN,"Amazon Technologies, Inc.",False
d14fa8kn9exunp.cloudfront.net,CDN,"Amazon Technologies, Inc.",False
d14jnfavjicsbe.cloudfront.net,CDN,"Amazon Technologies, Inc.",False
d14kskzwq7whe4.cloudfront.net,CDN,"Amazon Technologies, Inc.",False
d14mufhmdeg0nn.cloudfront.net,CDN,"Amazon Technologies, Inc.",False
d14na7tzlwj0co.cloudfront.net,CDN,"Amazon Technologies, Inc.",False
d152ue685qk6oa.cloudfront.net,CDN,"Amazon Technologies, Inc.",False
d152vfs3ql3bxq.cloudfront.net,CDN,"Amazon Technologies, Inc.",False
d153rqv8na4vs.cloudfront.net,CDN,"Amazon Technologies, Inc.",False
d1564fddzjmdj5.cloudfront.net,CDN,"Amazon Technologies, Inc.",False
d157jlwnudd93d.cloudfront.net,CDN,"Amazon Technologies, Inc.",False
d15db38cr8tcql.cloudfront.net,CDN,"Amazon Technologies, Inc.",False
d15gdne58bo42a.cloudfront.net,CDN,"Amazon Technologies, Inc.",False
d15k2d11r6t6rl.cloudfront.net,CDN,"Amazon Technologies, Inc.",False
d15kdpgjg3unno.cloudfront.net,CDN,"Amazon Technologies, Inc.",False
d15l6cgux51qse.cloudfront.net,CDN,"Amazon Technologies, Inc.",False
d15ldvyocwqu5y.cloudfront.net,CDN,"Amazon Technologies, Inc.",False
d15lg17q1piabk.cloudfront.net,CDN,"Amazon Technologies, Inc.",False
d15lhc6p38kxp4.cloudfront.net,CDN,"Amazon Technologies, Inc.",False
d15mh9vtzh7al4.cloudfront.net,CDN,"Amazon Technologies, Inc.",False
d15ncmemjk8cnt.cloudfront.net,CDN,"Amazon Technologies, Inc.",False
d15szi1ymple4d.cloudfront.net,CDN,"Amazon Technologies, Inc.",False
d15zjc2r4e8kr7.cloudfront.net,CDN,"Amazon Technologies, Inc.",False
d161f70cbh7kx6.cloudfront.net,CDN,"Amazon Technologies, Inc.",False
d1639lhkj5l89m.cloudfront.net,CDN,"Amazon Technologies, Inc.",False
d163axztg8am2h.cloudfront.net,CDN,"Amazon Technologies, Inc.",False
d1655w2ffmaovv.cloudfront.net,CDN,"Amazon Technologies, Inc.",False
d165qzc1augwjx.cloudfront.net,CDN,"Amazon Technologies, Inc.",False
d166chel5lrjm5.cloudfront.net,CDN,"Amazon Technologies, Inc.",False
d166ml7zcrjz21.cloudfront.net,CDN,"Amazon Technologies, Inc.",False
d168dkhecm9uve.cloudfront.net,CDN,"Amazon Technologies, Inc.",False
d16adhxp2sjlbw.cloudfront.net,CDN,"Amazon Technologies, Inc.",False
d16dd1r79g7ts3.cloudfront.net,CDN,"Amazon Technologies, Inc.",False
d16fk4ms6rqz1v.cloudfront.net,CDN,"Amazon Technologies, Inc.",False
d16i99j5zwwv51.cloudfront.net,CDN,"Amazon Technologies, Inc.",False
d16j6gfjmqugt.cloudfront.net,CDN,"Amazon Technologies, Inc.",False
d16jny3kjm2a1j.cloudfront.net,CDN,"Amazon Technologies, Inc.",False
d16o2fplq2wi4c.cloudfront.net,CDN,"Amazon Technologies, Inc.",False
d16slxhasxoxdz.cloudfront.net,CDN,"Amazon Technologies, Inc.",False
d16t7mzm8andkl.cloudfront.net,CDN,"Amazon Technologies, Inc.",False
d16tawumup852n.cloudfront.net,CDN,"Amazon Technologies, Inc.",False
d16tf39cmx7ftb.cloudfront.net,CDN,"Amazon Technologies, Inc.",False
d172atjc9oogu1.cloudfront.net,CDN,"Amazon Technologies, Inc.",False
d172goiuiobhuy.cloudfront.net,CDN,"Amazon Technologies, Inc.",False
d172ivhh7mwk.cloudfront.net,CDN,"Amazon Technologies, Inc.",False
d1748ebqlrzps4.cloudfront.net,CDN,"Amazon Technologies, Inc.",False
d1751q07yrzk5b.cloudfront.net,CDN,"Amazon Technologies, Inc.",False
d1760vccfwev54.cloudfront.net,CDN,"Amazon Technologies, Inc.",False
d177995c7n2ljt.cloudfront.net,CDN,"Amazon Technologies, Inc.",False
d17817zve00jq4.cloudfront.net,CDN,"Amazon Technologies, Inc.",False
d17c2ek52hzf2b.cloudfront.net,CDN,"Amazon Technologies, Inc.",False
d17c72h1ypygg7.cloudfront.net,CDN,"Amazon Technologies, Inc.",False
d17cbr68vv5eep.cloudfront.net,CDN,"Amazon Technologies, Inc.",False
d17coilm9czo3b.cloudfront.net,CDN,"Amazon Technologies, Inc.",False
d17cyqyz9yhmep.cloudfront.net,CDN,"Amazon Technologies, Inc.",False
d17ebhrlbr4s4.cloudfront.net,CDN,"Amazon Technologies, Inc.",False
d17et6pcmop7wg.cloudfront.net,CDN,"Amazon Technologies, Inc.",False
d17ez0jfzo98hv.cloudfront.net,CDN,"Amazon Technologies, Inc.",False
d17f0opjr8fw2l.cloudfront.net,CDN,"Amazon Technologies, Inc.",False
d17f3ehmrwr29l.cloudfront.net,CDN,"Amazon Technologies, Inc.",False
d17fxti73z1xnx.cloudfront.net,CDN,"Amazon Technologies, Inc.",False
d17gy131liry44.cloudfront.net,CDN,"Amazon Technologies, Inc.",False
d17m77ja7smm32.cloudfront.net,CDN,"Amazon Technologies, Inc.",False
d17t5bz1209x5u.cloudfront.net,CDN,"Amazon Technologies, Inc.",False
d17tyl4sykm6yh.cloudfront.net,CDN,"Amazon Technologies, Inc.",False
d17u1h4pee53w6.cloudfront.net,CDN,"Amazon Technologies, Inc.",False
d17u5d34rkpwct.cloudfront.net,CDN,"Amazon Technologies, Inc.",False
d17uuwdumu9nsg.cloudfront.net,CDN,"Amazon Technologies, Inc.",False
d17w4eeuz4ndfn.cloudfront.net,CDN,"Amazon Technologies, Inc.",False
d17xjl6rg4e8ic.cloudfront.net,CDN,"Amazon Technologies, Inc.",False
d17y7air9udpr8.cloudfront.net,CDN,"Amazon Technologies, Inc.",False
d180h78iy2w29h.cloudfront.net,CDN,"Amazon Technologies, Inc.",False
d183a2i2r7x5w6.cloudfront.net,CDN,"Amazon Technologies, Inc.",False
d183lyrb7as1vg.cloudfront.net,CDN,"Amazon Technologies, Inc.",False
d185jh8djxl1sd.cloudfront.net,CDN,"Amazon Technologies, Inc.",False
d188m5xxcpvuue.cloudfront.net,CDN,"Amazon Technologies, Inc.",False
d18awytju6i9lh.cloudfront.net,CDN,"Amazon Technologies, Inc.",False
d18c2x4jzh7qbo.cloudfront.net,CDN,"Amazon Technologies, Inc.",False
d18cb5hiqfsv04.cloudfront.net,CDN,"Amazon Technologies, Inc.",False
d18dt42v346q1f.cloudfront.net,CDN,"Amazon Technologies, Inc.",False
d18eg7dreypte5.cloudfront.net,CDN,"Amazon Technologies, Inc.",False
d18jakcjgoan9.cloudfront.net,CDN,"Amazon Technologies, Inc.",False
d18nzrj3czoaty.cloudfront.net,CDN,"Amazon Technologies, Inc.",False
d18p8z0ptb8qab.cloudfront.net,CDN,"Amazon Technologies, Inc.",False
d18qp78tv59iad.cloudfront.net,CDN,"Amazon Technologies, Inc.",False
d18s3cvewb122e.cloudfront.net,CDN,"Amazon Technologies, Inc.",False
d18wbssj9sd0zj.cloudfront.net,CDN,"Amazon Technologies, Inc.",False
d18xtdpfn0mgm1.cloudfront.net,CDN,"Amazon Technologies, Inc.",False
d18yn9dcojt05d.cloudfront.net,CDN,"Amazon Technologies, Inc.",False
d18z4g4dosh1xa.cloudfront.net,CDN,"Amazon Technologies, Inc.",False
d18zoxfthololy.cloudfront.net,CDN,"Amazon Technologies, Inc.",False
d190hbrkprsl61.cloudfront.net,CDN,"Amazon Technologies, Inc.",False
d191gucnqqinu5.cloudfront.net,CDN,"Amazon Technologies, Inc.",False
d193frjqb908ar.cloudfront.net,CDN,"Amazon Technologies, Inc.",False
d194ghcf2dn2ml.cloudfront.net,CDN,"Amazon Technologies, Inc.",False
d196fri2z18sm.cloudfront.net,CDN,"Amazon Technologies, Inc.",False
d197ji0os2vbhm.cloudfront.net,CDN,"Amazon Technologies, Inc.",False
d199ic7n1richp.cloudfront.net,CDN,"Amazon Technologies, Inc.",False
d19ayerf5ehaab.cloudfront.net,CDN,"Amazon Technologies, Inc.",False
d19efssr9zprb2.cloudfront.net,CDN,"Amazon Technologies, Inc.",False
d19g4gpzvd3fw4.cloudfront.net,CDN,"Amazon Technologies, Inc.",False
d19gc93vvfw0on.cloudfront.net,CDN,"Amazon Technologies, Inc.",False
d19it2gpmhh1bb.cloudfront.net,CDN,"Amazon Technologies, Inc.",False
d19jjtx7ehhr5k.cloudfront.net,CDN,"Amazon Technologies, Inc.",False
d19kb7s9xe5z7r.cloudfront.net,CDN,"Amazon Technologies, Inc.",False
d19nef9ucfm886.cloudfront.net,CDN,"Amazon Technologies, Inc.",False
d19oix43hd7od.cloudfront.net,CDN,"Amazon Technologies, Inc.",False
d19p82yfoz4b2z.cloudfront.net,CDN,"Amazon Technologies, Inc.",False
d19pbi8vkdue6m.cloudfront.net,CDN,"Amazon Technologies, Inc.",False
d19rpgkrjeba2z.cloudfront.net,CDN,"Amazon Technologies, Inc.",False
d19xzojil3t3u2.cloudfront.net,CDN,"Amazon Technologies, Inc.",False
d1a52lafkyga3q.cloudfront.net,CDN,"Amazon Technologies, Inc.",False
d1a7ri3leyog4r.cloudfront.net,CDN,"Amazon Technologies, Inc.",False
d1a9jikqt98cm.cloudfront.net,CDN,"Amazon Technologies, Inc.",False
d1a9of39yjsq3w.cloudfront.net,CDN,"Amazon Technologies, Inc.",False
d1ae0zx28z2bae.cloudfront.net,CDN,"Amazon Technologies, Inc.",False
d1af033869koo7.cloudfront.net,CDN,"Amazon Technologies, Inc.",False
d1afcl03f5et20.cloudfront.net,CDN,"Amazon Technologies, Inc.",False
d1aifyauppfr5m.cloudfront.net,CDN,"Amazon Technologies, Inc.",False
d1airdtt6sf62d.cloudfront.net,CDN,"Amazon Technologies, Inc.",False
d1ajyp3swh7ygp.cloudfront.net,CDN,"Amazon Technologies, Inc.",False
d1aktccsjcj3ux.cloudfront.net,CDN,"Amazon Technologies, Inc.",False
d1al3atlcvahee.cloudfront.net,CDN,"Amazon Technologies, Inc.",False
d1amfuerrtp2vb.cloudfront.net,CDN,"Amazon Technologies, Inc.",False
d1an1e2qw504lz.cloudfront.net,CDN,"Amazon Technologies, Inc.",False
d1ao6broc5kd74.cloudfront.net,CDN,"Amazon Technologies, Inc.",False
d1ap1mz92jnks1.cloudfront.net,CDN,"Amazon Technologies, Inc.",False
d1apr3t65r044x.cloudfront.net,CDN,"Amazon Technologies, Inc.",False
d1aqhv4sn5kxtx.cloudfront.net,CDN,"Amazon Technologies, Inc.",False
d1aqjl73lzax35.cloudfront.net,CDN,"Amazon Technologies, Inc.",False
d1atd5d2b9szh7.cloudfront.net,CDN,"Amazon Technologies, Inc.",False
d1au4vljv71t01.cloudfront.net,CDN,"Amazon Technologies, Inc.",False
d1avkgag2o956e.cloudfront.net,CDN,"Amazon Technologies, Inc.",False
d1awmj2rpldcnt.cloudfront.net,CDN,"Amazon Technologies, Inc.",False
d1awx0lut659jn.cloudfront.net,CDN,"Amazon Technologies, Inc.",False
d1ayxb9ooonjts.cloudfront.net,CDN,"Amazon Technologies, Inc.",False
d1ayzv28eu3kt6.cloudfront.net,CDN,"Amazon Technologies, Inc.",False
d1azaraa2duw8j.cloudfront.net,CDN,"Amazon Technologies, Inc.",False
d1azc1qln24ryf.cloudfront.net,CDN,"Amazon Technologies, Inc.",False
d1b21banxzhuc6.cloudfront.net,CDN,"Amazon Technologies, Inc.",False
d1b3llzbo1rqxo.cloudfront.net,CDN,"Amazon Technologies, Inc.",False
d1b4qqk7tajuvl.cloudfront.net,CDN,"Amazon Technologies, Inc.",False
d1b9xwwlt0lrqx.cloudfront.net,CDN,"Amazon Technologies, Inc.",False
d1bcc7uqx88bmi.cloudfront.net,CDN,"Amazon Technologies, Inc.",False
d1bjlj0jkbswz0.cloudfront.net,CDN,"Amazon Technologies, Inc.",False
d1bl11pgu3tw3h.cloudfront.net,CDN,"Amazon Technologies, Inc.",False
d1blp3aor2iuhp.cloudfront.net,CDN,"Amazon Technologies, Inc.",False
d1bt09tx1akfi8.cloudfront.net,CDN,"Amazon Technologies, Inc.",False
d1bu6z2uxfnay3.cloudfront.net,CDN,"Amazon Technologies, Inc.",False
d1bxh8uas1mnw7.cloudfront.net,CDN,"Amazon Technologies, Inc.",False
d1bxq5elwpk2xk.cloudfront.net,CDN,"Amazon Technologies, Inc.",False
d1bxs607qnthtz.cloudfront.net,CDN,"Amazon Technologies, Inc.",False
d1bxtm3mhw0pam.cloudfront.net,CDN,"Amazon Technologies, Inc.",False
d1c1w7dk9s26ls.cloudfront.net,CDN,"Amazon Technologies, Inc.",False
d1c3g0ihb82aph.cloudfront.net,CDN,"Amazon Technologies, Inc.",False
d1c3qwxdxgo96t.cloudfront.net,CDN,"Amazon Technologies, Inc.",False
d1c4ivqx2t9xtj.cloudfront.net,CDN,"Amazon Technologies, Inc.",False
d1c6p41f2yoi27.cloudfront.net,CDN,"Amazon Technologies, Inc.",False
d1c96hlcey6qkb.cloudfront.net,CDN,"Amazon Technologies, Inc.",False
d1c96urnla7s2u.cloudfront.net,CDN,"Amazon Technologies, Inc.",False
d1ce7ar9ygqaw4.cloudfront.net,CDN,"Amazon Technologies, Inc.",False
d1cec1nelt6u9a.cloudfront.net,CDN,"Amazon Technologies, Inc.",False
d1cfnnhb7hbym9.cloudfront.net,CDN,"Amazon Technologies, Inc.",False
d1cinxvlwvyz3l.cloudfront.net,CDN,"Amazon Technologies, Inc.",False
d1civoyjepycei.cloudfront.net,CDN,"Amazon Technologies, Inc.",False
d1cjetlwgplgi5.cloudfront.net,CDN,"Amazon Technologies, Inc.",False
d1clyakszpoz1s.cloudfront.net,CDN,"Amazon Technologies, Inc.",False
d1cm8zmm34tddg.cloudfront.net,CDN,"Amazon Technologies, Inc.",False
d1cn6wu7hc977d.cloudfront.net,CDN,"Amazon Technologies, Inc.",False
d1cnb6xktgk46g.cloudfront.net,CDN,"Amazon Technologies, Inc.",False
d1coqmn8qm80r4.cloudfront.net,CDN,"Amazon Technologies, Inc.",False
d1cp3mofwcwjr3.cloudfront.net,CDN,"Amazon Technologies, Inc.",False
d1cq301dpr7fww.cloudfront.net,CDN,"Amazon Technologies, Inc.",False
d1cq4ou4t4y4do.cloudfront.net,CDN,"Amazon Technologies, Inc.",False
d1cs4jq1fdiv1p.cloudfront.net,CDN,"Amazon Technologies, Inc.",False
d1cv7l6pxc1ism.cloudfront.net,CDN,"Amazon Technologies, Inc.",False
d1cw0u2k7iz1f4.cloudfront.net,CDN,"Amazon Technologies, Inc.",False
d1cwt5lzdzs9f6.cloudfront.net,CDN,"Amazon Technologies, Inc.",False
d1cyt14bp1ixak.cloudfront.net,CDN,"Amazon Technologies, Inc.",False
d1czqb92f2vmdw.cloudfront.net,CDN,"Amazon Technologies, Inc.",False
d1d1piohs0etat.cloudfront.net,CDN,"Amazon Technologies, Inc.",False
d1d3oxl5t10xqs.cloudfront.net,CDN,"Amazon Technologies, Inc.",False
d1d8ygizy79e4s.cloudfront.net,CDN,"Amazon Technologies, Inc.",False
d1dbvmvxpe4gdm.cloudfront.net,CDN,"Amazon Technologies, Inc.",False
d1dff8s8thgimi.cloudfront.net,CDN,"Amazon Technologies, Inc.",False
d1dfhmiysazl85.cloudfront.net,CDN,"Amazon Technologies, Inc.",False
d1dgqfrsegcfqp.cloudfront.net,CDN,"Amazon Technologies, Inc.",False
d1dgtlbp2q4h7t.cloudfront.net,CDN,"Amazon Technologies, Inc.",False
d1dixl1idew8fw.cloudfront.net,CDN,"Amazon Technologies, Inc.",False
d1djrodi2reo2w.cloudfront.net,CDN,"Amazon Technologies, Inc.",False
d1dkodr95x1g2c.cloudfront.net,CDN,"Amazon Technologies, Inc.",False
d1dl8fof0t29xj.cloudfront.net,CDN,"Amazon Technologies, Inc.",False
d1dn4tqg3gacgi.cloudfront.net,CDN,"Amazon Technologies, Inc.",False
d1dnadzyqwn35c.cloudfront.net,CDN,"Amazon Technologies, Inc.",False
d1doq7xq4s4t2o.cloudfront.net,CDN,"Amazon Technologies, Inc.",False
d1dpk1dq2lptpe.cloudfront.net,CDN,"Amazon Technologies, Inc.",False
d1drgjank1g3xm.cloudfront.net,CDN,"Amazon Technologies, Inc.",False
d1dt1wtcem8ax.cloudfront.net,CDN,"Amazon Technologies, Inc.",False
d1dwpx74eozflt.cloudfront.net,CDN,"Amazon Technologies, Inc.",False
d1dy6r7wqjuaas.cloudfront.net,CDN,"Amazon Technologies, Inc.",False
d1e076uakedhdo.cloudfront.net,CDN,"Amazon Technologies, Inc.",False
d1e13pfm16q73d.cloudfront.net,CDN,"Amazon Technologies, Inc.",False
d1e1jt2fj4r8r.cloudfront.net,CDN,"Amazon Technologies, Inc.",False
d1e1wb9w0jgz3r.cloudfront.net,CDN,"Amazon Technologies, Inc.",False
d1e4zbwgbhy3c1.cloudfront.net,CDN,"Amazon Technologies, Inc.",False
d1eaz9x7ce5q8b.cloudfront.net,CDN,"Amazon Technologies, Inc.",False
d1eeic9r7momgb.cloudfront.net,CDN,"Amazon Technologies, Inc.",False
d1eg2pfkb4bemp.cloudfront.net,CDN,"Amazon Technologies, Inc.",False
d1ehpbnucja52b.cloudfront.net,CDN,"Amazon Technologies, Inc.",False
d1emu3rye1rh62.cloudfront.net,CDN,"Amazon Technologies, Inc.",False
d1enwirvb3djmg.cloudfront.net,CDN,"Amazon Technologies, Inc.",False
d1eoo1tco6rr5e.cloudfront.net,CDN,"Amazon Technologies, Inc.",False
d1eq671jtpzuq8.cloudfront.net,CDN,"Amazon Technologies, Inc.",False
d1er26zvkc3zil.cloudfront.net,CDN,"Amazon Technologies, Inc.",False
d1ergrq8kty8hj.cloudfront.net,CDN,"Amazon Technologies, Inc.",False
d1eteyc2ggymb4.cloudfront.net,CDN,"Amazon Technologies, Inc.",False
d1ets94q2et9gx.cloudfront.net,CDN,"Amazon Technologies, Inc.",False
d1ewvfwvrjjwfl.cloudfront.net,CDN,"Amazon Technologies, Inc.",False
d1ex6zo9lxy887.cloudfront.net,CDN,"Amazon Technologies, Inc.",False
d1eyoovpngquei.cloudfront.net,CDN,"Amazon Technologies, Inc.",False
d1f05vr3sjsuy7.cloudfront.net,CDN,"Amazon Technologies, Inc.",False
d1f1157ti9l33m.cloudfront.net,CDN,"Amazon Technologies, Inc.",False
d1f7ml9lr9gv5l.cloudfront.net,CDN,"Amazon Technologies, Inc.",False
d1f8f9xcsvx3ha.cloudfront.net,CDN,"Amazon Technologies, Inc.",False
d1fc8wv8zag5ca.cloudfront.net,CDN,"Amazon Technologies, Inc.",False
d1fcaprh3kb5t7.cloudfront.net,CDN,"Amazon Technologies, Inc.",False
d1fd687oe6a92y.cloudfront.net,CDN,"Amazon Technologies, Inc.",False
d1fghtjypwlbrf.cloudfront.net,CDN,"Amazon Technologies, Inc.",False
d1fh725lhgh3r1.cloudfront.net,CDN,"Amazon Technologies, Inc.",False
d1fhv3ovd8gzkg.cloudfront.net,CDN,"Amazon Technologies, Inc.",False
d1fkab2qkb5768.cloudfront.net,CDN,"Amazon Technologies, Inc.",False
d1fm7fuuekry8j.cloudfront.net,CDN,"Amazon Technologies, Inc.",False
d1fnmfuypylr6d.cloudfront.net,CDN,"Amazon Technologies, Inc.",False
d1fufvy4xao6k9.cloudfront.net,CDN,"Amazon Technologies, Inc.",False
d1fv6qg8i6l3b9.cloudfront.net,CDN,"Amazon Technologies, Inc.",False
d1fvdlkxkeuyej.cloudfront.net,CDN,"Amazon Technologies, Inc.",False
d1fy50apkg1gx3.cloudfront.net,CDN,"Amazon Technologies, Inc.",False
d1g0hgmog6ge0z.cloudfront.net,CDN,"Amazon Technologies, Inc.",False
d1g1i05xoo2dqh.cloudfront.net,CDN,"Amazon Technologies, Inc.",False
d1g4x8lpzyntr3.cloudfront.net,CDN,"Amazon Technologies, Inc.",False
d1g6wfnr1obbvv.cloudfront.net,CDN,"Amazon Technologies, Inc.",False
d1get58iwmjrxx.cloudfront.net,CDN,"Amazon Technologies, Inc.",False
d1gfezo3r2a9i1.cloudfront.net,CDN,"Amazon Technologies, Inc.",False
d1ggrngj0uwslm.cloudfront.net,CDN,"Amazon Technologies, Inc.",False
d1ghe043m1zc2y.cloudfront.net,CDN,"Amazon Technologies, Inc.",False
d1gqxg8k1hcop3.cloudfront.net,CDN,"Amazon Technologies, Inc.",False
d1gszp1bmamha.cloudfront.net,CDN,"Amazon Technologies, Inc.",False
d1gt2gqkcvf0j7.cloudfront.net,CDN,"Amazon Technologies, Inc.",False
d1gwclp1pmzk26.cloudfront.net,CDN,"Amazon Technologies, Inc.",False
d1gwtkt3m3esiz.cloudfront.net,CDN,"Amazon Technologies, Inc.",False
d1gz28mby6bdkp.cloudfront.net,CDN,"Amazon Technologies, Inc.",False
d1gzrgn7m19oq9.cloudfront.net,CDN,"Amazon Technologies, Inc.",False
d1gzzj8dnzx3tn.cloudfront.net,CDN,"Amazon Technologies, Inc.",False
d1h0kbsho31w9j.cloudfront.net,CDN,"Amazon Technologies, Inc.",False
d1h20ehdm9e008.cloudfront.net,CDN,"Amazon Technologies, Inc.",False
d1h6dkjexn904y.cloudfront.net,CDN,"Amazon Technologies, Inc.",False
d1h99r20nnwifw.cloudfront.net,CDN,"Amazon Technologies, Inc.",False
d1h9a8s8eodvjz.cloudfront.net,CDN,"Amazon Technologies, Inc.",False
d1hano0onsuhm2.cloudfront.net,CDN,"Amazon Technologies, Inc.",False
d1hbfl6oj71f6h.cloudfront.net,CDN,"Amazon Technologies, Inc.",False
d1hcrjcdtouu7e.cloudfront.net,CDN,"Amazon Technologies, Inc.",False
d1hd7qsxc14gfb.cloudfront.net,CDN,"Amazon Technologies, Inc.",False
d1heqevh2z87b4.cloudfront.net,CDN,"Amazon Technologies, Inc.",False
d1hf3s4tg9zcvb.cloudfront.net,CDN,"Amazon Technologies, Inc.",False
d1hg7qb8v7wj0r.cloudfront.net,CDN,"Amazon Technologies, Inc.",False
d1hgche9c64qsq.cloudfront.net,CDN,"Amazon Technologies, Inc.",False
d1hgj7z2g1pans.cloudfront.net,CDN,"Amazon Technologies, Inc.",False
d1hiirpkn2yqty.cloudfront.net,CDN,"Amazon Technologies, Inc.",False
d1hj2p80ie423c.cloudfront.net,CDN,"Amazon Technologies, Inc.",False
d1hlkvmhk89ltk.cloudfront.net,CDN,"Amazon Technologies, Inc.",False
d1hmb9v9cg448y.cloudfront.net,CDN,"Amazon Technologies, Inc.",False
d1hmwfltv423hb.cloudfront.net,CDN,"Amazon Technologies, Inc.",False
d1hnmlxa942f4p.cloudfront.net,CDN,"Amazon Technologies, Inc.",False
d1howb1wwyap5o.cloudfront.net,CDN,"Amazon Technologies, Inc.",False
d1hr6gez1eovb7.cloudfront.net,CDN,"Amazon Technologies, Inc.",False
d1hsh3wswahchu.cloudfront.net,CDN,"Amazon Technologies, Inc.",False
d1hsh50upikx4m.cloudfront.net,CDN,"Amazon Technologies, Inc.",False
d1htpt0i4k7m8x.cloudfront.net,CDN,"Amazon Technologies, Inc.",False
d1hvc86gsty748.cloudfront.net,CDN,"Amazon Technologies, Inc.",False
d1hyarjnwqrenh.cloudfront.net,CDN,"Amazon Technologies, Inc.",False
d1i0qwnhn2ybwv.cloudfront.net,CDN,"Amazon Technologies, Inc.",False
d1i34q4qnff9o.cloudfront.net,CDN,"Amazon Technologies, Inc.",False
d1i3cs1a7cph5r.cloudfront.net,CDN,"Amazon Technologies, Inc.",False
d1i787aglh9bmb.cloudfront.net,CDN,"Amazon Technologies, Inc.",False
d1ibtpdoo1qnul.cloudfront.net,CDN,"Amazon Technologies, Inc.",False
d1ibwcltxanudy.cloudfront.net,CDN,"Amazon Technologies, Inc.",False
d1id33p7ohfxgg.cloudfront.net,CDN,"Amazon Technologies, Inc.",False
d1igp3oop3iho5.cloudfront.net,CDN,"Amazon Technologies, Inc.",False
d1ihld6xxoauws.cloudfront.net,CDN,"Amazon Technologies, Inc.",False
d1ijw0jh5e4eat.cloudfront.net,CDN,"Amazon Technologies, Inc.",False
d1il5533o350rp.cloudfront.net,CDN,"Amazon Technologies, Inc.",False
d1inkmtcuh11gg.cloudfront.net,CDN,"Amazon Technologies, Inc.",False
d1ipzpgijjtkyf.cloudfront.net,CDN,"Amazon Technologies, Inc.",False
d1iqexjp8450zr.cloudfront.net,CDN,"Amazon Technologies, Inc.",False
d1iqy826rl6wkc.cloudfront.net,CDN,"Amazon Technologies, Inc.",False
d1ir3ulic24nl4.cloudfront.net,CDN,"Amazon Technologies, Inc.",False
d1iwe50und7qx1.cloudfront.net,CDN,"Amazon Technologies, Inc.",False
d1ix0y8bnv6vp7.cloudfront.net,CDN,"Amazon Technologies, Inc.",False
d1ixzvs6g7du49.cloudfront.net,CDN,"Amazon Technologies, Inc.",False
d1j0xlutvd326g.cloudfront.net,CDN,"Amazon Technologies, Inc.",False
d1j4ob4e2jch5o.cloudfront.net,CDN,"Amazon Technologies, Inc.",False
d1j58gimjzcia1.cloudfront.net,CDN,"Amazon Technologies, Inc.",False
d1j80nztmk3q0s.cloudfront.net,CDN,"Amazon Technologies, Inc.",False
d1jcx57zohziow.cloudfront.net,CDN,"Amazon Technologies, Inc.",False
d1jetikt66t8x4.cloudfront.net,CDN,"Amazon Technologies, Inc.",False
d1jipn4mww1yut.cloudfront.net,CDN,"Amazon Technologies, Inc.",False
d1jlt4vuqdbtgj.cloudfront.net,CDN,"Amazon Technologies, Inc.",False
d1jop7m4vdmfci.cloudfront.net,CDN,"Amazon Technologies, Inc.",False
d1jtcb05gdayjw.cloudfront.net,CDN,"Amazon Technologies, Inc.",False
d1jyxxz9imt9yb.cloudfront.net,CDN,"Amazon Technologies, Inc.",False
d1k0u0m0c1p886.cloudfront.net,CDN,"Amazon Technologies, Inc.",False
d1k126p5z25u9.cloudfront.net,CDN,"Amazon Technologies, Inc.",False
d1k8vvkmwumfv0.cloudfront.net,CDN,"Amazon Technologies, Inc.",False
d1k8zp28n8wqzf.cloudfront.net,CDN,"Amazon Technologies, Inc.",False
d1kd7am3a4anq5.cloudfront.net,CDN,"Amazon Technologies, Inc.",False
d1kdpsymokh3aq.cloudfront.net,CDN,"Amazon Technologies, Inc.",False
d1kfpvgfupbmyo.cloudfront.net,CDN,"Amazon Technologies, Inc.",False
d1kgf6ic9fiuh1.cloudfront.net,CDN,"Amazon Technologies, Inc.",False
d1kh74me68hja4.cloudfront.net,CDN,"Amazon Technologies, Inc.",False
d1knzcq26y1ct7.cloudfront.net,CDN,"Amazon Technologies, Inc.",False
d1kow2c30pb8f1.cloudfront.net,CDN,"Amazon Technologies, Inc.",False
d1ktcwu2wjl3q.cloudfront.net,CDN,"Amazon Technologies, Inc.",False
d1kxh80lfcue17.cloudfront.net,CDN,"Amazon Technologies, Inc.",False
d1kxx6lk0ihrs.cloudfront.net,CDN,"Amazon Technologies, Inc.",False
d1l0r37g6uk2yv.cloudfront.net,CDN,"Amazon Technologies, Inc.",False
d1l1cookcihg0c.cloudfront.net,CDN,"Amazon Technologies, Inc.",False
d1l1egaln1yfh3.cloudfront.net,CDN,"Amazon Technologies, Inc.",False
d1l1jdneblyzyp.cloudfront.net,CDN,"Amazon Technologies, Inc.",False
d1l1um1c8qazw7.cloudfront.net,CDN,"Amazon Technologies, Inc.",False
d1l2kcmc130e06.cloudfront.net,CDN,"Amazon Technologies, Inc.",False
d1l4h1armkb8tn.cloudfront.net,CDN,"Amazon Technologies, Inc.",False
d1l57x9nwbbkz.cloudfront.net,CDN,"Amazon Technologies, Inc.",False
d1l6p2sc9645hc.cloudfront.net,CDN,"Amazon Technologies, Inc.",False
d1l8sqvw5snhqo.cloudfront.net,CDN,"Amazon Technologies, Inc.",False
d1ldbxy5yqh97i.cloudfront.net,CDN,"Amazon Technologies, Inc.",False
d1ldvf68ux039x.cloudfront.net,CDN,"Amazon Technologies, Inc.",False
d1le22hyhj2ui8.cloudfront.net,CDN,"Amazon Technologies, Inc.",False
d1lfa3yezx3u3v.cloudfront.net,CDN,"Amazon Technologies, Inc.",False
d1lfl95ps7c18z.cloudfront.net,CDN,"Amazon Technologies, Inc.",False
d1liekpayvooaz.cloudfront.net,CDN,"Amazon Technologies, Inc.",False
d1lkpwky6fixcf.cloudfront.net,CDN,"Amazon Technologies, Inc.",False
d1lmczcxo5ot1i.cloudfront.net,CDN,"Amazon Technologies, Inc.",False
d1lo84safctgv8.cloudfront.net,CDN,"Amazon Technologies, Inc.",False
d1lorg3ni13moc.cloudfront.net,CDN,"Amazon Technologies, Inc.",False
d1lq16jf5lo04x.cloudfront.net,CDN,"Amazon Technologies, Inc.",False
d1lq8jzk80hqfx.cloudfront.net,CDN,"Amazon Technologies, Inc.",False
d1lqe9temigv1p.cloudfront.net,CDN,"Amazon Technologies, Inc.",False
d1lss44hh2trtw.cloudfront.net,CDN,"Amazon Technologies, Inc.",False
d1ltgb7eim61wf.cloudfront.net,CDN,"Amazon Technologies, Inc.",False
d1ltlumq33lgbo.cloudfront.net,CDN,"Amazon Technologies, Inc.",False
d1lvyn09g7nf92.cloudfront.net,CDN,"Amazon Technologies, Inc.",False
d1lx3fqr1chgcw.cloudfront.net,CDN,"Amazon Technologies, Inc.",False
d1lxrc90a9g0is.cloudfront.net,CDN,"Amazon Technologies, Inc.",False
d1ly52g9wjvbd2.cloudfront.net,CDN,"Amazon Technologies, Inc.",False
d1lynpkpq6n3y7.cloudfront.net,CDN,"Amazon Technologies, Inc.",False
d1m2uzvk8r2fcn.cloudfront.net,CDN,"Amazon Technologies, Inc.",False
d1m512112jplf7.cloudfront.net,CDN,"Amazon Technologies, Inc.",False
d1m52owuimzmrz.cloudfront.net,CDN,"Amazon Technologies, Inc.",False
d1m7xnn75ypr6t.cloudfront.net,CDN,"Amazon Technologies, Inc.",False
d1m9n8rb7nznh0.cloudfront.net,CDN,"Amazon Technologies, Inc.",False
d1mcpea5zcabeq.cloudfront.net,CDN,"Amazon Technologies, Inc.",False
d1md9s06hveoyi.cloudfront.net,CDN,"Amazon Technologies, Inc.",False
d1mdlkj5urwf6n.cloudfront.net,CDN,"Amazon Technologies, Inc.",False
d1mehblyjo73jl.cloudfront.net,CDN,"Amazon Technologies, Inc.",False
d1mgq2hv32qvw2.cloudfront.net,CDN,"Amazon Technologies, Inc.",False
d1mh67pa6sm57.cloudfront.net,CDN,"Amazon Technologies, Inc.",False
d1mj578wat5n4o.cloudfront.net,CDN,"Amazon Technologies, Inc.",False
d1mkq4fbm7j30i.cloudfront.net,CDN,"Amazon Technologies, Inc.",False
d1mlo4htassgww.cloudfront.net,CDN,"Amazon Technologies, Inc.",False
d1mm8re7n7hyfr.cloudfront.net,CDN,"Amazon Technologies, Inc.",False
d1mo5ln9tjltxq.cloudfront.net,CDN,"Amazon Technologies, Inc.",False
d1mopl5xgcax3e.cloudfront.net,CDN,"Amazon Technologies, Inc.",False
d1mqfo5nho7zj6.cloudfront.net,CDN,"Amazon Technologies, Inc.",False
d1mqvp9ngntjny.cloudfront.net,CDN,"Amazon Technologies, Inc.",False
d1mu18xb2smggj.cloudfront.net,CDN,"Amazon Technologies, Inc.",False
d1mxxj6detmqjk.cloudfront.net,CDN,"Amazon Technologies, Inc.",False
d1n00d49gkbray.cloudfront.net,CDN,"Amazon Technologies, Inc.",False
d1n94ruykyq8dc.cloudfront.net,CDN,"Amazon Technologies, Inc.",False
d1n9ior3u0lhlo.cloudfront.net,CDN,"Amazon Technologies, Inc.",False
d1na40d4mc43xd.cloudfront.net,CDN,"Amazon Technologies, Inc.",False
d1nbav4d5j0ah.cloudfront.net,CDN,"Amazon Technologies, Inc.",False
d1nc4d580r27br.cloudfront.net,CDN,"Amazon Technologies, Inc.",False
d1nd6x3eeyvdqp.cloudfront.net,CDN,"Amazon Technologies, Inc.",False
d1nedcblps1ij7.cloudfront.net,CDN,"Amazon Technologies, Inc.",False
d1nenkwrsavyh7.cloudfront.net,CDN,"Amazon Technologies, Inc.",False
d1nhzfp3c867fh.cloudfront.net,CDN,"Amazon Technologies, Inc.",False
d1nn5t56all1qd.cloudfront.net,CDN,"Amazon Technologies, Inc.",False
d1nn9x4fgzyvn4.cloudfront.net,CDN,"Amazon Technologies, Inc.",False
d1no8tpthtviug.cloudfront.net,CDN,"Amazon Technologies, Inc.",False
d1npa831m4n1u5.cloudfront.net,CDN,"Amazon Technologies, Inc.",False
d1npnstlfekkfz.cloudfront.net,CDN,"Amazon Technologies, Inc.",False
d1nslcd7m2225b.cloudfront.net,CDN,"Amazon Technologies, Inc.",False
d1nv5i00u1m742.cloudfront.net,CDN,"Amazon Technologies, Inc.",False
d1nw7po6j1rs1j.cloudfront.net,CDN,"Amazon Technologies, Inc.",False
d1nze30o6kn41u.cloudfront.net,CDN,"Amazon Technologies, Inc.",False
d1o00c6c19er5h.cloudfront.net,CDN,"Amazon Technologies, Inc.",False
d1o1dgn6uid35j.cloudfront.net,CDN,"Amazon Technologies, Inc.",False
d1o5e9vlirdalo.cloudfront.net,CDN,"Amazon Technologies, Inc.",False
d1o6t4xtlusyvx.cloudfront.net,CDN,"Amazon Technologies, Inc.",False
d1ob75gxp5jzth.cloudfront.net,CDN,"Amazon Technologies, Inc.",False
d1ohvx6nln6ht.cloudfront.net,CDN,"Amazon Technologies, Inc.",False
d1ojru8k0no4tf.cloudfront.net,CDN,"Amazon Technologies, Inc.",False
d1ojtylc1oprn7.cloudfront.net,CDN,"Amazon Technologies, Inc.",False
d1ow29tqtgup3s.cloudfront.net,CDN,"Amazon Technologies, Inc.",False
d1ow5am7wtz4uu.cloudfront.net,CDN,"Amazon Technologies, Inc.",False
d1owz8ug8bf83z.cloudfront.net,CDN,"Amazon Technologies, Inc.",False
d1oxsl77a1kjht.cloudfront.net,CDN,"Amazon Technologies, Inc.",False
d1oy6al3zakj0p.cloudfront.net,CDN,"Amazon Technologies, Inc.",False
d1p4ktjbyu626g.cloudfront.net,CDN,"Amazon Technologies, Inc.",False
d1p523ve9xjcw7.cloudfront.net,CDN,"Amazon Technologies, Inc.",False
d1p5cqqchvbqmy.cloudfront.net,CDN,"Amazon Technologies, Inc.",False
d1p5tu8vn4jwh1.cloudfront.net,CDN,"Amazon Technologies, Inc.",False
d1p7uhdzgne39y.cloudfront.net,CDN,"Amazon Technologies, Inc.",False
d1p9y27qntlkkv.cloudfront.net,CDN,"Amazon Technologies, Inc.",False
d1pazf0jq96a3d.cloudfront.net,CDN,"Amazon Technologies, Inc.",False
d1pcj7yzk48nh7.cloudfront.net,CDN,"Amazon Technologies, Inc.",False
d1pdf4c3hchi80.cloudfront.net,CDN,"Amazon Technologies, Inc.",False
d1pep3e1a25kze.cloudfront.net,CDN,"Amazon Technologies, Inc.",False
d1pidn5wn5lkrv.cloudfront.net,CDN,"Amazon Technologies, Inc.",False
d1pj9243v5ubsc.cloudfront.net,CDN,"Amazon Technologies, Inc.",False
d1pjg4o0tbonat.cloudfront.net,CDN,"Amazon Technologies, Inc.",False
d1pjgafelc652b.cloudfront.net,CDN,"Amazon Technologies, Inc.",False
d1pk12b7bb81je.cloudfront.net,CDN,"Amazon Technologies, Inc.",False
d1pk6uu6wqrpce.cloudfront.net,CDN,"Amazon Technologies, Inc.",False
d1pna5l3xsntoj.cloudfront.net,CDN,"Amazon Technologies, Inc.",False
d1pp3br6kljy5b.cloudfront.net,CDN,"Amazon Technologies, Inc.",False
d1pq45hly7zfel.cloudfront.net,CDN,"Amazon Technologies, Inc.",False
d1pqvb2h9xgm7r.cloudfront.net,CDN,"Amazon Technologies, Inc.",False
d1pslpltfrowld.cloudfront.net,CDN,"Amazon Technologies, Inc.",False
d1psp28zi2jvpt.cloudfront.net,CDN,"Amazon Technologies, Inc.",False
d1ptb5b3fy36g3.cloudfront.net,CDN,"Amazon Technologies, Inc.",False
d1pzjdztdxpvck.cloudfront.net,CDN,"Amazon Technologies, Inc.",False
d1q0y8og7kmv4h.cloudfront.net,CDN,"Amazon Technologies, Inc.",False
d1q2l4ksozz4r9.cloudfront.net,CDN,"Amazon Technologies, Inc.",False
d1q35ni5859stt.cloudfront.net,CDN,"Amazon Technologies, Inc.",False
d1q40j6jx1d8h6.cloudfront.net,CDN,"Amazon Technologies, Inc.",False
d1q419udpq9ang.cloudfront.net,CDN,"Amazon Technologies, Inc.",False
d1q647lfoqlpue.cloudfront.net,CDN,"Amazon Technologies, Inc.",False
d1q9s916bqxi18.cloudfront.net,CDN,"Amazon Technologies, Inc.",False
d1qbqkkh49kht1.cloudfront.net,CDN,"Amazon Technologies, Inc.",False
d1qeadpezvp4g.cloudfront.net,CDN,"Amazon Technologies, Inc.",False
d1qglpoe2bbtap.cloudfront.net,CDN,"Amazon Technologies, Inc.",False
d1qgt7sa9phxuq.cloudfront.net,CDN,"Amazon Technologies, Inc.",False
d1ql8f2161ez66.cloudfront.net,CDN,"Amazon Technologies, Inc.",False
d1qn2hs8byeju5.cloudfront.net,CDN,"Amazon Technologies, Inc.",False
d1qpm27e29dlmy.cloudfront.net,CDN,"Amazon Technologies, Inc.",False
d1qr7h4z750mjy.cloudfront.net,CDN,"Amazon Technologies, Inc.",False
d1qv73xvj1upoy.cloudfront.net,CDN,"Amazon Technologies, Inc.",False
d1qxvov4ill0l0.cloudfront.net,CDN,"Amazon Technologies, Inc.",False
d1qz5psc2zbp44.cloudfront.net,CDN,"Amazon Technologies, Inc.",False
d1r08wok4169a5.cloudfront.net,CDN,"Amazon Technologies, Inc.",False
d1r9zps354i2oe.cloudfront.net,CDN,"Amazon Technologies, Inc.",False
d1rabrmvm0ggsd.cloudfront.net,CDN,"Amazon Technologies, Inc.",False
d1rao4145q4o1h.cloudfront.net,CDN,"Amazon Technologies, Inc.",False
d1rb2ljn5jv8np.cloudfront.net,CDN,"Amazon Technologies, Inc.",False
d1rezbt30d5q0h.cloudfront.net,CDN,"Amazon Technologies, Inc.",False
d1rhs7mhgydok3.cloudfront.net,CDN,"Amazon Technologies, Inc.",False
d1ri5vlzq7zyuu.cloudfront.net,CDN,"Amazon Technologies, Inc.",False
d1rimweo5gxmwx.cloudfront.net,CDN,"Amazon Technologies, Inc.",False
d1rk51ei5zbpc5.cloudfront.net,CDN,"Amazon Technologies, Inc.",False
d1rozh26tys225.cloudfront.net,CDN,"Amazon Technologies, Inc.",False
d1rrz2t5cr86od.cloudfront.net,CDN,"Amazon Technologies, Inc.",False
d1rsehu7wj3da5.cloudfront.net,CDN,"Amazon Technologies, Inc.",False
d1rshsemzkl5xq.cloudfront.net,CDN,"Amazon Technologies, Inc.",False
d1rx8vrt2hn1hc.cloudfront.net,CDN,"Amazon Technologies, Inc.",False
d1rzmco44al6hn.cloudfront.net,CDN,"Amazon Technologies, Inc.",False
d1s2w0upia4e9w.cloudfront.net,CDN,"Amazon Technologies, Inc.",False
d1s31dmjlnta3t.cloudfront.net,CDN,"Amazon Technologies, Inc.",False
d1s6z24hqd2168.cloudfront.net,CDN,"Amazon Technologies, Inc.",False
d1s87id6169zda.cloudfront.net,CDN,"Amazon Technologies, Inc.",False
d1s8hseslq5a60.cloudfront.net,CDN,"Amazon Technologies, Inc.",False
d1sag09wwfbul8.cloudfront.net,CDN,"Amazon Technologies, Inc.",False
d1sfhav1wboke3.azureedge.net,CDN,Microsoft Corporation,False
d1sjfbu38ib8gr.cloudfront.net,CDN,"Amazon Technologies, Inc.",False
d1slfo0lkwyp1d.cloudfront.net,CDN,"Amazon Technologies, Inc.",False
d1slg0pnd44vt5.cloudfront.net,CDN,"Amazon Technologies, Inc.",False
d1sm3ej6ro1fad.cloudfront.net,CDN,"Amazon Technologies, Inc.",False
d1smvf7e4ua78f.cloudfront.net,CDN,"Amazon Technologies, Inc.",False
d1sojsgu0jwtb7.cloudfront.net,CDN,"Amazon Technologies, Inc.",False
d1splp73d01svs.cloudfront.net,CDN,"Amazon Technologies, Inc.",False
d1srkn865595m3.cloudfront.net,CDN,"Amazon Technologies, Inc.",False
d1ss3r492lzkyv.cloudfront.net,CDN,"Amazon Technologies, Inc.",False
d1ss9h74qot6g4.cloudfront.net,CDN,"Amazon Technologies, Inc.",False
d1ss9qddcar2r.cloudfront.net,CDN,"Amazon Technologies, Inc.",False
d1st8xbv3gxkaj.cloudfront.net,CDN,"Amazon Technologies, Inc.",False
d1stxfv94hrhia.cloudfront.net,CDN,"Amazon Technologies, Inc.",False
d1suuhkzqs0bsc.cloudfront.net,CDN,"Amazon Technologies, Inc.",False
d1symvq1cu6z7y.cloudfront.net,CDN,"Amazon Technologies, Inc.",False
d1szzzrpbwp6l2.cloudfront.net,CDN,"Amazon Technologies, Inc.",False
d1t3f7tbmydtkf.cloudfront.net,CDN,"Amazon Technologies, Inc.",False
d1t3p68j9z74e7.cloudfront.net,CDN,"Amazon Technologies, Inc.",False
d1t70i66ijjip8.cloudfront.net,CDN,"Amazon Technologies, Inc.",False
d1t7h9o2la21g0.cloudfront.net,CDN,"Amazon Technologies, Inc.",False
d1t8ac7lfdvxf2.cloudfront.net,CDN,"Amazon Technologies, Inc.",False
d1tb3o9m8fhj2k.cloudfront.net,CDN,"Amazon Technologies, Inc.",False
d1tc4ah30nkczm.cloudfront.net,CDN,"Amazon Technologies, Inc.",False
d1td0or295t3vl.cloudfront.net,CDN,"Amazon Technologies, Inc.",False
d1teks7lx8pls2.cloudfront.net,CDN,"Amazon Technologies, Inc.",False
d1tj2woojs6qcb.cloudfront.net,CDN,"Amazon Technologies, Inc.",False
d1tntvpcrzvon2.cloudfront.net,CDN,"Amazon Technologies, Inc.",False
d1tolarnnhuizl.cloudfront.net,CDN,"Amazon Technologies, Inc.",False
d1tprjo2w7krrh.cloudfront.net,CDN,"Amazon Technologies, Inc.",False
d1tq2834awssza.cloudfront.net,CDN,"Amazon Technologies, Inc.",False
d1tqsoh7s4xjz9.cloudfront.net,CDN,"Amazon Technologies, Inc.",False
d1truhrsiozos4.cloudfront.net,CDN,"Amazon Technologies, Inc.",False
d1ts4537ppgf77.cloudfront.net,CDN,"Amazon Technologies, Inc.",False
d1ttb1lnpo2lvz.cloudfront.net,CDN,"Amazon Technologies, Inc.",False
d1tw3ikzw8m0e8.cloudfront.net,CDN,"Amazon Technologies, Inc.",False
d1txfevdisteyr.cloudfront.net,CDN,"Amazon Technologies, Inc.",False
d1u27hy6qa1s0l.cloudfront.net,CDN,"Amazon Technologies, Inc.",False
d1u5byhcq3k827.cloudfront.net,CDN,"Amazon Technologies, Inc.",False
d1u8a3oie31c64.cloudfront.net,CDN,"Amazon Technologies, Inc.",False
d1u9wuqimc88kc.cloudfront.net,CDN,"Amazon Technologies, Inc.",False
d1ua0ni3ppt10r.cloudfront.net,CDN,"Amazon Technologies, Inc.",False
d1udmj14zo7at5.cloudfront.net,CDN,"Amazon Technologies, Inc.",False
d1uey8n7jsu0go.cloudfront.net,CDN,"Amazon Technologies, Inc.",False
d1ulgzi66j47yz.cloudfront.net,CDN,"Amazon Technologies, Inc.",False
d1ulmmr4d4i8j4.cloudfront.net,CDN,"Amazon Technologies, Inc.",False
d1ulns5fn2oeus.cloudfront.net,CDN,"Amazon Technologies, Inc.",False
d1um8515vdn9kb.cloudfront.net,CDN,"Amazon Technologies, Inc.",False
d1unzhqf5a606m.cloudfront.net,CDN,"Amazon Technologies, Inc.",False
d1upjp81ixxczc.cloudfront.net,CDN,"Amazon Technologies, Inc.",False
d1upozc0bcm8q6.cloudfront.net,CDN,"Amazon Technologies, Inc.",False
d1uppntq3e760r.cloudfront.net,CDN,"Amazon Technologies, Inc.",False
d1uqe7qx8x1dsi.cloudfront.net,CDN,"Amazon Technologies, Inc.",False
d1usx49nhcilp7.cloudfront.net,CDN,"Amazon Technologies, Inc.",False
d1utw1y1otwkoj.cloudfront.net,CDN,"Amazon Technologies, Inc.",False
d1uy6ivt6fb41q.cloudfront.net,CDN,"Amazon Technologies, Inc.",False
d1uzjo5z949maj.cloudfront.net,CDN,"Amazon Technologies, Inc.",False
d1v2hfhsvnke6s.cloudfront.net,CDN,"Amazon Technologies, Inc.",False
d1v2u6by4izioz.cloudfront.net,CDN,"Amazon Technologies, Inc.",False
d1v3pwebm9npc4.cloudfront.net,CDN,"Amazon Technologies, Inc.",False
d1v4jtnvxv2013.cloudfront.net,CDN,"Amazon Technologies, Inc.",False
d1v6fyqcjid72j.cloudfront.net,CDN,"Amazon Technologies, Inc.",False
d1v6uc6bimcvsy.cloudfront.net,CDN,"Amazon Technologies, Inc.",False
d1v90swm6lej21.cloudfront.net,CDN,"Amazon Technologies, Inc.",False
d1v9r3p9lko85v.cloudfront.net,CDN,"Amazon Technologies, Inc.",False
d1vbcbna54tygs.cloudfront.net,CDN,"Amazon Technologies, Inc.",False
d1vcusj6nhkbfh.cloudfront.net,CDN,"Amazon Technologies, Inc.",False
d1ven3ri4qdl77.cloudfront.net,CDN,"Amazon Technologies, Inc.",False
d1vg5xiq7qffdj.cloudfront.net,CDN,"Amazon Technologies, Inc.",False
d1vjhivtf6oj5u.cloudfront.net,CDN,"Amazon Technologies, Inc.",False
d1vjp8x42vvp1v.cloudfront.net,CDN,"Amazon Technologies, Inc.",False
d1vlb3a1xirezu.cloudfront.net,CDN,"Amazon Technologies, Inc.",False
d1vmsb1yxxamoa.cloudfront.net,CDN,"Amazon Technologies, Inc.",False
d1vo8zfysxy97v.cloudfront.net,CDN,"Amazon Technologies, Inc.",False
d1vonm20pbken0.cloudfront.net,CDN,"Amazon Technologies, Inc.",False
d1voyiv1eh2vzr.cloudfront.net,CDN,"Amazon Technologies, Inc.",False
d1vqr0cheeo2qs.cloudfront.net,CDN,"Amazon Technologies, Inc.",False
d1vt1mo7dnbbf6.cloudfront.net,CDN,"Amazon Technologies, Inc.",False
d1vt5tvllxvxsf.cloudfront.net,CDN,"Amazon Technologies, Inc.",False
d1vxm2qfpf42cg.cloudfront.net,CDN,"Amazon Technologies, Inc.",False
d1vyt7vudpgzlj.cloudfront.net,CDN,"Amazon Technologies, Inc.",False
d1w0478ol8djta.cloudfront.net,CDN,"Amazon Technologies, Inc.",False
d1w1d2uvg5yix8.cloudfront.net,CDN,"Amazon Technologies, Inc.",False
d1w3yskqpuhn7j.cloudfront.net,CDN,"Amazon Technologies, Inc.",False
d1w45f4n3fpfve.cloudfront.net,CDN,"Amazon Technologies, Inc.",False
d1w88y51sgxikl.cloudfront.net,CDN,"Amazon Technologies, Inc.",False
d1w8ticob9764g.cloudfront.net,CDN,"Amazon Technologies, Inc.",False
d1w9968ecxd3bi.cloudfront.net,CDN,"Amazon Technologies, Inc.",False
d1wa642fa19wy3.cloudfront.net,CDN,"Amazon Technologies, Inc.",False
d1wafhq3x7v756.cloudfront.net,CDN,"Amazon Technologies, Inc.",False
d1wcopahj6rhb7.cloudfront.net,CDN,"Amazon Technologies, Inc.",False
d1whm9yla4elqy.cloudfront.net,CDN,"Amazon Technologies, Inc.",False
d1whrul6y6myff.cloudfront.net,CDN,"Amazon Technologies, Inc.",False
d1wigddrwdtsce.cloudfront.net,CDN,"Amazon Technologies, Inc.",False
d1wjd58uo98dzt.cloudfront.net,CDN,"Amazon Technologies, Inc.",False
d1wnclalxop6x4.cloudfront.net,CDN,"Amazon Technologies, Inc.",False
d1wrogzf4e7gi.cloudfront.net,CDN,"Amazon Technologies, Inc.",False
d1wrq8kcdwyeg3.cloudfront.net,CDN,"Amazon Technologies, Inc.",False
d1wrqf50dle3y6.cloudfront.net,CDN,"Amazon Technologies, Inc.",False
d1ww7fr7icm1s4.cloudfront.net,CDN,"Amazon Technologies, Inc.",False
d1wwep6nkcr60g.cloudfront.net,CDN,"Amazon Technologies, Inc.",False
d1wwtn5gq9xmny.cloudfront.net,CDN,"Amazon Technologies, Inc.",False
d1wygimm84ub4x.cloudfront.net,CDN,"Amazon Technologies, Inc.",False
d1x3kskqnea7kt.cloudfront.net,CDN,"Amazon Technologies, Inc.",False
d1x4rwm1kh8pnu.cloudfront.net,CDN,"Amazon Technologies, Inc.",False
d1x5hyh8e73vxb.cloudfront.net,CDN,"Amazon Technologies, Inc.",False
d1x5ro2sfcjs6d.cloudfront.net,CDN,"Amazon Technologies, Inc.",False
d1xbeoukrnib7h.cloudfront.net,CDN,"Amazon Technologies, Inc.",False
d1xduvjfvmwim6.cloudfront.net,CDN,"Amazon Technologies, Inc.",False
d1xg6pwh2selco.cloudfront.net,CDN,"Amazon Technologies, Inc.",False
d1xi4s3c5o0mop.cloudfront.net,CDN,"Amazon Technologies, Inc.",False
d1xiepy4977gv7.cloudfront.net,CDN,"Amazon Technologies, Inc.",False
d1xiv6aarof5z7.cloudfront.net,CDN,"Amazon Technologies, Inc.",False
d1xjcpf49cu2bv.cloudfront.net,CDN,"Amazon Technologies, Inc.",False
d1xjn2n54ep5rr.cloudfront.net,CDN,"Amazon Technologies, Inc.",False
d1xk81hyjyot9j.cloudfront.net,CDN,"Amazon Technologies, Inc.",False
d1xlolqfysd8bi.cloudfront.net,CDN,"Amazon Technologies, Inc.",False
d1xmcpecty2ciz.cloudfront.net,CDN,"Amazon Technologies, Inc.",False
d1xn34bp94agko.cloudfront.net,CDN,"Amazon Technologies, Inc.",False
d1xoiyu8ugiukf.cloudfront.net,CDN,"Amazon Technologies, Inc.",False
d1xolccg5dne67.cloudfront.net,CDN,"Amazon Technologies, Inc.",False
d1y201xxslmqjj.cloudfront.net,CDN,"Amazon Technologies, Inc.",False
d1y24qtab1ou6o.cloudfront.net,CDN,"Amazon Technologies, Inc.",False
d1y4ng3lozj2yp.cloudfront.net,CDN,"Amazon Technologies, Inc.",False
d1y4yqugo2tfyu.cloudfront.net,CDN,"Amazon Technologies, Inc.",False
d1y6vw2yu4dxpf.cloudfront.net,CDN,"Amazon Technologies, Inc.",False
d1y9eg77wvg8wo.cloudfront.net,CDN,"Amazon Technologies, Inc.",False
d1yac0eqrmvlid.cloudfront.net,CDN,"Amazon Technologies, Inc.",False
d1ybc36wgia7a5.cloudfront.net,CDN,"Amazon Technologies, Inc.",False
d1yebgfo0dkt8.cloudfront.net,CDN,"Amazon Technologies, Inc.",False
d1yh17eqtjhci0.cloudfront.net,CDN,"Amazon Technologies, Inc.",False
d1yipx3jv3etxr.cloudfront.net,CDN,"Amazon Technologies, Inc.",False
d1yjicxypkqgie.cloudfront.net,CDN,"Amazon Technologies, Inc.",False
d1ymwlsnnbzybs.cloudfront.net,CDN,"Amazon Technologies, Inc.",False
d1ynn313i6ik1s.cloudfront.net,CDN,"Amazon Technologies, Inc.",False
d1ynqtbpih48ow.cloudfront.net,CDN,"Amazon Technologies, Inc.",False
d1yskcrgxqzdva.cloudfront.net,CDN,"Amazon Technologies, Inc.",False
d1yu8kqvwue793.cloudfront.net,CDN,"Amazon Technologies, Inc.",False
d1yugwoyuva481.cloudfront.net,CDN,"Amazon Technologies, Inc.",False
d1yweck48n8y6y.cloudfront.net,CDN,"Amazon Technologies, Inc.",False
d1yx7tdtmlx1ll.cloudfront.net,CDN,"Amazon Technologies, Inc.",False
d1yxnxmd933p6w.cloudfront.net,CDN,"Amazon Technologies, Inc.",False
d1yyu14twbo3rh.cloudfront.net,CDN,"Amazon Technologies, Inc.",False
d1yzfvdfh1j6z7.cloudfront.net,CDN,"Amazon Technologies, Inc.",False
d1z2igp9hw62cn.cloudfront.net,CDN,"Amazon Technologies, Inc.",False
d1z2jf7jlzjs58.cloudfront.net,CDN,"Amazon Technologies, Inc.",False
d1z4620jtipde6.cloudfront.net,CDN,"Amazon Technologies, Inc.",False
d1z9g586wrbf8r.cloudfront.net,CDN,"Amazon Technologies, Inc.",False
d1zchjxt6i84hj.cloudfront.net,CDN,"Amazon Technologies, Inc.",False
d1zcmvsklxjbur.cloudfront.net,CDN,"Amazon Technologies, Inc.",False
d1zeuq03jp3g60.cloudfront.net,CDN,"Amazon Technologies, Inc.",False
d1zgqb7va74zn2.cloudfront.net,CDN,"Amazon Technologies, Inc.",False
d1zhre7hy74lld.cloudfront.net,CDN,"Amazon Technologies, Inc.",False
d1zibq5kp019rb.cloudfront.net,CDN,"Amazon Technologies, Inc.",False
d1zni680fk4ek1.cloudfront.net,CDN,"Amazon Technologies, Inc.",False
d1zo4zkgrhz42w.cloudfront.net,CDN,"Amazon Technologies, Inc.",False
d1zviajkun9gxg.cloudfront.net,CDN,"Amazon Technologies, Inc.",False
d1zyuwbauijy0c.cloudfront.net,CDN,"Amazon Technologies, Inc.",False
d1zz49oaali6wp.cloudfront.net,CDN,"Amazon Technologies, Inc.",False
d1zzcj29v1dcm4.cloudfront.net,CDN,"Amazon Technologies, Inc.",False
d2-apps.net,,primeNumber Inc.,False
d2005a8tg9wx10.cloudfront.net,CDN,"Amazon Technologies, Inc.",False
d201eyh6wia12q.cloudfront.net,CDN,"Amazon Technologies, Inc.",False
d208pob8ltmutu.cloudfront.net,CDN,"Amazon Technologies, Inc.",False
d20a5zgvyu01zz.cloudfront.net,CDN,"Amazon Technologies, Inc.",False
d20a9ui0wf35xq.cloudfront.net,CDN,"Amazon Technologies, Inc.",False
d20dpfh5yj2fer.cloudfront.net,CDN,"Amazon Technologies, Inc.",False
d20edvf0kxpmih.cloudfront.net,CDN,"Amazon Technologies, Inc.",False
d20gr6sxwd7m3j.cloudfront.net,CDN,"Amazon Technologies, Inc.",False
d20kk62ai8iyde.cloudfront.net,CDN,"Amazon Technologies, Inc.",False
d20ksfmzjml333.cloudfront.net,CDN,"Amazon Technologies, Inc.",False
d20p57q6rxgu2u.cloudfront.net,CDN,"Amazon Technologies, Inc.",False
d20pfsrd.com,,,False
d20q5rglspwje0.cloudfront.net,CDN,"Amazon Technologies, Inc.",False
d20sdyu2v8oyyk.cloudfront.net,CDN,"Amazon Technologies, Inc.",False
d20tqlypr49j2d.cloudfront.net,CDN,"Amazon Technologies, Inc.",False
d20zmvjjlodmep.cloudfront.net,CDN,"Amazon Technologies, Inc.",False
d213zo54bseua4.cloudfront.net,CDN,"Amazon Technologies, Inc.",False
d214h9wdkrmqk4.cloudfront.net,CDN,"Amazon Technologies, Inc.",False
d214hhm15p4t1d.cloudfront.net,CDN,"Amazon Technologies, Inc.",False
d216elucvzoxmd.cloudfront.net,CDN,"Amazon Technologies, Inc.",False
d217z8zw4dqir.cloudfront.net,CDN,"Amazon Technologies, Inc.",False
d219o304zcx1el.cloudfront.net,CDN,"Amazon Technologies, Inc.",False
d219y2zi49ehx7.cloudfront.net,CDN,"Amazon Technologies, Inc.",False
d21buns5ku92am.cloudfront.net,CDN,"Amazon Technologies, Inc.",False
d21chvwvuhnt3g.cloudfront.net,CDN,"Amazon Technologies, Inc.",False
d21ehbsh4p8qaz.cloudfront.net,CDN,"Amazon Technologies, Inc.",False
d21eq13ozgr9xk.cloudfront.net,CDN,"Amazon Technologies, Inc.",False
d21gpk1vhmjuf5.cloudfront.net,CDN,"Amazon Technologies, Inc.",False
d21i0hc4hl3bvt.cloudfront.net,CDN,"Amazon Technologies, Inc.",False
d21ivvgspl06jm.cloudfront.net,CDN,"Amazon Technologies, Inc.",False
d21kznp1uxvrxu.cloudfront.net,CDN,"Amazon Technologies, Inc.",False
d21m4dsqdd3b9h.cloudfront.net,CDN,"Amazon Technologies, Inc.",False
d21oyqyo2734zt.cloudfront.net,CDN,"Amazon Technologies, Inc.",False
d21pm5k0ynjk5u.cloudfront.net,CDN,"Amazon Technologies, Inc.",False
d21pq37ahhv78n.cloudfront.net,CDN,"Amazon Technologies, Inc.",False
d21q7xesnoiieh.cloudfront.net,CDN,"Amazon Technologies, Inc.",False
d21qsrcgqved62.cloudfront.net,CDN,"Amazon Technologies, Inc.",False
d21re3101rblr4.cloudfront.net,CDN,"Amazon Technologies, Inc.",False
d21t26lr3qep44.cloudfront.net,CDN,"Amazon Technologies, Inc.",False
d21wppvg77g1ka.cloudfront.net,CDN,"Amazon Technologies, Inc.",False
d21xbgxy3xu05r.cloudfront.net,CDN,"Amazon Technologies, Inc.",False
d21xyhlfezdkqu.cloudfront.net,CDN,"Amazon Technologies, Inc.",False
d21xzkx9a6yixg.cloudfront.net,CDN,"Amazon Technologies, Inc.",False
d21y75miwcfqoq.cloudfront.net,CDN,"Amazon Technologies, Inc.",False
d21yesh77pw85v.cloudfront.net,CDN,"Amazon Technologies, Inc.",False
d221oziut8gs4d.cloudfront.net,CDN,"Amazon Technologies, Inc.",False
d2265zf4ugou5.cloudfront.net,CDN,"Amazon Technologies, Inc.",False
d226aj4ao1t61q.cloudfront.net,CDN,"Amazon Technologies, Inc.",False
d226l9zfea0pum.cloudfront.net,CDN,"Amazon Technologies, Inc.",False
d2278552ue90ug.cloudfront.net,CDN,"Amazon Technologies, Inc.",False
d229kpbsb5jevy.cloudfront.net,CDN,"Amazon Technologies, Inc.",False
d229tanlyij0i7.cloudfront.net,CDN,"Amazon Technologies, Inc.",False
d22aawixvenbgz.cloudfront.net,CDN,"Amazon Technologies, Inc.",False
d22c8f-d3.myshopify.com,Analytics;CDN;Embedded Content;Online Payment,Shopify Inc.,False
d22dlotb04zv6c.cloudfront.net,CDN,"Amazon Technologies, Inc.",False
d22ht2sdd1mwer.cloudfront.net,CDN,"Amazon Technologies, Inc.",False
d22i50b931b1j0.cloudfront.net,CDN,"Amazon Technologies, Inc.",False
d22j4fzzszoii2.cloudfront.net,CDN,"Amazon Technologies, Inc.",False
d22kba5ddvga0r.cloudfront.net,CDN,"Amazon Technologies, Inc.",False
d22kfs9ajkyzlm.cloudfront.net,CDN,"Amazon Technologies, Inc.",False
d22l20rghftnjp.cloudfront.net,CDN,"Amazon Technologies, Inc.",False
d22lwxpnhu2n4a.cloudfront.net,CDN,"Amazon Technologies, Inc.",False
d22lzfb1677dka.cloudfront.net,CDN,"Amazon Technologies, Inc.",False
d22o6al7s0pvzr.cloudfront.net,CDN,"Amazon Technologies, Inc.",False
d22oyu4gpiqc9t.cloudfront.net,CDN,"Amazon Technologies, Inc.",False
d22p2r8dtchdj5.cloudfront.net,CDN,"Amazon Technologies, Inc.",False
d22q4usp9k8g8u.cloudfront.net,CDN,"Amazon Technologies, Inc.",False
d22swxawtpfyg.cloudfront.net,CDN,"Amazon Technologies, Inc.",False
d22x9xzptcf73u.cloudfront.net,CDN,"Amazon Technologies, Inc.",False
d22xmn10vbouk4.cloudfront.net,CDN,"Amazon Technologies, Inc.",False
d22xnw4oxzvx7b.cloudfront.net,CDN,"Amazon Technologies, Inc.",False
d22xyehbdf999p.cloudfront.net,CDN,"Amazon Technologies, Inc.",False
d230nbo8hrfeqy.cloudfront.net,CDN,"Amazon Technologies, Inc.",False
d230op0r9s8uj1.cloudfront.net,CDN,"Amazon Technologies, Inc.",False
d233j3jbenbjht.cloudfront.net,CDN,"Amazon Technologies, Inc.",False
d2361c0djb4k63.cloudfront.net,CDN,"Amazon Technologies, Inc.",False
d237eb1xp8j1oo.cloudfront.net,CDN,"Amazon Technologies, Inc.",False
d237ww0zx8h47b.cloudfront.net,CDN,"Amazon Technologies, Inc.",False
d237xocrarx9cy.cloudfront.net,CDN,"Amazon Technologies, Inc.",False
d23c7g5btbqo5h.cloudfront.net,CDN,"Amazon Technologies, Inc.",False
d23dclunsivw3h.cloudfront.net,CDN,"Amazon Technologies, Inc.",False
d23frxijs10x3y.cloudfront.net,CDN,"Amazon Technologies, Inc.",False
d23k6ne6q1wonk.cloudfront.net,CDN,"Amazon Technologies, Inc.",False
d23ky608ysv8gk.cloudfront.net,CDN,"Amazon Technologies, Inc.",False
d23lckua0vmd4m.cloudfront.net,CDN,"Amazon Technologies, Inc.",False
d23luisx06t533.cloudfront.net,CDN,"Amazon Technologies, Inc.",False
d23n7ahjfnjotp.cloudfront.net,CDN,"Amazon Technologies, Inc.",False
d23pdvlemoiqdt.cloudfront.net,CDN,"Amazon Technologies, Inc.",False
d23qa08wnsrmbj.cloudfront.net,CDN,"Amazon Technologies, Inc.",False
d23qekhpq967pd.cloudfront.net,CDN,"Amazon Technologies, Inc.",False
d23r389qlubmaj.cloudfront.net,CDN,"Amazon Technologies, Inc.",False
d23rg067ffiwgb.cloudfront.net,CDN,"Amazon Technologies, Inc.",False
d23rlvdyvy5tx2.cloudfront.net,CDN,"Amazon Technologies, Inc.",False
d23rnapwxzakan.cloudfront.net,CDN,"Amazon Technologies, Inc.",False
d23xsqxam3e8xz.cloudfront.net,CDN,"Amazon Technologies, Inc.",False
d23yhnnqssijqq.cloudfront.net,CDN,"Amazon Technologies, Inc.",False
d23zzy3hb7cvqj.cloudfront.net,CDN,"Amazon Technologies, Inc.",False
d241nqlxrbs34r.cloudfront.net,CDN,"Amazon Technologies, Inc.",False
d241qoz0w3ggzz.cloudfront.net,CDN,"Amazon Technologies, Inc.",False
d24eezvv5z9jy5.cloudfront.net,CDN,"Amazon Technologies, Inc.",False
d24fypq6qxjuob.cloudfront.net,CDN,"Amazon Technologies, Inc.",False
d24gagj241yj2z.cloudfront.net,CDN,"Amazon Technologies, Inc.",False
d24h21j1peowro.cloudfront.net,CDN,"Amazon Technologies, Inc.",False
d24hni6i7tkvza.cloudfront.net,CDN,"Amazon Technologies, Inc.",False
d24n1ll22qx5ac.cloudfront.net,CDN,"Amazon Technologies, Inc.",False
d24n9669dryo05.cloudfront.net,CDN,"Amazon Technologies, Inc.",False
d24p1atj6s5nd5.cloudfront.net,CDN,"Amazon Technologies, Inc.",False
d24pes53xj68mk.cloudfront.net,CDN,"Amazon Technologies, Inc.",False
d24q351vy8pl3h.cloudfront.net,CDN,"Amazon Technologies, Inc.",False
d24w9kgvmjednh.cloudfront.net,CDN,"Amazon Technologies, Inc.",False
d24wcgomjvcfnh.cloudfront.net,CDN,"Amazon Technologies, Inc.",False
d24xuz9quftf7a.cloudfront.net,CDN,"Amazon Technologies, Inc.",False
d2528hoa8g0iaj.cloudfront.net,CDN,"Amazon Technologies, Inc.",False
d252t4yj3zy8o.cloudfront.net,CDN,"Amazon Technologies, Inc.",False
d252xzqwj6utz.cloudfront.net,CDN,"Amazon Technologies, Inc.",False
d254swjmew8w6i.cloudfront.net,CDN,"Amazon Technologies, Inc.",False
d255yfnczbi1bu.cloudfront.net,CDN,"Amazon Technologies, Inc.",False
d25b42qy3xlf49.cloudfront.net,CDN,"Amazon Technologies, Inc.",False
d25bsrltkk1hnl.cloudfront.net,CDN,"Amazon Technologies, Inc.",False
d25ckoihpsjafc.cloudfront.net,CDN,"Amazon Technologies, Inc.",False
d25dfknw9ghxs6.cloudfront.net,CDN,"Amazon Technologies, Inc.",False
d25g0eo9v926iy.cloudfront.net,CDN,"Amazon Technologies, Inc.",False
d25g4sp44ohfoe.cloudfront.net,CDN,"Amazon Technologies, Inc.",False
d25mleqp4yksht.cloudfront.net,CDN,"Amazon Technologies, Inc.",False
d25oniaj7o2jcw.cloudfront.net,CDN,"Amazon Technologies, Inc.",False
d25purrcgqtc5w.cloudfront.net,CDN,"Amazon Technologies, Inc.",False
d25r2hrr5derha.b-cdn.net,CDN,BunnyCDN,False
d25v2gor70e1d2.cloudfront.net,CDN,"Amazon Technologies, Inc.",False
d25vg19xgxcqpy.cloudfront.net,CDN,"Amazon Technologies, Inc.",False
d25ybhfj36l2zs.cloudfront.net,CDN,"Amazon Technologies, Inc.",False
d25z2p1va3syvt.cloudfront.net,CDN,"Amazon Technologies, Inc.",False
d25z9ejtv1r3es.cloudfront.net,CDN,"Amazon Technologies, Inc.",False
d25zk4v2x148d8.cloudfront.net,CDN,"Amazon Technologies, Inc.",False
d25zu39ynyitwy.cloudfront.net,CDN,"Amazon Technologies, Inc.",False
d2626faqy8ssti.cloudfront.net,CDN,"Amazon Technologies, Inc.",False
d262ri5vl0r1ym.cloudfront.net,CDN,"Amazon Technologies, Inc.",False
d2638j3z8ek976.cloudfront.net,CDN,"Amazon Technologies, Inc.",False
d2660z551umiy9.cloudfront.net,CDN,"Amazon Technologies, Inc.",False
d26b395fwzu5fz.cloudfront.net,CDN,"Amazon Technologies, Inc.",False
d26d18hjfb29qc.cloudfront.net,CDN,"Amazon Technologies, Inc.",False
d26f7cxry53kh2.cloudfront.net,CDN,"Amazon Technologies, Inc.",False
d26hhearhq0yio.cloudfront.net,CDN,"Amazon Technologies, Inc.",False
d26ky332zktp97.cloudfront.net,CDN,"Amazon Technologies, Inc.",False
d26lajuou7zrsl.cloudfront.net,CDN,"Amazon Technologies, Inc.",False
d26o8czchimmmz.cloudfront.net,CDN,"Amazon Technologies, Inc.",False
d26phqdbpt0w91.cloudfront.net,CDN,"Amazon Technologies, Inc.",False
d26qelpik2kr0g.cloudfront.net,CDN,"Amazon Technologies, Inc.",False
d26qov2vs4lxs.cloudfront.net,CDN,"Amazon Technologies, Inc.",False
d26t98c74zewbt.cloudfront.net,CDN,"Amazon Technologies, Inc.",False
d26tjfukmdhcix.cloudfront.net,CDN,"Amazon Technologies, Inc.",False
d26tpo4cm8sb6k.cloudfront.net,CDN,"Amazon Technologies, Inc.",False
d26u92245fpega.cloudfront.net,CDN,"Amazon Technologies, Inc.",False
d26v12k37lk0za.cloudfront.net,CDN,"Amazon Technologies, Inc.",False
d26xva255kwk0q.cloudfront.net,CDN,"Amazon Technologies, Inc.",False
d26y25tk2f7meh.cloudfront.net,CDN,"Amazon Technologies, Inc.",False
d26ye7gqdco3vi.cloudfront.net,CDN,"Amazon Technologies, Inc.",False
d273zf4tar9au6.cloudfront.net,CDN,"Amazon Technologies, Inc.",False
d2779tscntxxsw.cloudfront.net,CDN,"Amazon Technologies, Inc.",False
d277ipsjahgr25.cloudfront.net,CDN,"Amazon Technologies, Inc.",False
d27f3qgc9anoq2.cloudfront.net,CDN,"Amazon Technologies, Inc.",False
d27kene9g2gviy.cloudfront.net,CDN,"Amazon Technologies, Inc.",False
d27prj4ym2bch2.cloudfront.net,CDN,"Amazon Technologies, Inc.",False
d27vf9ijvhczsn.cloudfront.net,CDN,"Amazon Technologies, Inc.",False
d27vupkexdnpib.cloudfront.net,CDN,"Amazon Technologies, Inc.",False
d27vx6ekipa712.cloudfront.net,CDN,"Amazon Technologies, Inc.",False
d27w43slewhj79.cloudfront.net,CDN,"Amazon Technologies, Inc.",False
d2810q2tlzpt0m.cloudfront.net,CDN,"Amazon Technologies, Inc.",False
d282586ropmwh8.cloudfront.net,CDN,"Amazon Technologies, Inc.",False
d283fm003ll1xs.cloudfront.net,CDN,"Amazon Technologies, Inc.",False
d2854ts9oov59b.cloudfront.net,CDN,"Amazon Technologies, Inc.",False
d289mrzug0ac41.cloudfront.net,CDN,"Amazon Technologies, Inc.",False
d28cp5pdlws7or.cloudfront.net,CDN,"Amazon Technologies, Inc.",False
d28hdetl1q8yl2.cloudfront.net,CDN,"Amazon Technologies, Inc.",False
d28hgpri8am2if.cloudfront.net,CDN,"Amazon Technologies, Inc.",False
d28kwfs7bxzxze.cloudfront.net,CDN,"Amazon Technologies, Inc.",False
d28pk2nlhhgcne.cloudfront.net,CDN,"Amazon Technologies, Inc.",False
d28t0bzfpwwccq.cloudfront.net,CDN,"Amazon Technologies, Inc.",False
d28v4ykgwlcg92.cloudfront.net,CDN,"Amazon Technologies, Inc.",False
d28vgtgv3gnqpe.cloudfront.net,CDN,"Amazon Technologies, Inc.",False
d28vwbaametlj3.cloudfront.net,CDN,"Amazon Technologies, Inc.",False
d28z5qyietifqo.cloudfront.net,CDN,"Amazon Technologies, Inc.",False
d28zpefg8dxz5d.cloudfront.net,CDN,"Amazon Technologies, Inc.",False
d291fr3eiz7w0m.cloudfront.net,CDN,"Amazon Technologies, Inc.",False
d293fuuxyk4xj9.cloudfront.net,CDN,"Amazon Technologies, Inc.",False
d2940o3hgimy9b.cloudfront.net,CDN,"Amazon Technologies, Inc.",False
d295gsuefdocz7.cloudfront.net,CDN,"Amazon Technologies, Inc.",False
d29624yg5p3i5m.cloudfront.net,CDN,"Amazon Technologies, Inc.",False
d296b1gzk3kiqi.cloudfront.net,CDN,"Amazon Technologies, Inc.",False
d297x08tf5dzqn.cloudfront.net,CDN,"Amazon Technologies, Inc.",False
d29bi49s95bm4d.cloudfront.net,CDN,"Amazon Technologies, Inc.",False
d29fe5pgu8c2x.cloudfront.net,CDN,"Amazon Technologies, Inc.",False
d29g2jbpp0b9ev.cloudfront.net,CDN,"Amazon Technologies, Inc.",False
d29g5yx5nppkhx.cloudfront.net,CDN,"Amazon Technologies, Inc.",False
d29hr50f1ai2lv.cloudfront.net,CDN,"Amazon Technologies, Inc.",False
d29k50lkkhkjby.cloudfront.net,CDN,"Amazon Technologies, Inc.",False
d29k629issqy8s.cloudfront.net,CDN,"Amazon Technologies, Inc.",False
d29l98y0pmei9d.cloudfront.net,CDN,"Amazon Technologies, Inc.",False
d29link7mmo00b.cloudfront.net,CDN,"Amazon Technologies, Inc.",False
d29mknc5251yuj.cloudfront.net,CDN,"Amazon Technologies, Inc.",False
d29molv4oa0uux.cloudfront.net,CDN,"Amazon Technologies, Inc.",False
d29nn3ycfnv3k5.cloudfront.net,CDN,"Amazon Technologies, Inc.",False
d29qb9vav0xwuc.cloudfront.net,CDN,"Amazon Technologies, Inc.",False
d29t71yt82cq8p.cloudfront.net,CDN,"Amazon Technologies, Inc.",False
d29t7bzafmvrf8.cloudfront.net,CDN,"Amazon Technologies, Inc.",False
d29tl84w9al6wr.cloudfront.net,CDN,"Amazon Technologies, Inc.",False
d29usylhdk1xyu.cloudfront.net,CDN,"Amazon Technologies, Inc.",False
d29v282vrhy5qn.cloudfront.net,CDN,"Amazon Technologies, Inc.",False
d29yqd5ex5rdtp.cloudfront.net,CDN,"Amazon Technologies, Inc.",False
d29zcoob6ldiik.cloudfront.net,CDN,"Amazon Technologies, Inc.",False
d29ztwzmj72u7w.cloudfront.net,CDN,"Amazon Technologies, Inc.",False
d2a0tn74luqqde.cloudfront.net,CDN,"Amazon Technologies, Inc.",False
d2a13k6araex7u.cloudfront.net,CDN,"Amazon Technologies, Inc.",False
d2a2w09i90ub4j.cloudfront.net,CDN,"Amazon Technologies, Inc.",False
d2a3y7drmxjvu8.cloudfront.net,CDN,"Amazon Technologies, Inc.",False
d2a54pfih9ionq.cloudfront.net,CDN,"Amazon Technologies, Inc.",False
d2a5nh4k9i2nn9.cloudfront.net,CDN,"Amazon Technologies, Inc.",False
d2a8huubqzcsft.cloudfront.net,CDN,"Amazon Technologies, Inc.",False
d2ab400qlgxn2g.cloudfront.net,CDN,"Amazon Technologies, Inc.",False
d2aioe7l2jay46.cloudfront.net,CDN,"Amazon Technologies, Inc.",False
d2aj6v658dazm6.cloudfront.net,CDN,"Amazon Technologies, Inc.",False
d2amku0s8uklwq.cloudfront.net,CDN,"Amazon Technologies, Inc.",False
d2amxkt91ehiaf.cloudfront.net,CDN,"Amazon Technologies, Inc.",False
d2apwscfoijj3f.cloudfront.net,CDN,"Amazon Technologies, Inc.",False
d2aqyxbxf5ei1m.cloudfront.net,CDN,"Amazon Technologies, Inc.",False
d2azal32wgllwk.cloudfront.net,CDN,"Amazon Technologies, Inc.",False
d2b0gcwnwqczdz.cloudfront.net,CDN,"Amazon Technologies, Inc.",False
d2b0hs7i4u6u7z.cloudfront.net,CDN,"Amazon Technologies, Inc.",False
d2b13x7013h3q4.cloudfront.net,CDN,"Amazon Technologies, Inc.",False
d2b4uyylr9hzax.cloudfront.net,CDN,"Amazon Technologies, Inc.",False
d2b61qahd57pij.cloudfront.net,CDN,"Amazon Technologies, Inc.",False
d2b8wt72ktn9a2.cloudfront.net,CDN,"Amazon Technologies, Inc.",False
d2bbwccfwljfnd.cloudfront.net,CDN,"Amazon Technologies, Inc.",False
d2bd6xkhyhohe.cloudfront.net,CDN,"Amazon Technologies, Inc.",False
d2biwaxo49hksz.cloudfront.net,CDN,"Amazon Technologies, Inc.",False
d2bjn9a420fiq0.cloudfront.net,CDN,"Amazon Technologies, Inc.",False
d2bkjuokuc4duf.cloudfront.net,CDN,"Amazon Technologies, Inc.",False
d2bmgwmvnrkp9b.cloudfront.net,CDN,"Amazon Technologies, Inc.",False
d2bnxibecyz4h5.cloudfront.net,CDN,"Amazon Technologies, Inc.",False
d2brc35ftammet.cloudfront.net,CDN,"Amazon Technologies, Inc.",False
d2bsww4jumzg6i.cloudfront.net,CDN,"Amazon Technologies, Inc.",False
d2bubjprb0gcpa.cloudfront.net,CDN,"Amazon Technologies, Inc.",False
d2byr9l6avsb2y.cloudfront.net,CDN,"Amazon Technologies, Inc.",False
d2c.ne.jp,,,False
d2c0xhqyhmtkod.cloudfront.net,CDN,"Amazon Technologies, Inc.",False
d2c1vf58z7dkkx.cloudfront.net,CDN,"Amazon Technologies, Inc.",False
d2c2pwygqbz639.cloudfront.net,CDN,"Amazon Technologies, Inc.",False
d2c7xlmseob604.cloudfront.net,CDN,"Amazon Technologies, Inc.",False
d2c90ggzz7pwih.cloudfront.net,CDN,"Amazon Technologies, Inc.",False
d2cc3dq8rbytrq.cloudfront.net,CDN,"Amazon Technologies, Inc.",False
d2cfjncbaa70hr.cloudfront.net,CDN,"Amazon Technologies, Inc.",False
d2cmqkwo8rxlr9.cloudfront.net,CDN,"Amazon Technologies, Inc.",False
d2cmvbq7sxx33j.cloudfront.net,CDN,"Amazon Technologies, Inc.",False
d2cn40jarzxub5.cloudfront.net,CDN,"Amazon Technologies, Inc.",False
d2crlrso10yatd.cloudfront.net,CDN,"Amazon Technologies, Inc.",False
d2crxtp1tn9cc.cloudfront.net,CDN,"Amazon Technologies, Inc.",False
d2d42mpnbqmzj3.cloudfront.net,CDN,"Amazon Technologies, Inc.",False
d2d7do8qaecbru.cloudfront.net,CDN,"Amazon Technologies, Inc.",False
d2dbdn71e1vorj.cloudfront.net,CDN,"Amazon Technologies, Inc.",False
d2dbxzi34anith.cloudfront.net,CDN,"Amazon Technologies, Inc.",False
d2dd5oq2irx77.cloudfront.net,CDN,"Amazon Technologies, Inc.",False
d2ddvvl4kq5zqr.cloudfront.net,CDN,"Amazon Technologies, Inc.",False
d2dgk297l2uoep.cloudfront.net,CDN,"Amazon Technologies, Inc.",False
d2dkltr9lfc7et.cloudfront.net,CDN,"Amazon Technologies, Inc.",False
d2dpiwfhf3tz0r.cloudfront.net,CDN,"Amazon Technologies, Inc.",False
d2dq2ahtl5zl1z.cloudfront.net,CDN,"Amazon Technologies, Inc.",False
d2droglu4qf8st.cloudfront.net,CDN,"Amazon Technologies, Inc.",False
d2duuy9yo5pldo.cloudfront.net,CDN,"Amazon Technologies, Inc.",False
d2dv7hze646xr.cloudfront.net,CDN,"Amazon Technologies, Inc.",False
d2dve11u4nyc18.cloudfront.net,CDN,"Amazon Technologies, Inc.",False
d2dvy74lyjayxz.cloudfront.net,CDN,"Amazon Technologies, Inc.",False
d2dx4v1kpom5ck.cloudfront.net,CDN,"Amazon Technologies, Inc.",False
d2dz4zuqenz949.cloudfront.net,CDN,"Amazon Technologies, Inc.",False
d2dz54333c07dd.cloudfront.net,CDN,"Amazon Technologies, Inc.",False
d2dz7t9co09rkf.cloudfront.net,CDN,"Amazon Technologies, Inc.",False
d2e0f3kei79xsp.cloudfront.net,CDN,"Amazon Technologies, Inc.",False
d2e0sxz09bo7k2.cloudfront.net,CDN,"Amazon Technologies, Inc.",False
d2e2oszluhwxlw.cloudfront.net,CDN,"Amazon Technologies, Inc.",False
d2e3wg39989un6.cloudfront.net,CDN,"Amazon Technologies, Inc.",False
d2e5e7fyg7o45x.cloudfront.net,CDN,"Amazon Technologies, Inc.",False
d2e62g8hsnz5t6.cloudfront.net,CDN,"Amazon Technologies, Inc.",False
d2e65zu6vwe85q.cloudfront.net,CDN,"Amazon Technologies, Inc.",False
d2e6cdz8zzy7be.cloudfront.net,CDN,"Amazon Technologies, Inc.",False
d2e9me6mwnjx5q.cloudfront.net,CDN,"Amazon Technologies, Inc.",False
d2ea41qb2s4rsg.cloudfront.net,CDN,"Amazon Technologies, Inc.",False
d2ea4mx80waq2p.cloudfront.net,CDN,"Amazon Technologies, Inc.",False
d2egb2vh3kn9lh.cloudfront.net,CDN,"Amazon Technologies, Inc.",False
d2ei2518jwjmt5.cloudfront.net,CDN,"Amazon Technologies, Inc.",False
d2ejdqyadj2vim.cloudfront.net,CDN,"Amazon Technologies, Inc.",False
d2el007dpp854l.cloudfront.net,CDN,"Amazon Technologies, Inc.",False
d2el9x6nt6r2ly.cloudfront.net,CDN,"Amazon Technologies, Inc.",False
d2emf6u9rolzdl.cloudfront.net,CDN,"Amazon Technologies, Inc.",False
d2emjikynwktjn.cloudfront.net,CDN,"Amazon Technologies, Inc.",False
d2emr0qhzqfj88.cloudfront.net,CDN,"Amazon Technologies, Inc.",False
d2eoerz9oylvkc.cloudfront.net,CDN,"Amazon Technologies, Inc.",False
d2erlyv8kqcr44.cloudfront.net,CDN,"Amazon Technologies, Inc.",False
d2es9cpp0lrwos.cloudfront.net,CDN,"Amazon Technologies, Inc.",False
d2esjtpxotlmy7.cloudfront.net,CDN,"Amazon Technologies, Inc.",False
d2exd72xrrp1s7.cloudfront.net,CDN,"Amazon Technologies, Inc.",False
d2eyqtl2zwuj96.cloudfront.net,CDN,"Amazon Technologies, Inc.",False
d2ezz24t9nm0vu.cloudfront.net,CDN,"Amazon Technologies, Inc.",False
d2f1iohpdfe94e.cloudfront.net,CDN,"Amazon Technologies, Inc.",False
d2f2ekwwtg17a.cloudfront.net,CDN,"Amazon Technologies, Inc.",False
d2f39spl4cnkco.cloudfront.net,CDN,"Amazon Technologies, Inc.",False
d2f48pevgsshks.cloudfront.net,CDN,"Amazon Technologies, Inc.",False
d2fb1ew6v6wv87.cloudfront.net,CDN,"Amazon Technologies, Inc.",False
d2fdg90zlvlx3v.cloudfront.net,CDN,"Amazon Technologies, Inc.",False
d2fgzq48ygymce.cloudfront.net,CDN,"Amazon Technologies, Inc.",False
d2fhxdml86brnc.cloudfront.net,CDN,"Amazon Technologies, Inc.",False
d2fjpjh98qq0wl.cloudfront.net,CDN,"Amazon Technologies, Inc.",False
d2fk970j0emtue.cloudfront.net,CDN,"Amazon Technologies, Inc.",False
d2fl0zakydqnwd.cloudfront.net,CDN,"Amazon Technologies, Inc.",False
d2fqkx2upvb5i8.cloudfront.net,CDN,"Amazon Technologies, Inc.",False
d2fut061gvvda0.cloudfront.net,CDN,"Amazon Technologies, Inc.",False
d2fv5jw1wm1sj7.cloudfront.net,CDN,"Amazon Technologies, Inc.",False
d2fxbo429dllho.cloudfront.net,CDN,"Amazon Technologies, Inc.",False
d2fz4jpjfmnz52.cloudfront.net,CDN,"Amazon Technologies, Inc.",False
d2g4prqhs2fpc5.cloudfront.net,CDN,"Amazon Technologies, Inc.",False
d2g4ra5247wcv9.cloudfront.net,CDN,"Amazon Technologies, Inc.",False
d2g6subqyobiwc.cloudfront.net,CDN,"Amazon Technologies, Inc.",False
d2g788fr0ydh4u.cloudfront.net,CDN,"Amazon Technologies, Inc.",False
d2g8jl9s27zu.cloudfront.net,CDN,"Amazon Technologies, Inc.",False
d2g8nvxwoq7uhn.cloudfront.net,CDN,"Amazon Technologies, Inc.",False
d2g8vv1sqcpu0e.cloudfront.net,CDN,"Amazon Technologies, Inc.",False
d2g9ak52q0ogkf.cloudfront.net,CDN,"Amazon Technologies, Inc.",False
d2gbkupk8a9hz2.cloudfront.net,CDN,"Amazon Technologies, Inc.",False
d2ge4wju747vaj.cloudfront.net,CDN,"Amazon Technologies, Inc.",False
d2genwge1af44w.cloudfront.net,CDN,"Amazon Technologies, Inc.",False
d2ghehhx11czsj.cloudfront.net,CDN,"Amazon Technologies, Inc.",False
d2ghxqvnfqa8k7.cloudfront.net,CDN,"Amazon Technologies, Inc.",False
d2gjrq7hs8he14.cloudfront.net,CDN,"Amazon Technologies, Inc.",False
d2gpx7np84fwh1.cloudfront.net,CDN,"Amazon Technologies, Inc.",False
d2gqaza9ld4lvx.cloudfront.net,CDN,"Amazon Technologies, Inc.",False
d2gqkshisthvn1.cloudfront.net,CDN,"Amazon Technologies, Inc.",False
d2gqvlc7hgzkx2.cloudfront.net,CDN,"Amazon Technologies, Inc.",False
d2gtafdivcal5l.cloudfront.net,CDN,"Amazon Technologies, Inc.",False
d2guulkeunn7d8.cloudfront.net,CDN,"Amazon Technologies, Inc.",False
d2gxipfz9gkea5.cloudfront.net,CDN,"Amazon Technologies, Inc.",False
d2gy0p4g12y3ty.cloudfront.net,CDN,"Amazon Technologies, Inc.",False
d2h1x5c3zwmjjq.cloudfront.net,CDN,"Amazon Technologies, Inc.",False
d2h3sz5hbsavy4.cloudfront.net,CDN,"Amazon Technologies, Inc.",False
d2hc7qlbiv44p1.cloudfront.net,CDN,"Amazon Technologies, Inc.",False
d2hcasl8x2fc0w.cloudfront.net,CDN,"Amazon Technologies, Inc.",False
d2hg6tk38qvc67.cloudfront.net,CDN,"Amazon Technologies, Inc.",False
d2hh99vg3m499q.cloudfront.net,CDN,"Amazon Technologies, Inc.",False
d2hhjsu0v3gh4o.cloudfront.net,CDN,"Amazon Technologies, Inc.",False
d2hicexbdkkc9q.cloudfront.net,CDN,"Amazon Technologies, Inc.",False
d2hki2abosw8bg.cloudfront.net,CDN,"Amazon Technologies, Inc.",False
d2hod3e0yf608t.cloudfront.net,CDN,"Amazon Technologies, Inc.",False
d2hq54xtm79wzl.cloudfront.net,CDN,"Amazon Technologies, Inc.",False
d2hralswu9lj8u.cloudfront.net,CDN,"Amazon Technologies, Inc.",False
d2hrivdxn8ekm8.cloudfront.net,CDN,"Amazon Technologies, Inc.",False
d2i2wahzwrm1n5.cloudfront.net,CDN,"Amazon Technologies, Inc.",False
d2i34c80a0ftze.cloudfront.net,CDN,"Amazon Technologies, Inc.",False
d2i5gg36g14bzn.cloudfront.net,CDN,"Amazon Technologies, Inc.",False
d2i67t0npf5z4z.cloudfront.net,CDN,"Amazon Technologies, Inc.",False
d2i70su4dxskle.cloudfront.net,CDN,"Amazon Technologies, Inc.",False
d2i7dwlmcvndgl.cloudfront.net,CDN,"Amazon Technologies, Inc.",False
d2i7wdcdv0nh1p.cloudfront.net,CDN,"Amazon Technologies, Inc.",False
d2ibtrpzg1rao3.cloudfront.net,CDN,"Amazon Technologies, Inc.",False
d2ibu2ug0mt5qp.cloudfront.net,CDN,"Amazon Technologies, Inc.",False
d2icp22po6iej.cloudfront.net,CDN,"Amazon Technologies, Inc.",False
d2icrmvj8iw6h.cloudfront.net,CDN,"Amazon Technologies, Inc.",False
d2idw6sezw0xkq.cloudfront.net,CDN,"Amazon Technologies, Inc.",False
d2ifq3mi0lzqe8.cloudfront.net,CDN,"Amazon Technologies, Inc.",False
d2ig6a6gsvh7uv.cloudfront.net,CDN,"Amazon Technologies, Inc.",False
d2il9fvx33nb2t.cloudfront.net,CDN,"Amazon Technologies, Inc.",False
d2io6ax3sh8dt7.cloudfront.net,CDN,"Amazon Technologies, Inc.",False
d2iq7kcocq4ytp.cloudfront.net,CDN,"Amazon Technologies, Inc.",False
d2irp1xpv4zruw.cloudfront.net,CDN,"Amazon Technologies, Inc.",False
d2itx6amgq1tro.cloudfront.net,CDN,"Amazon Technologies, Inc.",False
d2ivt1ny4io8b5.cloudfront.net,CDN,"Amazon Technologies, Inc.",False
d2iypw58kgnuck.cloudfront.net,CDN,"Amazon Technologies, Inc.",False
d2izjnv2cstnbx.cloudfront.net,CDN,"Amazon Technologies, Inc.",False
d2j0x9l7nnpgcv.cloudfront.net,CDN,"Amazon Technologies, Inc.",False
d2j3qa5nc37287.cloudfront.net,CDN,"Amazon Technologies, Inc.",False
d2j3tohu39po96.cloudfront.net,CDN,"Amazon Technologies, Inc.",False
d2j6syf6c0cltf.cloudfront.net,CDN,"Amazon Technologies, Inc.",False
d2j7mtzqh3wsf0.cloudfront.net,CDN,"Amazon Technologies, Inc.",False
d2j8vqhorlxvj3.cloudfront.net,CDN,"Amazon Technologies, Inc.",False
d2jb4bk5o0jsp0.cloudfront.net,CDN,"Amazon Technologies, Inc.",False
d2jevtfrs3kd3m.cloudfront.net,CDN,"Amazon Technologies, Inc.",False
d2jf9d9dkfqof9.cloudfront.net,CDN,"Amazon Technologies, Inc.",False
d2jhqq89bmpcu4.cloudfront.net,CDN,"Amazon Technologies, Inc.",False
d2ji5ni83dazh.cloudfront.net,CDN,"Amazon Technologies, Inc.",False
d2jjp7jzr3ut8u.cloudfront.net,CDN,"Amazon Technologies, Inc.",False
d2jjzw81hqbuqv.cloudfront.net,CDN,"Amazon Technologies, Inc.",False
d2jmec59ghg6fe.cloudfront.net,CDN,"Amazon Technologies, Inc.",False
d2jocyn8o0ggnq.cloudfront.net,CDN,"Amazon Technologies, Inc.",False
d2jthn49gmgxq3.cloudfront.net,CDN,"Amazon Technologies, Inc.",False
d2juybermts1ho.cloudfront.net,CDN,"Amazon Technologies, Inc.",False
d2jv02qf7xgjwx.cloudfront.net,CDN,"Amazon Technologies, Inc.",False
d2jviqu7dvkxsr.cloudfront.net,CDN,"Amazon Technologies, Inc.",False
d2k0w1g454zk4u.cloudfront.net,CDN,"Amazon Technologies, Inc.",False
d2k1irnxfce8lu.cloudfront.net,CDN,"Amazon Technologies, Inc.",False
d2k21z21l53iby.cloudfront.net,CDN,"Amazon Technologies, Inc.",False
d2k3gv2nh8kw8s.cloudfront.net,CDN,"Amazon Technologies, Inc.",False
d2k55vl2i5xkk1.cloudfront.net,CDN,"Amazon Technologies, Inc.",False
d2k719h1rzcw3u.cloudfront.net,CDN,"Amazon Technologies, Inc.",False
d2kc9bbovjrjt2.cloudfront.net,CDN,"Amazon Technologies, Inc.",False
d2kd82ot5yb901.cloudfront.net,CDN,"Amazon Technologies, Inc.",False
d2kdb91xusyaeu.cloudfront.net,CDN,"Amazon Technologies, Inc.",False
d2kev7e5vwzhxy.cloudfront.net,CDN,"Amazon Technologies, Inc.",False
d2kfg2dwwf7b20.cloudfront.net,CDN,"Amazon Technologies, Inc.",False
d2kg5awtau6jim.cloudfront.net,CDN,"Amazon Technologies, Inc.",False
d2kjyluk38mnml.cloudfront.net,CDN,"Amazon Technologies, Inc.",False
d2knphq6m6mz66.cloudfront.net,CDN,"Amazon Technologies, Inc.",False
d2knwvu6cegzt1.cloudfront.net,CDN,"Amazon Technologies, Inc.",False
d2kr9a5956v7no.cloudfront.net,CDN,"Amazon Technologies, Inc.",False
d2krqszmlxqnop.cloudfront.net,CDN,"Amazon Technologies, Inc.",False
d2ktujc16o9o8z.cloudfront.net,CDN,"Amazon Technologies, Inc.",False
d2ktvb7yyi67er.cloudfront.net,CDN,"Amazon Technologies, Inc.",False
d2kv6n94eruxg9.cloudfront.net,CDN,"Amazon Technologies, Inc.",False
d2kval16amf1ph.cloudfront.net,CDN,"Amazon Technologies, Inc.",False
d2kvvea03f8wjy.cloudfront.net,CDN,"Amazon Technologies, Inc.",False
d2kx0heugfrx3y.cloudfront.net,CDN,"Amazon Technologies, Inc.",False
d2kyanfkchbkxb.cloudfront.net,CDN,"Amazon Technologies, Inc.",False
d2kz53n3bzvihv.cloudfront.net,CDN,"Amazon Technologies, Inc.",False
d2kzlyd1oungra.cloudfront.net,CDN,"Amazon Technologies, Inc.",False
d2kzpkef14nfxb.cloudfront.net,CDN,"Amazon Technologies, Inc.",False
d2l0r9wyohrlok.cloudfront.net,CDN,"Amazon Technologies, Inc.",False
d2l1xpb8p78g3q.cloudfront.net,CDN,"Amazon Technologies, Inc.",False
d2l46bvt4dy699.cloudfront.net,CDN,"Amazon Technologies, Inc.",False
d2l4yzz2v5yv5j.cloudfront.net,CDN,"Amazon Technologies, Inc.",False
d2l9cqd5deppa0.cloudfront.net,CDN,"Amazon Technologies, Inc.",False
d2l9myzitk5g0m.cloudfront.net,CDN,"Amazon Technologies, Inc.",False
d2lf27sn76xqep.cloudfront.net,CDN,"Amazon Technologies, Inc.",False
d2lfvu7jqtft3i.cloudfront.net,CDN,"Amazon Technologies, Inc.",False
d2licdfz31ol73.cloudfront.net,CDN,"Amazon Technologies, Inc.",False
d2lj229o2zmjtj.cloudfront.net,CDN,"Amazon Technologies, Inc.",False
d2ljz0xfa5culc.cloudfront.net,CDN,"Amazon Technologies, Inc.",False
d2lk74mnf6xivr.cloudfront.net,CDN,"Amazon Technologies, Inc.",False
d2ll8a3kd3dtt1.cloudfront.net,CDN,"Amazon Technologies, Inc.",False
d2lnr5mha7bycj.cloudfront.net,CDN,"Amazon Technologies, Inc.",False
d2lpifjgxs6vxj.cloudfront.net,CDN,"Amazon Technologies, Inc.",False
d2lpq8qy4g8r68.cloudfront.net,CDN,"Amazon Technologies, Inc.",False
d2lwfbuh36ms5l.cloudfront.net,CDN,"Amazon Technologies, Inc.",False
d2lypz3f37mjr.cloudfront.net,CDN,"Amazon Technologies, Inc.",False
d2lyx5ly60ksu3.cloudfront.net,CDN,"Amazon Technologies, Inc.",False
d2lz7267o80s75.cloudfront.net,CDN,"Amazon Technologies, Inc.",False
d2m2wsoho8qq12.cloudfront.net,CDN,"Amazon Technologies, Inc.",False
d2mdfe2xnb3ch1.cloudfront.net,CDN,"Amazon Technologies, Inc.",False
d2mf6qntcll49d.cloudfront.net,CDN,"Amazon Technologies, Inc.",False
d2mgwr5dicwxs0.cloudfront.net,CDN,"Amazon Technologies, Inc.",False
d2miht7rz8jsv8.cloudfront.net,CDN,"Amazon Technologies, Inc.",False
d2mjzob2nc713b.cloudfront.net,CDN,"Amazon Technologies, Inc.",False
d2mmhjzsyug3n3.cloudfront.net,CDN,"Amazon Technologies, Inc.",False
d2mnp1wrhnm1mp.cloudfront.net,CDN,"Amazon Technologies, Inc.",False
d2mohlla1urrgt.cloudfront.net,CDN,"Amazon Technologies, Inc.",False
d2mqczrhbrs0gr.cloudfront.net,CDN,"Amazon Technologies, Inc.",False
d2mubj7afuiaat.cloudfront.net,CDN,"Amazon Technologies, Inc.",False
d2muzdhs7lpmo0.cloudfront.net,CDN,"Amazon Technologies, Inc.",False
d2my2wpsc41l6t.cloudfront.net,CDN,"Amazon Technologies, Inc.",False
d2n11ej2y764v6.cloudfront.net,CDN,"Amazon Technologies, Inc.",False
d2n1u2iiijs8ue.cloudfront.net,CDN,"Amazon Technologies, Inc.",False
d2n41ilv57tora.cloudfront.net,CDN,"Amazon Technologies, Inc.",False
d2n4fhucnblwk5.cloudfront.net,CDN,"Amazon Technologies, Inc.",False
d2n4zfio24poj1.cloudfront.net,CDN,"Amazon Technologies, Inc.",False
d2n6ofw4o746cn.cloudfront.net,CDN,"Amazon Technologies, Inc.",False
d2n6uuzqhmq007.cloudfront.net,CDN,"Amazon Technologies, Inc.",False
d2n7dqxf5exqcx.cloudfront.net,CDN,"Amazon Technologies, Inc.",False
d2n9h2wits23hf.cloudfront.net,CDN,"Amazon Technologies, Inc.",False
d2nb8vy4xqhem7.cloudfront.net,CDN,"Amazon Technologies, Inc.",False
d2nce6johdc51d.cloudfront.net,CDN,"Amazon Technologies, Inc.",False
d2ncvocjcvqcx3.cloudfront.net,CDN,"Amazon Technologies, Inc.",False
d2nigg2msgncwy.cloudfront.net,CDN,"Amazon Technologies, Inc.",False
d2nkp0y8q9fwh4.cloudfront.net,CDN,"Amazon Technologies, Inc.",False
d2nljugyn5ko39.cloudfront.net,CDN,"Amazon Technologies, Inc.",False
d2npgc3pmwo5zm.cloudfront.net,CDN,"Amazon Technologies, Inc.",False
d2nsw11i8ho592.cloudfront.net,CDN,"Amazon Technologies, Inc.",False
d2ntrob2ausyz5.cloudfront.net,CDN,"Amazon Technologies, Inc.",False
d2nunaaqaabb1i.cloudfront.net,CDN,"Amazon Technologies, Inc.",False
d2nv381kks851g.cloudfront.net,CDN,"Amazon Technologies, Inc.",False
d2nxgmoqdz8lxk.cloudfront.net,CDN,"Amazon Technologies, Inc.",False
d2ny29nymz9os1.cloudfront.net,CDN,"Amazon Technologies, Inc.",False
d2nyaskpg0mnv5.cloudfront.net,CDN,"Amazon Technologies, Inc.",False
d2nzq26ejd25ne.cloudfront.net,CDN,"Amazon Technologies, Inc.",False
d2o0kohqwk75hu.cloudfront.net,CDN,"Amazon Technologies, Inc.",False
d2o0pyqwquw18n.cloudfront.net,CDN,"Amazon Technologies, Inc.",False
d2o0vml6p83nb3.cloudfront.net,CDN,"Amazon Technologies, Inc.",False
d2o2h9rtkbpdv.cloudfront.net,CDN,"Amazon Technologies, Inc.",False
d2o2hgyhrq7n36.cloudfront.net,CDN,"Amazon Technologies, Inc.",False
d2o2utebsixu4k.cloudfront.net,CDN,"Amazon Technologies, Inc.",False
d2o5d0ltbm1qhi.cloudfront.net,CDN,"Amazon Technologies, Inc.",False
d2o5idwacg3gyw.cloudfront.net,CDN,"Amazon Technologies, Inc.",False
d2o61edre4hzj3.cloudfront.net,CDN,"Amazon Technologies, Inc.",False
d2o9p5vky89u4e.cloudfront.net,CDN,"Amazon Technologies, Inc.",False
d2oae2rtkilur0.cloudfront.net,CDN,"Amazon Technologies, Inc.",False
d2oarllo6tn86.cloudfront.net,CDN,"Amazon Technologies, Inc.",False
d2ob6t3bgjo11t.cloudfront.net,CDN,"Amazon Technologies, Inc.",False
d2ogoirb28wat7.cloudfront.net,CDN,"Amazon Technologies, Inc.",False
d2oh4tlt9mrke9.cloudfront.net,CDN,"Amazon Technologies, Inc.",False
d2ohrcmcxyl6n8.cloudfront.net,CDN,"Amazon Technologies, Inc.",False
d2ok2u3bz752mp.cloudfront.net,CDN,"Amazon Technologies, Inc.",False
d2okyn3b93j65i.cloudfront.net,CDN,"Amazon Technologies, Inc.",False
d2oovzoeqb2y1r.cloudfront.net,CDN,"Amazon Technologies, Inc.",False
d2or6ypmrnlgrp.cloudfront.net,CDN,"Amazon Technologies, Inc.",False
d2orn3b579fthr.cloudfront.net,CDN,"Amazon Technologies, Inc.",False
d2osz8slymlqdp.cloudfront.net,CDN,"Amazon Technologies, Inc.",False
d2ot7vki3dxa11.cloudfront.net,CDN,"Amazon Technologies, Inc.",False
d2p078bqz5urf7.cloudfront.net,CDN,"Amazon Technologies, Inc.",False
d2p93lqr3z24up.cloudfront.net,CDN,"Amazon Technologies, Inc.",False
d2p9nwuani32ep.cloudfront.net,CDN,"Amazon Technologies, Inc.",False
d2pass.com,,,False
d2pdr92cvtkw6v.cloudfront.net,CDN,"Amazon Technologies, Inc.",False
d2pgkjovoxhm57.cloudfront.net,CDN,"Amazon Technologies, Inc.",False
d2ph4v1w65guso.cloudfront.net,CDN,"Amazon Technologies, Inc.",False
d2ph6bi78bvip6.cloudfront.net,CDN,"Amazon Technologies, Inc.",False
d2pk9irbti8kgl.cloudfront.net,CDN,"Amazon Technologies, Inc.",False
d2pkcwbsyjj2rs.cloudfront.net,CDN,"Amazon Technologies, Inc.",False
d2pn39l3y17b9v.cloudfront.net,CDN,"Amazon Technologies, Inc.",False
d2po7v53a8yrck.cloudfront.net,CDN,"Amazon Technologies, Inc.",False
d2ppyyw8sc1p4w.cloudfront.net,CDN,"Amazon Technologies, Inc.",False
d2pq6nesasm4ov.cloudfront.net,CDN,"Amazon Technologies, Inc.",False
d2pt12ct4kmq21.cloudfront.net,CDN,"Amazon Technologies, Inc.",False
d2ptjool4k6vt5.cloudfront.net,CDN,"Amazon Technologies, Inc.",False
d2pupanw9x802c.cloudfront.net,CDN,"Amazon Technologies, Inc.",False
d2pxauiywtuonq.cloudfront.net,CDN,"Amazon Technologies, Inc.",False
d2pxhvzztgubly.cloudfront.net,CDN,"Amazon Technologies, Inc.",False
d2q1ebiag300ih.cloudfront.net,CDN,"Amazon Technologies, Inc.",False
d2q2jy3t71sszx.cloudfront.net,CDN,"Amazon Technologies, Inc.",False
d2q4ga9yb53uwq.cloudfront.net,CDN,"Amazon Technologies, Inc.",False
d2q5qaygbbwnnw.cloudfront.net,CDN,"Amazon Technologies, Inc.",False
d2q86h5pvn46dj.cloudfront.net,CDN,"Amazon Technologies, Inc.",False
d2q92vhibm1ddv.cloudfront.net,CDN,"Amazon Technologies, Inc.",False
d2q9kw5vp0we94.cloudfront.net,CDN,"Amazon Technologies, Inc.",False
d2qenv3o9ur57u.cloudfront.net,CDN,"Amazon Technologies, Inc.",False
d2qfs6kwi0ta57.cloudfront.net,CDN,"Amazon Technologies, Inc.",False
d2qgd3674r1c5.cloudfront.net,CDN,"Amazon Technologies, Inc.",False
d2qgtqe8bgd7gp.cloudfront.net,CDN,"Amazon Technologies, Inc.",False
d2qhngyckgiutd.cloudfront.net,CDN,"Amazon Technologies, Inc.",False
d2qke8j4wum7ey.cloudfront.net,CDN,"Amazon Technologies, Inc.",False
d2qktuzajlc38t.cloudfront.net,CDN,"Amazon Technologies, Inc.",False
d2ql3cera6taa7.cloudfront.net,CDN,"Amazon Technologies, Inc.",False
d2qmp7jjpd79k7.cloudfront.net,CDN,"Amazon Technologies, Inc.",False
d2qmtqgzk49dil.cloudfront.net,CDN,"Amazon Technologies, Inc.",False
d2qn5pre0p0oeu.cloudfront.net,CDN,"Amazon Technologies, Inc.",False
d2qqqj9g3qaccs.cloudfront.net,CDN,"Amazon Technologies, Inc.",False
d2qw2le5iiypn5.cloudfront.net,CDN,"Amazon Technologies, Inc.",False
d2r1yp2w7bby2u.cloudfront.net,CDN,"Amazon Technologies, Inc.",False
d2r3mcu1hxcdmg.cloudfront.net,CDN,"Amazon Technologies, Inc.",False
d2r3njp3uau7v1.cloudfront.net,CDN,"Amazon Technologies, Inc.",False
d2r5sn7l207gms.cloudfront.net,CDN,"Amazon Technologies, Inc.",False
d2r6ga9xnxj9b6.cloudfront.net,CDN,"Amazon Technologies, Inc.",False
d2r7ualogzlf1u.cloudfront.net,CDN,"Amazon Technologies, Inc.",False
d2r8ootic371nc.cloudfront.net,CDN,"Amazon Technologies, Inc.",False
d2r95klxlhd8n2.cloudfront.net,CDN,"Amazon Technologies, Inc.",False
d2r9py2hfy5mgp.cloudfront.net,CDN,"Amazon Technologies, Inc.",False
d2ra6nuwn69ktl.cloudfront.net,CDN,"Amazon Technologies, Inc.",False
d2rbodpj0xodc.cloudfront.net,CDN,"Amazon Technologies, Inc.",False
d2rbvi9r7mopnq.cloudfront.net,CDN,"Amazon Technologies, Inc.",False
d2rby967xwpcgq.cloudfront.net,CDN,"Amazon Technologies, Inc.",False
d2rcjnm3cl050w.cloudfront.net,CDN,"Amazon Technologies, Inc.",False
d2rdh9al282ycv.cloudfront.net,CDN,"Amazon Technologies, Inc.",False
d2rhnzwg8g191b.cloudfront.net,CDN,"Amazon Technologies, Inc.",False
d2rho2ltbyoolc.cloudfront.net,CDN,"Amazon Technologies, Inc.",False
d2ria90rzqh48t.cloudfront.net,CDN,"Amazon Technologies, Inc.",False
d2rnkf2kqy5m6h.cloudfront.net,CDN,"Amazon Technologies, Inc.",False
d2rnvyacaewvx6.cloudfront.net,CDN,"Amazon Technologies, Inc.",False
d2ro2pmuf1vegd.cloudfront.net,CDN,"Amazon Technologies, Inc.",False
d2ros7eft01000.cloudfront.net,CDN,"Amazon Technologies, Inc.",False
d2rp1k1dldbai6.cloudfront.net,CDN,"Amazon Technologies, Inc.",False
d2rpynuh8b00bg.cloudfront.net,CDN,"Amazon Technologies, Inc.",False
d2rqn4gk0uby1d.cloudfront.net,CDN,"Amazon Technologies, Inc.",False
d2rufcphv55tw6.cloudfront.net,CDN,"Amazon Technologies, Inc.",False
d2rvlqkx05tycr.cloudfront.net,CDN,"Amazon Technologies, Inc.",False
d2ryay7y30nb4j.cloudfront.net,CDN,"Amazon Technologies, Inc.",False
d2s2mwl55b5pzz.cloudfront.net,CDN,"Amazon Technologies, Inc.",False
d2s3kjdp77ms5k.cloudfront.net,CDN,"Amazon Technologies, Inc.",False
d2s3lp7iis1w47.cloudfront.net,CDN,"Amazon Technologies, Inc.",False
d2s3yng8oa9yq.cloudfront.net,CDN,"Amazon Technologies, Inc.",False
d2s436fzeod90g.cloudfront.net,CDN,"Amazon Technologies, Inc.",False
d2s5b55enf5um0.cloudfront.net,CDN,"Amazon Technologies, Inc.",False
d2s6bejqp3iqyh.cloudfront.net,CDN,"Amazon Technologies, Inc.",False
d2sakl8lgi3ahj.cloudfront.net,CDN,"Amazon Technologies, Inc.",False
d2sdc627riqitt.cloudfront.net,CDN,"Amazon Technologies, Inc.",False
d2sg1rrdkabni8.cloudfront.net,CDN,"Amazon Technologies, Inc.",False
d2sg48r5g91mpb.cloudfront.net,CDN,"Amazon Technologies, Inc.",False
d2sgc57sw7l730.cloudfront.net,CDN,"Amazon Technologies, Inc.",False
d2svn005txojm.cloudfront.net,CDN,"Amazon Technologies, Inc.",False
d2t0gq9n4elsnj.cloudfront.net,CDN,"Amazon Technologies, Inc.",False
d2t313fhhnr0v7.cloudfront.net,CDN,"Amazon Technologies, Inc.",False
d2t3tkftmx1fe5.cloudfront.net,CDN,"Amazon Technologies, Inc.",False
d2t3vhau9g43uy.cloudfront.net,CDN,"Amazon Technologies, Inc.",False
d2t3y51dnu20kw.cloudfront.net,CDN,"Amazon Technologies, Inc.",False
d2t8nixuow17vt.cloudfront.net,CDN,"Amazon Technologies, Inc.",False
d2t953dxm5i0o5.cloudfront.net,CDN,"Amazon Technologies, Inc.",False
d2tb7sthg3igcy.cloudfront.net,CDN,"Amazon Technologies, Inc.",False
d2tbbu397eeoxj.cloudfront.net,CDN,"Amazon Technologies, Inc.",False
d2tbee9lmruldx.cloudfront.net,CDN,"Amazon Technologies, Inc.",False
d2tefupx1dneli.cloudfront.net,CDN,"Amazon Technologies, Inc.",False
d2tjpz01y5bfgl.cloudfront.net,CDN,"Amazon Technologies, Inc.",False
d2tklq2judnss1.cloudfront.net,CDN,"Amazon Technologies, Inc.",False
d2to4rduxg78d4.cloudfront.net,CDN,"Amazon Technologies, Inc.",False
d2tp4tvnv1s4gi.cloudfront.net,CDN,"Amazon Technologies, Inc.",False
d2tqpvzbxkbpms.cloudfront.net,CDN,"Amazon Technologies, Inc.",False
d2trly8m2h0e8p.cloudfront.net,CDN,"Amazon Technologies, Inc.",False
d2tvhkv3f771uv.cloudfront.net,CDN,"Amazon Technologies, Inc.",False
d2u1kjjz3dpeq7.cloudfront.net,CDN,"Amazon Technologies, Inc.",False
d2u2aysetgydau.cloudfront.net,CDN,"Amazon Technologies, Inc.",False
d2u34kd1vibov4.cloudfront.net,CDN,"Amazon Technologies, Inc.",False
d2u3nqxdoqlped.cloudfront.net,CDN,"Amazon Technologies, Inc.",False
d2u6d2pvwphyot.cloudfront.net,CDN,"Amazon Technologies, Inc.",False
d2u9nuq84jlbj2.cloudfront.net,CDN,"Amazon Technologies, Inc.",False
d2ud4lrh93zfsg.cloudfront.net,CDN,"Amazon Technologies, Inc.",False
d2ud88ojnea1jk.cloudfront.net,CDN,"Amazon Technologies, Inc.",False
d2ue325seuse8m.cloudfront.net,CDN,"Amazon Technologies, Inc.",False
d2uhnetoehh304.cloudfront.net,CDN,"Amazon Technologies, Inc.",False
d2uj9wj3adm79a.cloudfront.net,CDN,"Amazon Technologies, Inc.",False
d2ujs0u2ekt0bo.cloudfront.net,CDN,"Amazon Technologies, Inc.",False
d2uk3tiuz9d3aj.cloudfront.net,CDN,"Amazon Technologies, Inc.",False
d2umq2feo9f3jv.cloudfront.net,CDN,"Amazon Technologies, Inc.",False
d2unb0oevdov0m.cloudfront.net,CDN,"Amazon Technologies, Inc.",False
d2uqxbj41k7n49.cloudfront.net,CDN,"Amazon Technologies, Inc.",False
d2uqzpf6d2kb73.cloudfront.net,CDN,"Amazon Technologies, Inc.",False
d2urhn0mmik6is.cloudfront.net,CDN,"Amazon Technologies, Inc.",False
d2urx77bhsiv5l.cloudfront.net,CDN,"Amazon Technologies, Inc.",False
d2usvkdv5ez38f.cloudfront.net,CDN,"Amazon Technologies, Inc.",False
d2uu443lz8dyfn.cloudfront.net,CDN,"Amazon Technologies, Inc.",False
d2uum8dec56mmi.cloudfront.net,CDN,"Amazon Technologies, Inc.",False
d2uuuma3d0ff2p.cloudfront.net,CDN,"Amazon Technologies, Inc.",False
d2uv8e5stiuj36.cloudfront.net,CDN,"Amazon Technologies, Inc.",False
d2uxtb165k2tu5.cloudfront.net,CDN,"Amazon Technologies, Inc.",False
d2v2bva7b6n9lx.cloudfront.net,CDN,"Amazon Technologies, Inc.",False
d2v3o222e3td2o.cloudfront.net,CDN,"Amazon Technologies, Inc.",False
d2v4ae9fwoztz2.cloudfront.net,CDN,"Amazon Technologies, Inc.",False
d2v54wjmlooyi.cloudfront.net,CDN,"Amazon Technologies, Inc.",False
d2v5dzhdg4zhx3.cloudfront.net,CDN,"Amazon Technologies, Inc.",False
d2v6t2fbnv9rsw.cloudfront.net,CDN,"Amazon Technologies, Inc.",False
d2v83son8kay5v.cloudfront.net,CDN,"Amazon Technologies, Inc.",False
d2v8arzsefw7i2.cloudfront.net,CDN,"Amazon Technologies, Inc.",False
d2v8welrpbd4p2.cloudfront.net,CDN,"Amazon Technologies, Inc.",False
d2vave47x9fb35.cloudfront.net,CDN,"Amazon Technologies, Inc.",False
d2vbr83hnyiux1.cloudfront.net,CDN,"Amazon Technologies, Inc.",False
d2vc0fny0vrrxy.cloudfront.net,CDN,"Amazon Technologies, Inc.",False
d2veheavfolhls.cloudfront.net,CDN,"Amazon Technologies, Inc.",False
d2verwcyzhj9cw.cloudfront.net,CDN,"Amazon Technologies, Inc.",False
d2vewvc74wolt3.cloudfront.net,CDN,"Amazon Technologies, Inc.",False
d2vftoccbq8rr6.cloudfront.net,CDN,"Amazon Technologies, Inc.",False
d2vh0v5ja4w8s1.cloudfront.net,CDN,"Amazon Technologies, Inc.",False
d2viduam6g2fks.cloudfront.net,CDN,"Amazon Technologies, Inc.",False
d2vkdup78n3fdj.cloudfront.net,CDN,"Amazon Technologies, Inc.",False
d2vkjpsupvjjpm.cloudfront.net,CDN,"Amazon Technologies, Inc.",False
d2vnger572kt8g.cloudfront.net,CDN,"Amazon Technologies, Inc.",False
d2vopltcr3lmi6.cloudfront.net,CDN,"Amazon Technologies, Inc.",False
d2vpe5holfgxc9.cloudfront.net,CDN,"Amazon Technologies, Inc.",False
d2vqa3vo1041th.cloudfront.net,CDN,"Amazon Technologies, Inc.",False
d2vqp99hpd63xz.cloudfront.net,CDN,"Amazon Technologies, Inc.",False
d2vr3jn6sqhcny.cloudfront.net,CDN,"Amazon Technologies, Inc.",False
d2vs36cx04qmpo.cloudfront.net,CDN,"Amazon Technologies, Inc.",False
d2vsf1hynzxim7.cloudfront.net,CDN,"Amazon Technologies, Inc.",False
d2vu9q33gx38l1.cloudfront.net,CDN,"Amazon Technologies, Inc.",False
d2vx8c5aqdrntj.cloudfront.net,CDN,"Amazon Technologies, Inc.",False
d2vykwbochoala.cloudfront.net,CDN,"Amazon Technologies, Inc.",False
d2w1ef2ao9g8r9.cloudfront.net,CDN,"Amazon Technologies, Inc.",False
d2w5goi2v00r97.cloudfront.net,CDN,"Amazon Technologies, Inc.",False
d2w8kwltbr91db.cloudfront.net,CDN,"Amazon Technologies, Inc.",False
d2w8tui2igz1ik.cloudfront.net,CDN,"Amazon Technologies, Inc.",False
d2wa5sea6guof0.cloudfront.net,CDN,"Amazon Technologies, Inc.",False
d2wbzw6bnum9uw.cloudfront.net,CDN,"Amazon Technologies, Inc.",False
d2wc31mflusvif.cloudfront.net,CDN,"Amazon Technologies, Inc.",False
d2wdzi5abjwskf.cloudfront.net,CDN,"Amazon Technologies, Inc.",False
d2weccgdf287ps.cloudfront.net,CDN,"Amazon Technologies, Inc.",False
d2wh9tq99lpfrt.cloudfront.net,CDN,"Amazon Technologies, Inc.",False
d2wl3dnqmhnc8q.cloudfront.net,CDN,"Amazon Technologies, Inc.",False
d2wmp6pf2kg9w8.cloudfront.net,CDN,"Amazon Technologies, Inc.",False
d2wo2i8fdcw8of.cloudfront.net,CDN,"Amazon Technologies, Inc.",False
d2wqof6gmggrfy.cloudfront.net,CDN,"Amazon Technologies, Inc.",False
d2wrd03zgcnotz.cloudfront.net,CDN,"Amazon Technologies, Inc.",False
d2wsi1e20yss6o.cloudfront.net,CDN,"Amazon Technologies, Inc.",False
d2wtwixvh8wink.cloudfront.net,CDN,"Amazon Technologies, Inc.",False
d2wu036mkcz52n.cloudfront.net,CDN,"Amazon Technologies, Inc.",False
d2wv133qwo1pbf.cloudfront.net,CDN,"Amazon Technologies, Inc.",False
d2wvu1ru0xt8io.cloudfront.net,CDN,"Amazon Technologies, Inc.",False
d2wy8f7a9ursnm.cloudfront.net,CDN,"Amazon Technologies, Inc.",False
d2x0atfi55wmqs.cloudfront.net,CDN,"Amazon Technologies, Inc.",False
d2x0vrx2wih1i9.cloudfront.net,CDN,"Amazon Technologies, Inc.",False
d2x3xhvgiqkx42.cloudfront.net,CDN,"Amazon Technologies, Inc.",False
d2x4duqit0ulf0.cloudfront.net,CDN,"Amazon Technologies, Inc.",False
d2x5ku95bkycr3.cloudfront.net,CDN,"Amazon Technologies, Inc.",False
d2x6gkqe23wfcw.cloudfront.net,CDN,"Amazon Technologies, Inc.",False
d2xbocf5uqnw0w.cloudfront.net,CDN,"Amazon Technologies, Inc.",False
d2xc9ef5lhoqbu.cloudfront.net,CDN,"Amazon Technologies, Inc.",False
d2xcq4qphg1ge9.cloudfront.net,CDN,"Amazon Technologies, Inc.",False
d2xerlamkztbb1.cloudfront.net,CDN,"Amazon Technologies, Inc.",False
d2xk4h2me8pjt2.cloudfront.net,CDN,"Amazon Technologies, Inc.",False
d2xm0t8noenbty.cloudfront.net,CDN,"Amazon Technologies, Inc.",False
d2xo6khwzbhes8.cloudfront.net,CDN,"Amazon Technologies, Inc.",False
d2xoh4uu3lhibe.cloudfront.net,CDN,"Amazon Technologies, Inc.",False
d2xoriwknocuc3.cloudfront.net,CDN,"Amazon Technologies, Inc.",False
d2xpuoofhq5662.cloudfront.net,CDN,"Amazon Technologies, Inc.",False
d2xpyow3s897zy.cloudfront.net,CDN,"Amazon Technologies, Inc.",False
d2xu3jvg5io30s.cloudfront.net,CDN,"Amazon Technologies, Inc.",False
d2xvf2yftoisd4.cloudfront.net,CDN,"Amazon Technologies, Inc.",False
d2xvgzwm836rzd.cloudfront.net,CDN,"Amazon Technologies, Inc.",False
d2y05869ftj0yg.cloudfront.net,CDN,"Amazon Technologies, Inc.",False
d2y1b8iotpw39u.cloudfront.net,CDN,"Amazon Technologies, Inc.",False
d2y2918kykywjo.cloudfront.net,CDN,"Amazon Technologies, Inc.",False
d2yc9u4j5yz48x.cloudfront.net,CDN,"Amazon Technologies, Inc.",False
d2ycanzclfvz8u.cloudfront.net,CDN,"Amazon Technologies, Inc.",False
d2yfwm9udt9w7d.cloudfront.net,CDN,"Amazon Technologies, Inc.",False
d2ylju68jnbf5e.cloudfront.net,CDN,"Amazon Technologies, Inc.",False
d2yn8sruhmqjt4.cloudfront.net,CDN,"Amazon Technologies, Inc.",False
d2yq0vtrcx20qh.cloudfront.net,CDN,"Amazon Technologies, Inc.",False
d2yqaroqdoiwyp.cloudfront.net,CDN,"Amazon Technologies, Inc.",False
d2ytc1tfb7sr99.cloudfront.net,CDN,"Amazon Technologies, Inc.",False
d2yuyj6oh6il0.cloudfront.net,CDN,"Amazon Technologies, Inc.",False
d2yw87nyazy4ie.cloudfront.net,CDN,"Amazon Technologies, Inc.",False
d2yyd1h5u9mauk.cloudfront.net,CDN,"Amazon Technologies, Inc.",False
d2z0bn1jv8xwtk.cloudfront.net,CDN,"Amazon Technologies, Inc.",False
d2z0gpw1bfg15z.cloudfront.net,CDN,"Amazon Technologies, Inc.",False
d2z24dkvg9wi2l.cloudfront.net,CDN,"Amazon Technologies, Inc.",False
d2z4fokrw4vfz7.cloudfront.net,CDN,"Amazon Technologies, Inc.",False
d2z676xav63tz3.cloudfront.net,CDN,"Amazon Technologies, Inc.",False
d2z702cvnnzzic.cloudfront.net,CDN,"Amazon Technologies, Inc.",False
d2zbg55fgi3g8z.cloudfront.net,CDN,"Amazon Technologies, Inc.",False
d2zcl7c6767qct.cloudfront.net,CDN,"Amazon Technologies, Inc.",False
d2zd6ny1q7rvh6.cloudfront.net,CDN,"Amazon Technologies, Inc.",False
d2zeeo94hsmapq.cloudfront.net,CDN,"Amazon Technologies, Inc.",False
d2zfowlldib7se.cloudfront.net,CDN,"Amazon Technologies, Inc.",False
d2zh2zxjfhl7qg.cloudfront.net,CDN,"Amazon Technologies, Inc.",False
d2zj5s3uc9ddwz.cloudfront.net,CDN,"Amazon Technologies, Inc.",False
d2zjr2e3be66hk.cloudfront.net,CDN,"Amazon Technologies, Inc.",False
d2zl5tj7gmc4tr.cloudfront.net,CDN,"Amazon Technologies, Inc.",False
d2zlej6zr4gsfp.cloudfront.net,CDN,"Amazon Technologies, Inc.",False
d2zlsagv0ouax1.cloudfront.net,CDN,"Amazon Technologies, Inc.",False
d2zm5qiurbqbji.cloudfront.net,CDN,"Amazon Technologies, Inc.",False
d2zmz1sn4frkbf.cloudfront.net,CDN,"Amazon Technologies, Inc.",False
d2zogjnm5ghp88.cloudfront.net,CDN,"Amazon Technologies, Inc.",False
d2zqfs55y95cft.cloudfront.net,CDN,"Amazon Technologies, Inc.",False
d2zs6a01xve02k.cloudfront.net,CDN,"Amazon Technologies, Inc.",False
d2zsxgsqjmrnrw.cloudfront.net,CDN,"Amazon Technologies, Inc.",False
d2zvhmwee1vsf7.cloudfront.net,CDN,"Amazon Technologies, Inc.",False
d2zwvgyp7l6t28.cloudfront.net,CDN,"Amazon Technologies, Inc.",False
d2zz0tt7lmp18f.cloudfront.net,CDN,"Amazon Technologies, Inc.",False
d2zz0xvz7ly6wf.cloudfront.net,CDN,"Amazon Technologies, Inc.",False
d3-rgr-diva.com,,,False
d3.shared.global.fastly.net,Action Pixels;Ad Motivated Tracking;Advertising;Analytics;CDN;Embedded Content;Session Replay;Third-Party Analytics Marketing,"Fastly, Inc.",True
d302w9hy9jdtkr.cloudfront.net,CDN,"Amazon Technologies, Inc.",False
d303hzcw44mrxk.cloudfront.net,CDN,"Amazon Technologies, Inc.",False
d303xdzectw69e.cloudfront.net,CDN,"Amazon Technologies, Inc.",False
d307254sdff6u9.cloudfront.net,CDN,"Amazon Technologies, Inc.",False
d30a8f318pd2um.cloudfront.net,CDN,"Amazon Technologies, Inc.",False
d30aetcf41zchg.cloudfront.net,CDN,"Amazon Technologies, Inc.",False
d30bopbxapq94k.cloudfront.net,CDN,"Amazon Technologies, Inc.",False
d30cqrpif861o1.cloudfront.net,CDN,"Amazon Technologies, Inc.",False
d30e9tv3hgoh55.cloudfront.net,CDN,"Amazon Technologies, Inc.",False
d30fyetsxb4koz.cloudfront.net,CDN,"Amazon Technologies, Inc.",False
d30gnui8io4t2r.cloudfront.net,CDN,"Amazon Technologies, Inc.",False
d30o4d63vvluug.cloudfront.net,CDN,"Amazon Technologies, Inc.",False
d30osreqjli3g.cloudfront.net,CDN,"Amazon Technologies, Inc.",False
d30pl5hav4s8uw.cloudfront.net,CDN,"Amazon Technologies, Inc.",False
d30qdagvt44524.cloudfront.net,CDN,"Amazon Technologies, Inc.",False
d30sv407q9lz4x.cloudfront.net,CDN,"Amazon Technologies, Inc.",False
d30us2po94sx29.cloudfront.net,CDN,"Amazon Technologies, Inc.",False
d30v626tlemuhe.cloudfront.net,CDN,"Amazon Technologies, Inc.",False
d30wvywztto413.cloudfront.net,CDN,"Amazon Technologies, Inc.",False
d30zwf2aj1j1nx.cloudfront.net,CDN,"Amazon Technologies, Inc.",False
d313e22b8xbngc.cloudfront.net,CDN,"Amazon Technologies, Inc.",False
d3188jf8k416je.cloudfront.net,CDN,"Amazon Technologies, Inc.",False
d318p1ys3t24hm.cloudfront.net,CDN,"Amazon Technologies, Inc.",False
d31c8up3rc3b5p.cloudfront.net,CDN,"Amazon Technologies, Inc.",False
d31dj28v0w9z9a.cloudfront.net,CDN,"Amazon Technologies, Inc.",False
d31htyu5o27ftx.cloudfront.net,CDN,"Amazon Technologies, Inc.",False
d31hzlhk6di2h5.cloudfront.net,CDN,"Amazon Technologies, Inc.",False
d31kydh6n6r5j5.cloudfront.net,CDN,"Amazon Technologies, Inc.",False
d31neufjy4h6vz.cloudfront.net,CDN,"Amazon Technologies, Inc.",False
d31qbv1cthcecs.cloudfront.net,CDN,"Amazon Technologies, Inc.",False
d31qwy1wuvutay.cloudfront.net,CDN,"Amazon Technologies, Inc.",False
d31v65eac8rnyy.cloudfront.net,CDN,"Amazon Technologies, Inc.",False
d31v9a0spme2g4.cloudfront.net,CDN,"Amazon Technologies, Inc.",False
d31xsmoz1lk3y3.cloudfront.net,CDN,"Amazon Technologies, Inc.",False
d31xwu2ig4v9vi.cloudfront.net,CDN,"Amazon Technologies, Inc.",False
d31y97ze264gaa.cloudfront.net,CDN,"Amazon Technologies, Inc.",False
d31ygyv8wlqvd2.cloudfront.net,CDN,"Amazon Technologies, Inc.",False
d31yxxzxkje02z.cloudfront.net,CDN,"Amazon Technologies, Inc.",False
d31zj1w8mw8jjj.cloudfront.net,CDN,"Amazon Technologies, Inc.",False
d322z56a14io1v.cloudfront.net,CDN,"Amazon Technologies, Inc.",False
d323knkiknfqd7.cloudfront.net,CDN,"Amazon Technologies, Inc.",False
d323w7klwy72q3.cloudfront.net,CDN,"Amazon Technologies, Inc.",False
d325x0hpmbuqhp.cloudfront.net,CDN,"Amazon Technologies, Inc.",False
d326550s4l75ik.cloudfront.net,CDN,"Amazon Technologies, Inc.",False
d327g1dqmtz3ha.cloudfront.net,CDN,"Amazon Technologies, Inc.",False
d328kx19ehnet.cloudfront.net,CDN,"Amazon Technologies, Inc.",False
d328y0m0mtvzqc.cloudfront.net,CDN,"Amazon Technologies, Inc.",False
d3293kdiao44we.cloudfront.net,CDN,"Amazon Technologies, Inc.",False
d32b3wkxmo2gwo.cloudfront.net,CDN,"Amazon Technologies, Inc.",False
d32dgjuo8qzfhk.cloudfront.net,CDN,"Amazon Technologies, Inc.",False
d32f7bd070z15x.cloudfront.net,CDN,"Amazon Technologies, Inc.",False
d32fcx43tccxeh.cloudfront.net,CDN,"Amazon Technologies, Inc.",False
d32hwlnfiv2gyn.cloudfront.net,CDN,"Amazon Technologies, Inc.",False
d32ijn7u0aqfv4.cloudfront.net,CDN,"Amazon Technologies, Inc.",False
d32mbvfyj2mmp9.cloudfront.net,CDN,"Amazon Technologies, Inc.",False
d32sms3gp3rllq.cloudfront.net,CDN,"Amazon Technologies, Inc.",False
d32tdr35c4icxo.cloudfront.net,CDN,"Amazon Technologies, Inc.",False
d32xt43lw1ad7n.cloudfront.net,CDN,"Amazon Technologies, Inc.",False
d32yyta4pg8c9s.cloudfront.net,CDN,"Amazon Technologies, Inc.",False
d3355vjhs3bhr1.cloudfront.net,CDN,"Amazon Technologies, Inc.",False
d335h1if8l29cw.cloudfront.net,CDN,"Amazon Technologies, Inc.",False
d335luupugsy2.cloudfront.net,CDN,"Amazon Technologies, Inc.",False
d335orfuugl4do.cloudfront.net,CDN,"Amazon Technologies, Inc.",False
d339iv81xy1tsi.cloudfront.net,CDN,"Amazon Technologies, Inc.",False
d33a6lvgbd0fej.cloudfront.net,CDN,"Amazon Technologies, Inc.",False
d33agewa96cmv3.cloudfront.net,CDN,"Amazon Technologies, Inc.",False
d33c8wtjlwen4u.cloudfront.net,CDN,"Amazon Technologies, Inc.",False
d33d16g1p0o10y.cloudfront.net,CDN,"Amazon Technologies, Inc.",False
d33dwflvc3vkdi.cloudfront.net,CDN,"Amazon Technologies, Inc.",False
d33evx0zk2lcje.cloudfront.net,CDN,"Amazon Technologies, Inc.",False
d33gy59ovltp76.cloudfront.net,CDN,"Amazon Technologies, Inc.",False
d33im0067v833a.cloudfront.net,CDN,"Amazon Technologies, Inc.",False
d33kq016td1o84.cloudfront.net,CDN,"Amazon Technologies, Inc.",False
d33mkeffdxg4qy.cloudfront.net,CDN,"Amazon Technologies, Inc.",False
d33n9snnr16ctp.cloudfront.net,CDN,"Amazon Technologies, Inc.",False
d33pn8gtn0nu9p.cloudfront.net,CDN,"Amazon Technologies, Inc.",False
d33puykk9ub6hw.cloudfront.net,CDN,"Amazon Technologies, Inc.",False
d33s3hn0xytz6n.cloudfront.net,CDN,"Amazon Technologies, Inc.",False
d33sqmjvzgs8hq.cloudfront.net,CDN,"Amazon Technologies, Inc.",False
d33tj1mq540kci.cloudfront.net,CDN,"Amazon Technologies, Inc.",False
d33whie8snbuur.cloudfront.net,CDN,"Amazon Technologies, Inc.",False
d33wuq16yv7275.cloudfront.net,CDN,"Amazon Technologies, Inc.",False
d33x0obolj3ry2.cloudfront.net,CDN,"Amazon Technologies, Inc.",False
d342vyc287ykjr.cloudfront.net,CDN,"Amazon Technologies, Inc.",False
d3439o7e40m336.cloudfront.net,CDN,"Amazon Technologies, Inc.",False
d346hc031qwf38.cloudfront.net,CDN,"Amazon Technologies, Inc.",False
d348twzf7a8p5.cloudfront.net,CDN,"Amazon Technologies, Inc.",False
d349wnihru93fp.cloudfront.net,CDN,"Amazon Technologies, Inc.",False
d34bu154ct0hle.cloudfront.net,CDN,"Amazon Technologies, Inc.",False
d34cz7ra1bnqa2.cloudfront.net,CDN,"Amazon Technologies, Inc.",False
d34e2hj1ijnlje.cloudfront.net,CDN,"Amazon Technologies, Inc.",False
d34gpzcb6hjves.cloudfront.net,CDN,"Amazon Technologies, Inc.",False
d34if7rq73m6wx.cloudfront.net,CDN,"Amazon Technologies, Inc.",False
d34ikvsdm2rlij.cloudfront.net,CDN,"Amazon Technologies, Inc.",False
d34jhqpwfa6kux.cloudfront.net,CDN,"Amazon Technologies, Inc.",False
d34kvzkuxtogrl.cloudfront.net,CDN,"Amazon Technologies, Inc.",False
d34lit7eb7wbjn.cloudfront.net,CDN,"Amazon Technologies, Inc.",False
d34okl4jnxrvy2.cloudfront.net,CDN,"Amazon Technologies, Inc.",False
d34r8q7sht0t9k.cloudfront.net,CDN,"Amazon Technologies, Inc.",False
d34rhc6swfog2x.cloudfront.net,CDN,"Amazon Technologies, Inc.",False
d34sykzt2od89q.cloudfront.net,CDN,"Amazon Technologies, Inc.",False
d34u8crftukxnk.cloudfront.net,CDN,"Amazon Technologies, Inc.",False
d34vp8t8z6padt.cloudfront.net,CDN,"Amazon Technologies, Inc.",False
d34zrgnx1tq8w.cloudfront.net,CDN,"Amazon Technologies, Inc.",False
d350opwbecc382.cloudfront.net,CDN,"Amazon Technologies, Inc.",False
d351vb1awz0j1y.cloudfront.net,CDN,"Amazon Technologies, Inc.",False
d352jbgvxih476.cloudfront.net,CDN,"Amazon Technologies, Inc.",False
d3544la1u8djza.cloudfront.net,CDN,"Amazon Technologies, Inc.",False
d354hzjf543j2i.cloudfront.net,CDN,"Amazon Technologies, Inc.",False
d35614irbxz68t.cloudfront.net,CDN,"Amazon Technologies, Inc.",False
d356lzzjveweq6.cloudfront.net,CDN,"Amazon Technologies, Inc.",False
d358iwvjodejmn.cloudfront.net,CDN,"Amazon Technologies, Inc.",False
d35aaqx5ub95lt.cloudfront.net,CDN,"Amazon Technologies, Inc.",False
d35abi9bnzy4w4.cloudfront.net,CDN,"Amazon Technologies, Inc.",False
d35geu3e6b9fjn.cloudfront.net,CDN,"Amazon Technologies, Inc.",False
d35gfslxrkhjzx.cloudfront.net,CDN,"Amazon Technologies, Inc.",False
d35islomi5rx1v.cloudfront.net,CDN,"Amazon Technologies, Inc.",False
d35manerjgav1y.cloudfront.net,CDN,"Amazon Technologies, Inc.",False
d35n7krgwhkzz4.cloudfront.net,CDN,"Amazon Technologies, Inc.",False
d35ojb8dweouoy.cloudfront.net,CDN,"Amazon Technologies, Inc.",False
d35pg34htngs9k.cloudfront.net,CDN,"Amazon Technologies, Inc.",False
d35pnwyd7qs5dh.cloudfront.net,CDN,"Amazon Technologies, Inc.",False
d35vb5cccm4xzp.cloudfront.net,CDN,"Amazon Technologies, Inc.",False
d35w1qwxagl33g.cloudfront.net,CDN,"Amazon Technologies, Inc.",False
d35x6jkiup83ey.cloudfront.net,CDN,"Amazon Technologies, Inc.",False
d35xxde4fgg0cx.cloudfront.net,CDN,"Amazon Technologies, Inc.",False
d35z3p2poghz10.cloudfront.net,CDN,"Amazon Technologies, Inc.",False
d35zcch9f9it10.cloudfront.net,CDN,"Amazon Technologies, Inc.",False
d360164fzt762f.cloudfront.net,CDN,"Amazon Technologies, Inc.",False
d361nn0tbycf2u.cloudfront.net,CDN,"Amazon Technologies, Inc.",False
d362h7pxdteoyk.cloudfront.net,CDN,"Amazon Technologies, Inc.",False
d365r0heozcu6f.cloudfront.net,CDN,"Amazon Technologies, Inc.",False
d3687fil92g2ly.cloudfront.net,CDN,"Amazon Technologies, Inc.",False
d368g9lw5ileu7.cloudfront.net,CDN,"Amazon Technologies, Inc.",False
d369eo0tv1udiz.cloudfront.net,CDN,"Amazon Technologies, Inc.",False
d369qpkrjy5jm5.cloudfront.net,CDN,"Amazon Technologies, Inc.",False
d36aiwq7h8e0h3.cloudfront.net,CDN,"Amazon Technologies, Inc.",False
d36arqupdcudri.cloudfront.net,CDN,"Amazon Technologies, Inc.",False
d36dbl6v34yjc1.cloudfront.net,CDN,"Amazon Technologies, Inc.",False
d36ewmyb2wrx29.cloudfront.net,CDN,"Amazon Technologies, Inc.",False
d36gcs9qe30vnp.cloudfront.net,CDN,"Amazon Technologies, Inc.",False
d36k2m5os1ufbx.cloudfront.net,CDN,"Amazon Technologies, Inc.",False
d36kfn3vr7nos6.cloudfront.net,CDN,"Amazon Technologies, Inc.",False
d36ljwt7osxg6i.cloudfront.net,CDN,"Amazon Technologies, Inc.",False
d36mkylh1ltgw9.cloudfront.net,CDN,"Amazon Technologies, Inc.",False
d36phbxcrlem0r.cloudfront.net,CDN,"Amazon Technologies, Inc.",False
d36py6rug55xc7.cloudfront.net,CDN,"Amazon Technologies, Inc.",False
d36r6vn49pcje2.cloudfront.net,CDN,"Amazon Technologies, Inc.",False
d36t3weili746i.cloudfront.net,CDN,"Amazon Technologies, Inc.",False
d36vbffhmlcsqj.cloudfront.net,CDN,"Amazon Technologies, Inc.",False
d36vbr8l8uc1ea.cloudfront.net,CDN,"Amazon Technologies, Inc.",False
d36yv4lc0n4vmv.cloudfront.net,CDN,"Amazon Technologies, Inc.",False
d36zd69x5dtuo6.cloudfront.net,CDN,"Amazon Technologies, Inc.",False
d36zwl07kzz4ah.cloudfront.net,CDN,"Amazon Technologies, Inc.",False
d370dxzmjtn8j2.cloudfront.net,CDN,"Amazon Technologies, Inc.",False
d374oh2ozvua20.cloudfront.net,CDN,"Amazon Technologies, Inc.",False
d3770qakewhkht.cloudfront.net,CDN,"Amazon Technologies, Inc.",False
d378fgbhr8ofw4.cloudfront.net,CDN,"Amazon Technologies, Inc.",False
d37cgaserr6gnh.cloudfront.net,CDN,"Amazon Technologies, Inc.",False
d37edykxywilfy.cloudfront.net,CDN,"Amazon Technologies, Inc.",False
d37kpzapba36je.cloudfront.net,CDN,"Amazon Technologies, Inc.",False
d37t65jecdqngu.cloudfront.net,CDN,"Amazon Technologies, Inc.",False
d37tpfghqnh38p.cloudfront.net,CDN,"Amazon Technologies, Inc.",False
d37tsdc8seydoi.cloudfront.net,CDN,"Amazon Technologies, Inc.",False
d37vui3hvxbbje.cloudfront.net,CDN,"Amazon Technologies, Inc.",False
d37wqhjyfq7840.cloudfront.net,CDN,"Amazon Technologies, Inc.",False
d384mi819045d8.cloudfront.net,CDN,"Amazon Technologies, Inc.",False
d385fh7k7c7y96.cloudfront.net,CDN,"Amazon Technologies, Inc.",False
d386an9otcxw2c.cloudfront.net,CDN,"Amazon Technologies, Inc.",False
d387nziaigehmj.cloudfront.net,CDN,"Amazon Technologies, Inc.",False
d387t9gd7yfw8w.cloudfront.net,CDN,"Amazon Technologies, Inc.",False
d3880b34bmvmna.cloudfront.net,CDN,"Amazon Technologies, Inc.",False
d3888oxgux3fey.cloudfront.net,CDN,"Amazon Technologies, Inc.",False
d38b044pevnwc9.cloudfront.net,CDN,"Amazon Technologies, Inc.",False
d38cvb1j4fliak.cloudfront.net,CDN,"Amazon Technologies, Inc.",False
d38d4ysphgm9dz.cloudfront.net,CDN,"Amazon Technologies, Inc.",False
d38h0ci6j1n0gi.cloudfront.net,CDN,"Amazon Technologies, Inc.",False
d38hpyklb8reg1.cloudfront.net,CDN,"Amazon Technologies, Inc.",False
d38k458lpsz14s.cloudfront.net,CDN,"Amazon Technologies, Inc.",False
d38knilzwtuys1.cloudfront.net,CDN,"Amazon Technologies, Inc.",False
d38kwnbqqt6im9.cloudfront.net,CDN,"Amazon Technologies, Inc.",False
d38lqpo51ggfon.cloudfront.net,CDN,"Amazon Technologies, Inc.",False
d38oac6oxz682x.cloudfront.net,CDN,"Amazon Technologies, Inc.",False
d38qaxmu7zfa9i.cloudfront.net,CDN,"Amazon Technologies, Inc.",False
d38r8nv5x9wvp0.cloudfront.net,CDN,"Amazon Technologies, Inc.",False
d38rz1663eda9p.cloudfront.net,CDN,"Amazon Technologies, Inc.",False
d38xvr37kwwhcm.cloudfront.net,CDN,"Amazon Technologies, Inc.",False
d38yx2x58j5qnq.cloudfront.net,CDN,"Amazon Technologies, Inc.",False
d392uoe5chetu0.cloudfront.net,CDN,"Amazon Technologies, Inc.",False
d392zmvvygwzws.cloudfront.net,CDN,"Amazon Technologies, Inc.",False
d395yjvh5spyzw.cloudfront.net,CDN,"Amazon Technologies, Inc.",False
d398nzv0t3xc23.cloudfront.net,CDN,"Amazon Technologies, Inc.",False
d39axcidw77x0s.cloudfront.net,CDN,"Amazon Technologies, Inc.",False
d39fbvvvia7i6z.cloudfront.net,CDN,"Amazon Technologies, Inc.",False
d39g2wdn5pxlnp.cloudfront.net,CDN,"Amazon Technologies, Inc.",False
d39hidqnu1eavr.cloudfront.net,CDN,"Amazon Technologies, Inc.",False
d39iocnrk5rxnb.cloudfront.net,CDN,"Amazon Technologies, Inc.",False
d39ion77s0ucuz.cloudfront.net,CDN,"Amazon Technologies, Inc.",False
d39is9y7f43sls.cloudfront.net,CDN,"Amazon Technologies, Inc.",False
d39o10hdlsc638.cloudfront.net,CDN,"Amazon Technologies, Inc.",False
d39pklu5rpk118.cloudfront.net,CDN,"Amazon Technologies, Inc.",False
d39pmnjqbraf0n.cloudfront.net,CDN,"Amazon Technologies, Inc.",False
d39rclp61gdoma.cloudfront.net,CDN,"Amazon Technologies, Inc.",False
d39rs7grvg2c8a.cloudfront.net,CDN,"Amazon Technologies, Inc.",False
d39va5bdt61idd.cloudfront.net,CDN,"Amazon Technologies, Inc.",False
d39vf9bwtb4sua.cloudfront.net,CDN,"Amazon Technologies, Inc.",False
d39wfocfwbwv01.cloudfront.net,CDN,"Amazon Technologies, Inc.",False
d39xfemx07z9k2.cloudfront.net,CDN,"Amazon Technologies, Inc.",False
d39xvdj9d5ntm1.cloudfront.net,CDN,"Amazon Technologies, Inc.",False
d39yjlmzpsz1an.cloudfront.net,CDN,"Amazon Technologies, Inc.",False
d39zum0jwvcigt.cloudfront.net,CDN,"Amazon Technologies, Inc.",False
d3a1eo0ozlzntn.cloudfront.net,CDN,"Amazon Technologies, Inc.",False
d3a3ewgd1iewwz.cloudfront.net,CDN,"Amazon Technologies, Inc.",False
d3a54pr3t3ubfr.cloudfront.net,CDN,"Amazon Technologies, Inc.",False
d3a68hbn4nbh8v.cloudfront.net,CDN,"Amazon Technologies, Inc.",False
d3a8gab5tq2jpe.cloudfront.net,CDN,"Amazon Technologies, Inc.",False
d3a965827bqypm.cloudfront.net,CDN,"Amazon Technologies, Inc.",False
d3aabukjgrjznl.cloudfront.net,CDN,"Amazon Technologies, Inc.",False
d3adgyifl2jr7e.cloudfront.net,CDN,"Amazon Technologies, Inc.",False
d3aeystg84nh7b.cloudfront.net,CDN,"Amazon Technologies, Inc.",False
d3afygjuri54n8.cloudfront.net,CDN,"Amazon Technologies, Inc.",False
d3agakyjgjv5i8.cloudfront.net,CDN,"Amazon Technologies, Inc.",False
d3aiwdm8xshxct.cloudfront.net,CDN,"Amazon Technologies, Inc.",False
d3aqoihi2n8ty8.cloudfront.net,CDN,"Amazon Technologies, Inc.",False
d3avu5sbndujd0.cloudfront.net,CDN,"Amazon Technologies, Inc.",False
d3axv25bxv3zqj.cloudfront.net,CDN,"Amazon Technologies, Inc.",False
d3ayjd95nyl0tr.cloudfront.net,CDN,"Amazon Technologies, Inc.",False
d3azqz9xba9gwd.cloudfront.net,CDN,"Amazon Technologies, Inc.",False
d3azsdors9yqmp.cloudfront.net,CDN,"Amazon Technologies, Inc.",False
d3b02estmut877.cloudfront.net,CDN,"Amazon Technologies, Inc.",False
d3b3bwhns861d1.cloudfront.net,CDN,"Amazon Technologies, Inc.",False
d3b4yo2b5lbfy.cloudfront.net,CDN,"Amazon Technologies, Inc.",False
d3b6ik53zt4tlx.cloudfront.net,CDN,"Amazon Technologies, Inc.",False
d3bbv8sr76az5s.cloudfront.net,CDN,"Amazon Technologies, Inc.",False
d3bcijsos03iet.cloudfront.net,CDN,"Amazon Technologies, Inc.",False
d3bcyefs5op5bm.cloudfront.net,CDN,"Amazon Technologies, Inc.",False
d3bf8y760mny4z.cloudfront.net,CDN,"Amazon Technologies, Inc.",False
d3bg4nbntv06c2.cloudfront.net,CDN,"Amazon Technologies, Inc.",False
d3bgb6xkszaxob.cloudfront.net,CDN,"Amazon Technologies, Inc.",False
d3bhvx9jcryng5.cloudfront.net,CDN,"Amazon Technologies, Inc.",False
d3blhdga6ro23n.cloudfront.net,CDN,"Amazon Technologies, Inc.",False
d3bniy34hlitso.cloudfront.net,CDN,"Amazon Technologies, Inc.",False
d3bo0mk5kk7egf.cloudfront.net,CDN,"Amazon Technologies, Inc.",False
d3bo67muzbfgtl.cloudfront.net,CDN,"Amazon Technologies, Inc.",False
d3brydjkjmkwmj.cloudfront.net,CDN,"Amazon Technologies, Inc.",False
d3bt4yq3k408c5.cloudfront.net,CDN,"Amazon Technologies, Inc.",False
d3buidnkp54yhl.cloudfront.net,CDN,"Amazon Technologies, Inc.",False
d3bw5exom9006l.cloudfront.net,CDN,"Amazon Technologies, Inc.",False
d3c2qksv3rrf34.cloudfront.net,CDN,"Amazon Technologies, Inc.",False
d3c3cq33003psk.cloudfront.net,CDN,"Amazon Technologies, Inc.",False
d3c80vss50ue25.cloudfront.net,CDN,"Amazon Technologies, Inc.",False
d3c8grnbaukw8f.cloudfront.net,CDN,"Amazon Technologies, Inc.",False
d3c8r9jtp2qe8k.cloudfront.net,CDN,"Amazon Technologies, Inc.",False
d3c98j4xaopo1t.cloudfront.net,CDN,"Amazon Technologies, Inc.",False
d3cacd5apmg13r.cloudfront.net,CDN,"Amazon Technologies, Inc.",False
d3cc9oa7vuqsz1.cloudfront.net,CDN,"Amazon Technologies, Inc.",False
d3cd2xmfr5io0j.cloudfront.net,CDN,"Amazon Technologies, Inc.",False
d3cdqbpg48x0ib.cloudfront.net,CDN,"Amazon Technologies, Inc.",False
d3ce0liiuo0lde.cloudfront.net,CDN,"Amazon Technologies, Inc.",False
d3cj21clvkjfji.cloudfront.net,CDN,"Amazon Technologies, Inc.",False
d3cmpjt4tl3fb7.cloudfront.net,CDN,"Amazon Technologies, Inc.",False
d3cnqzq0ivprch.cloudfront.net,CDN,"Amazon Technologies, Inc.",False
d3com3qsu2t384.cloudfront.net,CDN,"Amazon Technologies, Inc.",False
d3cr3evow0x2c9.cloudfront.net,CDN,"Amazon Technologies, Inc.",False
d3crna64wemw02.cloudfront.net,CDN,"Amazon Technologies, Inc.",False
d3cv1fywnihry0.cloudfront.net,CDN,"Amazon Technologies, Inc.",False
d3cxv97fi8q177.cloudfront.net,CDN,"Amazon Technologies, Inc.",False
d3d23qb0zat5ng.cloudfront.net,CDN,"Amazon Technologies, Inc.",False
d3d2w1cjh2gvs.cloudfront.net,CDN,"Amazon Technologies, Inc.",False
d3d37psg4yvl62.cloudfront.net,CDN,"Amazon Technologies, Inc.",False
d3d3l6a6rcgkaf.cloudfront.net,CDN,"Amazon Technologies, Inc.",False
d3d4ze0anax4io.cloudfront.net,CDN,"Amazon Technologies, Inc.",False
d3d6jg9co7q6tf.cloudfront.net,CDN,"Amazon Technologies, Inc.",False
d3d71ba2asa5oz.cloudfront.net,CDN,"Amazon Technologies, Inc.",False
d3ddqiqo0leyf3.cloudfront.net,CDN,"Amazon Technologies, Inc.",False
d3deaqhql0btx8.cloudfront.net,CDN,"Amazon Technologies, Inc.",False
d3df5kpgctc47o.cloudfront.net,CDN,"Amazon Technologies, Inc.",False
d3djbgmgf0l8ev.cloudfront.net,CDN,"Amazon Technologies, Inc.",False
d3dn269ayoh5p6.cloudfront.net,CDN,"Amazon Technologies, Inc.",False
d3douyid78p0or.cloudfront.net,CDN,"Amazon Technologies, Inc.",False
d3ds6z1w6yhmzj.cloudfront.net,CDN,"Amazon Technologies, Inc.",False
d3dsastlj0n6dv.cloudfront.net,CDN,"Amazon Technologies, Inc.",False
d3dsn7cg168tuf.cloudfront.net,CDN,"Amazon Technologies, Inc.",False
d3dstany1btvlh.cloudfront.net,CDN,"Amazon Technologies, Inc.",False
d3du2k8g1u832i.cloudfront.net,CDN,"Amazon Technologies, Inc.",False
d3e0feaj6rthj0.cloudfront.net,CDN,"Amazon Technologies, Inc.",False
d3e0vs9qt3zjp.cloudfront.net,CDN,"Amazon Technologies, Inc.",False
d3e1o4bcbhmj8g.cloudfront.net,CDN,"Amazon Technologies, Inc.",False
d3e3az2ctgtclf.cloudfront.net,CDN,"Amazon Technologies, Inc.",False
d3e4s07haqhh9y.cloudfront.net,CDN,"Amazon Technologies, Inc.",False
d3e54v103j8qbb.cloudfront.net,CDN,"Amazon Technologies, Inc.",False
d3e7vd8x7zk4z.cloudfront.net,CDN,"Amazon Technologies, Inc.",False
d3eaozktcyljdh.cloudfront.net,CDN,"Amazon Technologies, Inc.",False
d3ebcnh5hwv740.cloudfront.net,CDN,"Amazon Technologies, Inc.",False
d3edq64ou1updp.cloudfront.net,CDN,"Amazon Technologies, Inc.",False
d3eg0bumpfykya.cloudfront.net,CDN,"Amazon Technologies, Inc.",False
d3egx2u95dxsty.cloudfront.net,CDN,"Amazon Technologies, Inc.",False
d3eh6ael4uvnnu.cloudfront.net,CDN,"Amazon Technologies, Inc.",False
d3eli6nnqxumoc.cloudfront.net,CDN,"Amazon Technologies, Inc.",False
d3ellmrjwr4vcc.cloudfront.net,CDN,"Amazon Technologies, Inc.",False
d3emjguzbsq9q3.cloudfront.net,CDN,"Amazon Technologies, Inc.",False
d3emlu4sl5epij.cloudfront.net,CDN,"Amazon Technologies, Inc.",False
d3epdvpm6m1atm.cloudfront.net,CDN,"Amazon Technologies, Inc.",False
d3ero110829hmj.cloudfront.net,CDN,"Amazon Technologies, Inc.",False
d3es9lj10rfyzo.cloudfront.net,CDN,"Amazon Technologies, Inc.",False
d3eto7onm69fcz.cloudfront.net,CDN,"Amazon Technologies, Inc.",False
d3etzjtsujeaw1.cloudfront.net,CDN,"Amazon Technologies, Inc.",False
d3eu6ow4rflxjv.cloudfront.net,CDN,"Amazon Technologies, Inc.",False
d3evy46xgio6eh.cloudfront.net,CDN,"Amazon Technologies, Inc.",False
d3ewrnwdcmri66.cloudfront.net,CDN,"Amazon Technologies, Inc.",False
d3ez98lztyoxe.cloudfront.net,CDN,"Amazon Technologies, Inc.",False
d3ezl4ajpp2zy8.cloudfront.net,CDN,"Amazon Technologies, Inc.",False
d3f03o8brajt5k.cloudfront.net,CDN,"Amazon Technologies, Inc.",False
d3f0kqa8h3si01.cloudfront.net,CDN,"Amazon Technologies, Inc.",False
d3f0rwe1nn5ktr.cloudfront.net,CDN,"Amazon Technologies, Inc.",False
d3f13ngfxdbmur.cloudfront.net,CDN,"Amazon Technologies, Inc.",False
d3f2eezh0os9x0.cloudfront.net,CDN,"Amazon Technologies, Inc.",False
d3f2kpk5cd726.cloudfront.net,CDN,"Amazon Technologies, Inc.",False
d3f35tgrltkbue.cloudfront.net,CDN,"Amazon Technologies, Inc.",False
d3f4nuq5dskrej.cloudfront.net,CDN,"Amazon Technologies, Inc.",False
d3f5fgvi4sf0ti.cloudfront.net,CDN,"Amazon Technologies, Inc.",False
d3f6wi6usxzffq.cloudfront.net,CDN,"Amazon Technologies, Inc.",False
d3f7dpm96o8eu9.cloudfront.net,CDN,"Amazon Technologies, Inc.",False
d3f7s5csxvk4c8.cloudfront.net,CDN,"Amazon Technologies, Inc.",False
d3f9g3joig9740.cloudfront.net,CDN,"Amazon Technologies, Inc.",False
d3fbje4lxgif6j.cloudfront.net,CDN,"Amazon Technologies, Inc.",False
d3ff3ppmakorff.cloudfront.net,CDN,"Amazon Technologies, Inc.",False
d3fgva2ak1dwwd.cloudfront.net,CDN,"Amazon Technologies, Inc.",False
d3fikokalqp1c8.cloudfront.net,CDN,"Amazon Technologies, Inc.",False
d3fit27i5nzkqh.cloudfront.net,CDN,"Amazon Technologies, Inc.",False
d3fj4wblz8l728.cloudfront.net,CDN,"Amazon Technologies, Inc.",False
d3fj5m4wdzyz5q.cloudfront.net,CDN,"Amazon Technologies, Inc.",False
d3fm277xfqhd1k.cloudfront.net,CDN,"Amazon Technologies, Inc.",False
d3fowg7x2sdsj4.cloudfront.net,CDN,"Amazon Technologies, Inc.",False
d3fpa2nzmmnv8r.cloudfront.net,CDN,"Amazon Technologies, Inc.",False
d3fr49uidbfz23.cloudfront.net,CDN,"Amazon Technologies, Inc.",False
d3fr49y3ejekk5.cloudfront.net,CDN,"Amazon Technologies, Inc.",False
d3fukwxve5r8zf.cloudfront.net,CDN,"Amazon Technologies, Inc.",False
d3fv2pqyjay52z.cloudfront.net,CDN,"Amazon Technologies, Inc.",False
d3fwg07dytw4s8.cloudfront.net,CDN,"Amazon Technologies, Inc.",False
d3g0gp89917ko0.cloudfront.net,CDN,"Amazon Technologies, Inc.",False
d3g0wg4d6u8hjn.cloudfront.net,CDN,"Amazon Technologies, Inc.",False
d3g2g9r3ie8poo.cloudfront.net,CDN,"Amazon Technologies, Inc.",False
d3g55y808c9v59.cloudfront.net,CDN,"Amazon Technologies, Inc.",False
d3g5d7323c2i6m.cloudfront.net,CDN,"Amazon Technologies, Inc.",False
d3g5z6m6vcoqo2.cloudfront.net,CDN,"Amazon Technologies, Inc.",False
d3g6x0lq71o00o.cloudfront.net,CDN,"Amazon Technologies, Inc.",False
d3gfsrl6wgboht.cloudfront.net,CDN,"Amazon Technologies, Inc.",False
d3gi8ftf1bnl28.cloudfront.net,CDN,"Amazon Technologies, Inc.",False
d3gimcuqwg3l5e.cloudfront.net,CDN,"Amazon Technologies, Inc.",False
d3gjpx2t6ki917.cloudfront.net,CDN,"Amazon Technologies, Inc.",False
d3gk2c5xim1je2.cloudfront.net,CDN,"Amazon Technologies, Inc.",False
d3glymva8kpgq4.cloudfront.net,CDN,"Amazon Technologies, Inc.",False
d3gn0r3afghep.cloudfront.net,CDN,"Amazon Technologies, Inc.",False
d3gnp5fs6fu2h7.cloudfront.net,CDN,"Amazon Technologies, Inc.",False
d3gpexxb1c3gt4.cloudfront.net,CDN,"Amazon Technologies, Inc.",False
d3guyaenypd883.cloudfront.net,CDN,"Amazon Technologies, Inc.",False
d3gw2jtbhaqzoq.cloudfront.net,CDN,"Amazon Technologies, Inc.",False
d3gx2bygttihyg.cloudfront.net,CDN,"Amazon Technologies, Inc.",False
d3gxe0jmvtuxbc.cloudfront.net,CDN,"Amazon Technologies, Inc.",False
d3gys9eb0c01wp.cloudfront.net,CDN,"Amazon Technologies, Inc.",False
d3gzvoml0v92ql.cloudfront.net,CDN,"Amazon Technologies, Inc.",False
d3h1cjjdjwgyxc.cloudfront.net,CDN,"Amazon Technologies, Inc.",False
d3h1ssaqh3dgun.cloudfront.net,CDN,"Amazon Technologies, Inc.",False
d3h3m5fgtre8rk.cloudfront.net,CDN,"Amazon Technologies, Inc.",False
d3h9osttznvf1v.cloudfront.net,CDN,"Amazon Technologies, Inc.",False
d3ham790trbkqy.cloudfront.net,CDN,"Amazon Technologies, Inc.",False
d3hb14vkzrxvla.cloudfront.net,CDN,"Amazon Technologies, Inc.",False
d3hcvtl4dzg534.cloudfront.net,CDN,"Amazon Technologies, Inc.",False
d3hhcdv9i08ck8.cloudfront.net,CDN,"Amazon Technologies, Inc.",False
d3hhxiu8ws37f5.cloudfront.net,CDN,"Amazon Technologies, Inc.",False
d3hj03w1b41l0h.cloudfront.net,CDN,"Amazon Technologies, Inc.",False
d3ho4jgv0fd7s0.cloudfront.net,CDN,"Amazon Technologies, Inc.",False
d3hov7mrtz3xsh.cloudfront.net,CDN,"Amazon Technologies, Inc.",False
d3hp2n4zysnte8.cloudfront.net,CDN,"Amazon Technologies, Inc.",False
d3hrprpubguin2.cloudfront.net,CDN,"Amazon Technologies, Inc.",False
d3htb9k0jli50p.cloudfront.net,CDN,"Amazon Technologies, Inc.",False
d3htn85c6cao65.cloudfront.net,CDN,"Amazon Technologies, Inc.",False
d3hw6dc1ow8pp2.cloudfront.net,CDN,"Amazon Technologies, Inc.",False
d3hwa6w9tnniy6.cloudfront.net,CDN,"Amazon Technologies, Inc.",False
d3hz61yhzcsmar.cloudfront.net,CDN,"Amazon Technologies, Inc.",False
d3i4yxtzktqr9n.cloudfront.net,CDN,"Amazon Technologies, Inc.",False
d3iaqnfgzi8w52.cloudfront.net,CDN,"Amazon Technologies, Inc.",False
d3ibz5jl4uhfvr.cloudfront.net,CDN,"Amazon Technologies, Inc.",False
d3iecgj05b45wc.cloudfront.net,CDN,"Amazon Technologies, Inc.",False
d3ijs1jrnmt18w.cloudfront.net,CDN,"Amazon Technologies, Inc.",False
d3ilzp4ltgp62u.cloudfront.net,CDN,"Amazon Technologies, Inc.",False
d3in4gxkkqa7dk.cloudfront.net,CDN,"Amazon Technologies, Inc.",False
d3io1xgg4jjnii.cloudfront.net,CDN,"Amazon Technologies, Inc.",False
d3izuojgclhsxw.cloudfront.net,CDN,"Amazon Technologies, Inc.",False
d3j0v6lkz29kyu.cloudfront.net,CDN,"Amazon Technologies, Inc.",False
d3j0wm9oaj4tpk.cloudfront.net,CDN,"Amazon Technologies, Inc.",False
d3j1bewxbmsugz.cloudfront.net,CDN,"Amazon Technologies, Inc.",False
d3j1weegxvu8ns.cloudfront.net,CDN,"Amazon Technologies, Inc.",False
d3j20uveo70stj.cloudfront.net,CDN,"Amazon Technologies, Inc.",False
d3j29i1ubwg8ou.cloudfront.net,CDN,"Amazon Technologies, Inc.",False
d3j4rd0dd5bsf9.cloudfront.net,CDN,"Amazon Technologies, Inc.",False
d3j5dyt64tynmt.cloudfront.net,CDN,"Amazon Technologies, Inc.",False
d3j7mquu4xakgo.cloudfront.net,CDN,"Amazon Technologies, Inc.",False
d3j8vl19c1131u.cloudfront.net,CDN,"Amazon Technologies, Inc.",False
d3jawftfgyr9oa.cloudfront.net,CDN,"Amazon Technologies, Inc.",False
d3jbtggnijkj5a.cloudfront.net,CDN,"Amazon Technologies, Inc.",False
d3jcs7dju1xgrw.cloudfront.net,CDN,"Amazon Technologies, Inc.",False
d3jdlwnuo8nsnr.cloudfront.net,CDN,"Amazon Technologies, Inc.",False
d3jf0pgexz92qy.cloudfront.net,CDN,"Amazon Technologies, Inc.",False
d3jfml7tuh2eo0.cloudfront.net,CDN,"Amazon Technologies, Inc.",False
d3jkudlc7u70kh.cloudfront.net,CDN,"Amazon Technologies, Inc.",False
d3jlaw1hfp0ps6.cloudfront.net,CDN,"Amazon Technologies, Inc.",False
d3jlfnivimlb9h.cloudfront.net,CDN,"Amazon Technologies, Inc.",False
d3jlqkabnnke2x.cloudfront.net,CDN,"Amazon Technologies, Inc.",False
d3jmu47mczi4z5.cloudfront.net,CDN,"Amazon Technologies, Inc.",False
d3jmwtbipy3iz2.cloudfront.net,CDN,"Amazon Technologies, Inc.",False
d3jp49my1ucczm.cloudfront.net,CDN,"Amazon Technologies, Inc.",False
d3js.org,,,False
d3jx0hbeqtkbt5.cloudfront.net,CDN,"Amazon Technologies, Inc.",False
d3jxr4f0e80tfp.cloudfront.net,CDN,"Amazon Technologies, Inc.",False
d3jy065g9mm97j.cloudfront.net,CDN,"Amazon Technologies, Inc.",False
d3jzhehqxv4l2n.cloudfront.net,CDN,"Amazon Technologies, Inc.",False
d3jzhqnvnvdy34.cloudfront.net,CDN,"Amazon Technologies, Inc.",False
d3k0755bjcgq9m.cloudfront.net,CDN,"Amazon Technologies, Inc.",False
d3k1nncj72bw1s.cloudfront.net,CDN,"Amazon Technologies, Inc.",False
d3k1w8lx8mqizo.cloudfront.net,CDN,"Amazon Technologies, Inc.",False
d3k4e7spixznr4.cloudfront.net,CDN,"Amazon Technologies, Inc.",False
d3k5cwk86orltn.cloudfront.net,CDN,"Amazon Technologies, Inc.",False
d3k6f18d6rw47w.cloudfront.net,CDN,"Amazon Technologies, Inc.",False
d3k6pebee3cv6.cloudfront.net,CDN,"Amazon Technologies, Inc.",False
d3k81ch9hvuctc.cloudfront.net,CDN,"Amazon Technologies, Inc.",False
d3k85wy3v9cru9.cloudfront.net,CDN,"Amazon Technologies, Inc.",False
d3kcmyx8z8yq4t.cloudfront.net,CDN,"Amazon Technologies, Inc.",False
d3kcuzel7191i0.cloudfront.net,CDN,"Amazon Technologies, Inc.",False
d3kdv2x2np28ys.cloudfront.net,CDN,"Amazon Technologies, Inc.",False
d3kjluh73b9h9o.cloudfront.net,CDN,"Amazon Technologies, Inc.",False
d3ko5ro80sckx4.cloudfront.net,CDN,"Amazon Technologies, Inc.",False
d3kr2esmjhl9lz.cloudfront.net,CDN,"Amazon Technologies, Inc.",False
d3kukmu92any6r.cloudfront.net,CDN,"Amazon Technologies, Inc.",False
d3kuri221qk0z7.cloudfront.net,CDN,"Amazon Technologies, Inc.",False
d3kw9cbwoqg2ak.cloudfront.net,CDN,"Amazon Technologies, Inc.",False
d3kwr1m653cpak.cloudfront.net,CDN,"Amazon Technologies, Inc.",False
d3kxm6n84to7o2.cloudfront.net,CDN,"Amazon Technologies, Inc.",False
d3l32s35195t6v.cloudfront.net,CDN,"Amazon Technologies, Inc.",False
d3l9fju211jpzs.cloudfront.net,CDN,"Amazon Technologies, Inc.",False
d3lac2qn3905bt.cloudfront.net,CDN,"Amazon Technologies, Inc.",False
d3lcz8vpax4lo2.cloudfront.net,CDN,"Amazon Technologies, Inc.",False
d3ld93u2brljz7.cloudfront.net,CDN,"Amazon Technologies, Inc.",False
d3lgxt02yd9or3.cloudfront.net,CDN,"Amazon Technologies, Inc.",False
d3lia0fk04o79c.cloudfront.net,CDN,"Amazon Technologies, Inc.",False
d3lj2s469wtjp0.cloudfront.net,CDN,"Amazon Technologies, Inc.",False
d3lkjnwva6z405.cloudfront.net,CDN,"Amazon Technologies, Inc.",False
d3ll6hdaywjuqi.cloudfront.net,CDN,"Amazon Technologies, Inc.",False
d3lmu2pmiapbyu.cloudfront.net,CDN,"Amazon Technologies, Inc.",False
d3lnqhc9ahokt7.cloudfront.net,CDN,"Amazon Technologies, Inc.",False
d3lopmpcew67el.cloudfront.net,CDN,"Amazon Technologies, Inc.",False
d3lqotgbn3npr.cloudfront.net,CDN,"Amazon Technologies, Inc.",False
d3lw13s50kw588.cloudfront.net,CDN,"Amazon Technologies, Inc.",False
d3lytooc21rae5.cloudfront.net,CDN,"Amazon Technologies, Inc.",False
d3m30jltrm6yq3.cloudfront.net,CDN,"Amazon Technologies, Inc.",False
d3m4fvfwn2cpj2.cloudfront.net,CDN,"Amazon Technologies, Inc.",False
d3m7r2hywaso4h.cloudfront.net,CDN,"Amazon Technologies, Inc.",False
d3m84h9qdxk9ba.cloudfront.net,CDN,"Amazon Technologies, Inc.",False
d3m8huu8gvuyn3.cloudfront.net,CDN,"Amazon Technologies, Inc.",False
d3m8m8oqvxebo7.cloudfront.net,CDN,"Amazon Technologies, Inc.",False
d3m8voqe6bx02a.cloudfront.net,CDN,"Amazon Technologies, Inc.",False
d3mal0pp0r7bqw.cloudfront.net,CDN,"Amazon Technologies, Inc.",False
d3mbqcfrpyapxi.cloudfront.net,CDN,"Amazon Technologies, Inc.",False
d3mecgd5ud4o9m.cloudfront.net,CDN,"Amazon Technologies, Inc.",False
d3mewz86hy02zo.cloudfront.net,CDN,"Amazon Technologies, Inc.",False
d3mi78ooud9ugk.cloudfront.net,CDN,"Amazon Technologies, Inc.",False
d3mkp9vrg1x8gg.cloudfront.net,CDN,"Amazon Technologies, Inc.",False
d3ml7zode9uaxl.cloudfront.net,CDN,"Amazon Technologies, Inc.",False
d3mmfigqlsw75g.cloudfront.net,CDN,"Amazon Technologies, Inc.",False
d3mse7gslgnuk9.cloudfront.net,CDN,"Amazon Technologies, Inc.",False
d3mu8q4lxgsff1.cloudfront.net,CDN,"Amazon Technologies, Inc.",False
d3mydgn67c5gh1.cloudfront.net,CDN,"Amazon Technologies, Inc.",False
d3n9zvgxog6ht2.cloudfront.net,CDN,"Amazon Technologies, Inc.",False
d3nd02ak4v4ued.cloudfront.net,CDN,"Amazon Technologies, Inc.",False
d3ndg3odoqwnja.cloudfront.net,CDN,"Amazon Technologies, Inc.",False
d3ndij9jahp01d.cloudfront.net,CDN,"Amazon Technologies, Inc.",False
d3nevzfk7ii3be.cloudfront.net,CDN,"Amazon Technologies, Inc.",False
d3ng46ul5ao19l.cloudfront.net,CDN,"Amazon Technologies, Inc.",False
d3nhqmra5glpzp.cloudfront.net,CDN,"Amazon Technologies, Inc.",False
d3niuqph2rteir.cloudfront.net,CDN,"Amazon Technologies, Inc.",False
d3njgrq4uvb497.cloudfront.net,CDN,"Amazon Technologies, Inc.",False
d3njjcbhbojbot.cloudfront.net,CDN,"Amazon Technologies, Inc.",False
d3nn82uaxijpm6.cloudfront.net,CDN,"Amazon Technologies, Inc.",False
d3nnrg974rrbjg.cloudfront.net,CDN,"Amazon Technologies, Inc.",False
d3nocrch4qti4v.cloudfront.net,CDN,"Amazon Technologies, Inc.",False
d3noin80hjw5a.cloudfront.net,CDN,"Amazon Technologies, Inc.",False
d3npuic909260z.cloudfront.net,CDN,"Amazon Technologies, Inc.",False
d3nrbksa8xb0xp.cloudfront.net,CDN,"Amazon Technologies, Inc.",False
d3nsj3aatjfg62.cloudfront.net,CDN,"Amazon Technologies, Inc.",False
d3nvuuaqfe1fyv.cloudfront.net,CDN,"Amazon Technologies, Inc.",False
d3o11ng5fxq40s.cloudfront.net,CDN,"Amazon Technologies, Inc.",False
d3o1kpxa99js1z.cloudfront.net,CDN,"Amazon Technologies, Inc.",False
d3o1vnv02a9g2u.cloudfront.net,CDN,"Amazon Technologies, Inc.",False
d3o6cl7ga7d8m9.cloudfront.net,CDN,"Amazon Technologies, Inc.",False
d3o8jp30trmtt.cloudfront.net,CDN,"Amazon Technologies, Inc.",False
d3o8vwpyaorolj.cloudfront.net,CDN,"Amazon Technologies, Inc.",False
d3o95m4hf22wfr.cloudfront.net,CDN,"Amazon Technologies, Inc.",False
d3oa0nnog5c86z.cloudfront.net,CDN,"Amazon Technologies, Inc.",False
d3oaqdppb204mi.cloudfront.net,CDN,"Amazon Technologies, Inc.",False
d3ofnzvapvdl4a.cloudfront.net,CDN,"Amazon Technologies, Inc.",False
d3ogc9hfjswapi.cloudfront.net,CDN,"Amazon Technologies, Inc.",False
d3oh23olawhmms.cloudfront.net,CDN,"Amazon Technologies, Inc.",False
d3ohvesmquk3vv.cloudfront.net,CDN,"Amazon Technologies, Inc.",False
d3oim7aeizxesl.cloudfront.net,CDN,"Amazon Technologies, Inc.",False
d3ojfshdw1hp8b.cloudfront.net,CDN,"Amazon Technologies, Inc.",False
d3ok5gjxqqhp57.cloudfront.net,CDN,"Amazon Technologies, Inc.",False
d3olzgb1wguet8.cloudfront.net,CDN,"Amazon Technologies, Inc.",False
d3omqoiyrg196i.cloudfront.net,CDN,"Amazon Technologies, Inc.",False
d3onf28wi10481.cloudfront.net,CDN,"Amazon Technologies, Inc.",False
d3oo50r4974161.cloudfront.net,CDN,"Amazon Technologies, Inc.",False
d3ooc9jud7priz.cloudfront.net,CDN,"Amazon Technologies, Inc.",False
d3oplfoivsptvi.cloudfront.net,CDN,"Amazon Technologies, Inc.",False
d3oq7wvsd1zmkb.cloudfront.net,CDN,"Amazon Technologies, Inc.",False
d3otfkap419ijo.cloudfront.net,CDN,"Amazon Technologies, Inc.",False
d3otp6i141k5zo.cloudfront.net,CDN,"Amazon Technologies, Inc.",False
d3oudgusdzf61y.cloudfront.net,CDN,"Amazon Technologies, Inc.",False
d3owbckoeihl9o.cloudfront.net,CDN,"Amazon Technologies, Inc.",False
d3owwa2lvk1c7x.cloudfront.net,CDN,"Amazon Technologies, Inc.",False
d3ox8tdk614ykk.cloudfront.net,CDN,"Amazon Technologies, Inc.",False
d3oyaxbt9vo0fg.cloudfront.net,CDN,"Amazon Technologies, Inc.",False
d3ozew3cg8eafs.cloudfront.net,CDN,"Amazon Technologies, Inc.",False
d3p10ycbjg30rj.cloudfront.net,CDN,"Amazon Technologies, Inc.",False
d3p29gcwgas9m8.cloudfront.net,CDN,"Amazon Technologies, Inc.",False
d3p3yu9nq10x2e.cloudfront.net,CDN,"Amazon Technologies, Inc.",False
d3p4it9p4cf1ca.cloudfront.net,CDN,"Amazon Technologies, Inc.",False
d3p5hza9m66i6t.cloudfront.net,CDN,"Amazon Technologies, Inc.",False
d3pdz2yn9b8exj.cloudfront.net,CDN,"Amazon Technologies, Inc.",False
d3piw3jndo3cpw.cloudfront.net,CDN,"Amazon Technologies, Inc.",False
d3pjs2rh43888g.cloudfront.net,CDN,"Amazon Technologies, Inc.",False
d3pkntwtp2ukl5.cloudfront.net,CDN,"Amazon Technologies, Inc.",False
d3plfjw9uod7ab.cloudfront.net,CDN,"Amazon Technologies, Inc.",False
d3pnpe87i1fkwu.cloudfront.net,CDN,"Amazon Technologies, Inc.",False
d3po6fltzcbojg.cloudfront.net,CDN,"Amazon Technologies, Inc.",False
d3ppb06d1vgsfl.cloudfront.net,CDN,"Amazon Technologies, Inc.",False
d3prssb3z78snv.cloudfront.net,CDN,"Amazon Technologies, Inc.",False
d3pu29ewm9ulgw.cloudfront.net,CDN,"Amazon Technologies, Inc.",False
d3pxlindjz76lt.cloudfront.net,CDN,"Amazon Technologies, Inc.",False
d3q4n6g8lbs41j.cloudfront.net,CDN,"Amazon Technologies, Inc.",False
d3q7qtc29ejstr.cloudfront.net,CDN,"Amazon Technologies, Inc.",False
d3qesot08g926f.cloudfront.net,CDN,"Amazon Technologies, Inc.",False
d3qf8nvav5av0u.cloudfront.net,CDN,"Amazon Technologies, Inc.",False
d3qhsf9lmfcusu.cloudfront.net,CDN,"Amazon Technologies, Inc.",False
d3qhuibmnnxhh6.cloudfront.net,CDN,"Amazon Technologies, Inc.",False
d3qj5wuhimh3ra.cloudfront.net,CDN,"Amazon Technologies, Inc.",False
d3qjf2s7pzev4k.cloudfront.net,CDN,"Amazon Technologies, Inc.",False
d3qplb6sgdjn2s.cloudfront.net,CDN,"Amazon Technologies, Inc.",False
d3qqdhrs3ui05h.cloudfront.net,CDN,"Amazon Technologies, Inc.",False
d3qqidoz8mm2hm.cloudfront.net,CDN,"Amazon Technologies, Inc.",False
d3qror8mif1cl6.cloudfront.net,CDN,"Amazon Technologies, Inc.",False
d3qsscbsxba9i7.cloudfront.net,CDN,"Amazon Technologies, Inc.",False
d3qt53jevtbvi2.cloudfront.net,CDN,"Amazon Technologies, Inc.",False
d3qtst53kh2p5e.cloudfront.net,CDN,"Amazon Technologies, Inc.",False
d3qufoxflgg11m.cloudfront.net,CDN,"Amazon Technologies, Inc.",False
d3qvzizrpijtsq.cloudfront.net,CDN,"Amazon Technologies, Inc.",False
d3qxef4rp70elm.cloudfront.net,CDN,"Amazon Technologies, Inc.",False
d3qxv4sb6476m6.cloudfront.net,CDN,"Amazon Technologies, Inc.",False
d3qycynbsy5rsn.cloudfront.net,CDN,"Amazon Technologies, Inc.",False
d3qykkupgmr7dg.cloudfront.net,CDN,"Amazon Technologies, Inc.",False
d3qzjcu1t9fm34.cloudfront.net,CDN,"Amazon Technologies, Inc.",False
d3r4bkp5rmfa3l.cloudfront.net,CDN,"Amazon Technologies, Inc.",False
d3r4eenri4cnj7.cloudfront.net,CDN,"Amazon Technologies, Inc.",False
d3r5ux2wcey6bg.cloudfront.net,CDN,"Amazon Technologies, Inc.",False
d3r6r3r7dgpwoy.cloudfront.net,CDN,"Amazon Technologies, Inc.",False
d3r6vle0falzc9.cloudfront.net,CDN,"Amazon Technologies, Inc.",False
d3r7h55ola878c.cloudfront.net,CDN,"Amazon Technologies, Inc.",False
d3ra10zyypojdu.cloudfront.net,CDN,"Amazon Technologies, Inc.",False
d3rb0bv4gkv0m.cloudfront.net,CDN,"Amazon Technologies, Inc.",False
d3rcfwo9uouret.cloudfront.net,CDN,"Amazon Technologies, Inc.",False
d3requdwnyz98t.cloudfront.net,CDN,"Amazon Technologies, Inc.",False
d3rgkt1wiss9tr.cloudfront.net,CDN,"Amazon Technologies, Inc.",False
d3rhe4q0m5ulj8.cloudfront.net,CDN,"Amazon Technologies, Inc.",False
d3riqxgrflpekl.cloudfront.net,CDN,"Amazon Technologies, Inc.",False
d3rm6rcr7wuj89.cloudfront.net,CDN,"Amazon Technologies, Inc.",False
d3roitypgccmwr.cloudfront.net,CDN,"Amazon Technologies, Inc.",False
d3rscy94qz6vj2.cloudfront.net,CDN,"Amazon Technologies, Inc.",False
d3rse9xjbp8270.cloudfront.net,CDN,"Amazon Technologies, Inc.",False
d3rvywmkypvyl8.cloudfront.net,CDN,"Amazon Technologies, Inc.",False
d3rxaij56vjege.cloudfront.net,CDN,"Amazon Technologies, Inc.",False
d3ryumxhbd2uw7.cloudfront.net,CDN,"Amazon Technologies, Inc.",False
d3rzy2hoo29vi.cloudfront.net,CDN,"Amazon Technologies, Inc.",False
d3s179bfexmwfe.cloudfront.net,CDN,"Amazon Technologies, Inc.",False
d3s3k13islrvw7.cloudfront.net,CDN,"Amazon Technologies, Inc.",False
d3s4s12jv3q79n.cloudfront.net,CDN,"Amazon Technologies, Inc.",False
d3s6zdoijgtjwk.cloudfront.net,CDN,"Amazon Technologies, Inc.",False
d3s7lhijexluhw.cloudfront.net,CDN,"Amazon Technologies, Inc.",False
d3sbnaw4itu6a2.cloudfront.net,CDN,"Amazon Technologies, Inc.",False
d3sbnbcswv4jwa.cloudfront.net,CDN,"Amazon Technologies, Inc.",False
d3sc77bh279t7n.cloudfront.net,CDN,"Amazon Technologies, Inc.",False
d3sdpn5laqamk8.cloudfront.net,CDN,"Amazon Technologies, Inc.",False
d3sfvumtar0nke.cloudfront.net,CDN,"Amazon Technologies, Inc.",False
d3si4025vjr6k4.cloudfront.net,CDN,"Amazon Technologies, Inc.",False
d3sigca78k1vv0.cloudfront.net,CDN,"Amazon Technologies, Inc.",False
d3smg0hrzo6i7w.cloudfront.net,CDN,"Amazon Technologies, Inc.",False
d3ss46vukfdtpo.cloudfront.net,CDN,"Amazon Technologies, Inc.",False
d3sxurc4bfe8b4.cloudfront.net,CDN,"Amazon Technologies, Inc.",False
d3syewzhvzylbl.cloudfront.net,CDN,"Amazon Technologies, Inc.",False
d3t13abgv0q40.cloudfront.net,CDN,"Amazon Technologies, Inc.",False
d3t1zcv6xgke65.cloudfront.net,CDN,"Amazon Technologies, Inc.",False
d3t4761i99r2m7.cloudfront.net,CDN,"Amazon Technologies, Inc.",False
d3t5ypmwy4qshk.cloudfront.net,CDN,"Amazon Technologies, Inc.",False
d3t6aux905n2wu.cloudfront.net,CDN,"Amazon Technologies, Inc.",False
d3t8c1sf571x2e.cloudfront.net,CDN,"Amazon Technologies, Inc.",False
d3t95n9c6zzriw.cloudfront.net,CDN,"Amazon Technologies, Inc.",False
d3tbuyyq5uyooa.cloudfront.net,CDN,"Amazon Technologies, Inc.",False
d3td4bgp1tjfg.cloudfront.net,CDN,"Amazon Technologies, Inc.",False
d3tgyuvh568x8v.cloudfront.net,CDN,"Amazon Technologies, Inc.",False
d3thfh4j7panxy.cloudfront.net,CDN,"Amazon Technologies, Inc.",False
d3tkcg8bownaqg.cloudfront.net,CDN,"Amazon Technologies, Inc.",False
d3tkjpnfzu0yp4.cloudfront.net,CDN,"Amazon Technologies, Inc.",False
d3tnn7lar6ozas.cloudfront.net,CDN,"Amazon Technologies, Inc.",False
d3tojzvpbuo41f.cloudfront.net,CDN,"Amazon Technologies, Inc.",False
d3tonokqs76w4t.cloudfront.net,CDN,"Amazon Technologies, Inc.",False
d3tw7elnk2m6f4.cloudfront.net,CDN,"Amazon Technologies, Inc.",False
d3txw8aekhfz7p.cloudfront.net,CDN,"Amazon Technologies, Inc.",False
d3u06rkspgpo9r.cloudfront.net,CDN,"Amazon Technologies, Inc.",False
d3u173cvt0s8do.cloudfront.net,CDN,"Amazon Technologies, Inc.",False
d3u2ljfbw2unax.cloudfront.net,CDN,"Amazon Technologies, Inc.",False
d3u4p9797p3ep3.cloudfront.net,CDN,"Amazon Technologies, Inc.",False
d3u598arehftfk.cloudfront.net,CDN,"Amazon Technologies, Inc.",False
d3u71b43htzsmi.cloudfront.net,CDN,"Amazon Technologies, Inc.",False
d3uf7shreuzboy.cloudfront.net,CDN,"Amazon Technologies, Inc.",False
d3ufbjzls6pqru.cloudfront.net,CDN,"Amazon Technologies, Inc.",False
d3uiyspfza2s6n.cloudfront.net,CDN,"Amazon Technologies, Inc.",False
d3uji4x42zhzgc.cloudfront.net,CDN,"Amazon Technologies, Inc.",False
d3ujxqurwg2heq.cloudfront.net,CDN,"Amazon Technologies, Inc.",False
d3ulvobipchtlw.cloudfront.net,CDN,"Amazon Technologies, Inc.",False
d3unq1hljpybmw.cloudfront.net,CDN,"Amazon Technologies, Inc.",False
d3uo0hg2zzr1rb.cloudfront.net,CDN,"Amazon Technologies, Inc.",False
d3ustuuv7j5i8h.cloudfront.net,CDN,"Amazon Technologies, Inc.",False
d3utlpfp6symdh.cloudfront.net,CDN,"Amazon Technologies, Inc.",False
d3uw7ppdjhpbh5.cloudfront.net,CDN,"Amazon Technologies, Inc.",False
d3uxgvoovsr96k.cloudfront.net,CDN,"Amazon Technologies, Inc.",False
d3uz7fhqos37j7.cloudfront.net,CDN,"Amazon Technologies, Inc.",False
d3v0h73m0nf9zy.cloudfront.net,CDN,"Amazon Technologies, Inc.",False
d3v0h806b5o0nx.cloudfront.net,CDN,"Amazon Technologies, Inc.",False
d3v27wwd40f0xu.cloudfront.net,CDN,"Amazon Technologies, Inc.",False
d3v2k9rpn3qwc2.cloudfront.net,CDN,"Amazon Technologies, Inc.",False
d3v7fxdr2qnbbn.cloudfront.net,CDN,"Amazon Technologies, Inc.",False
d3v8snuol4b5ym.cloudfront.net,CDN,"Amazon Technologies, Inc.",False
d3v9do0uvwto2i.cloudfront.net,CDN,"Amazon Technologies, Inc.",False
d3vd5wnau9aeoh.cloudfront.net,CDN,"Amazon Technologies, Inc.",False
d3vf51r5i3aqvg.cloudfront.net,CDN,"Amazon Technologies, Inc.",False
d3vg0toje4szfb.cloudfront.net,CDN,"Amazon Technologies, Inc.",False
d3vgubf01fzzl4.cloudfront.net,CDN,"Amazon Technologies, Inc.",False
d3viz1i4vjyte7.cloudfront.net,CDN,"Amazon Technologies, Inc.",False
d3vk8rq97jepuf.cloudfront.net,CDN,"Amazon Technologies, Inc.",False
d3vkz4rzoqmfb1.cloudfront.net,CDN,"Amazon Technologies, Inc.",False
d3vmyylqfq6t3e.cloudfront.net,CDN,"Amazon Technologies, Inc.",False
d3vqbfnjeiwsz0.cloudfront.net,CDN,"Amazon Technologies, Inc.",False
d3vricquk1sjgf.cloudfront.net,CDN,"Amazon Technologies, Inc.",False
d3vrx8l9gickhv.cloudfront.net,CDN,"Amazon Technologies, Inc.",False
d3vtkuz79y9qd1.cloudfront.net,CDN,"Amazon Technologies, Inc.",False
d3vu9m856x0ypk.cloudfront.net,CDN,"Amazon Technologies, Inc.",False
d3vudmj4emi09t.cloudfront.net,CDN,"Amazon Technologies, Inc.",False
d3vurf1hpn4tbx.cloudfront.net,CDN,"Amazon Technologies, Inc.",False
d3vx96gumottlv.cloudfront.net,CDN,"Amazon Technologies, Inc.",False
d3w0qy4ktfyhb7.cloudfront.net,CDN,"Amazon Technologies, Inc.",False
d3w36int977qmj.cloudfront.net,CDN,"Amazon Technologies, Inc.",False
d3wo5wojvuv7l.cloudfront.net,CDN,"Amazon Technologies, Inc.",False
d41.co,,"Dun & Bradstreet, Inc.",False
d44lv6u0tlx5n.cloudfront.net,CDN,"Amazon Technologies, Inc.",False
d4688g8w16fl2.cloudfront.net,CDN,"Amazon Technologies, Inc.",False
d4c5gb8slvq7w.cloudfront.net,CDN,"Amazon Technologies, Inc.",False
d4cnjw8o0zkb5.cloudfront.net,CDN,"Amazon Technologies, Inc.",False
d4dfc8vb84759.cloudfront.net,CDN,"Amazon Technologies, Inc.",False
d4hldqmvpzsy0.cloudfront.net,CDN,"Amazon Technologies, Inc.",False
d4hmzla7rny10.cloudfront.net,CDN,"Amazon Technologies, Inc.",False
d4j85rjepgcta.cloudfront.net,CDN,"Amazon Technologies, Inc.",False
d4l050hrdtf3m.cloudfront.net,CDN,"Amazon Technologies, Inc.",False
d4mygtfuss8ph.cloudfront.net,CDN,"Amazon Technologies, Inc.",False
d4nldmi7ffpto.cloudfront.net,CDN,"Amazon Technologies, Inc.",False
d4oqhhg6ghzsx.cloudfront.net,CDN,"Amazon Technologies, Inc.",False
d4pdhusvu6jg7.cloudfront.net,CDN,"Amazon Technologies, Inc.",False
d4ps8769stkt4.cloudfront.net,CDN,"Amazon Technologies, Inc.",False
d4q1hdcpfj72l.cloudfront.net,CDN,"Amazon Technologies, Inc.",False
d4r3duh9khmx5.cloudfront.net,CDN,"Amazon Technologies, Inc.",False
d4s8fbz3f9323.cloudfront.net,CDN,"Amazon Technologies, Inc.",False
d4t7ogdd8d57q.cloudfront.net,CDN,"Amazon Technologies, Inc.",False
d4tuoctqmanu0.cloudfront.net,CDN,"Amazon Technologies, Inc.",False
d4ueceu56c8vn.cloudfront.net,CDN,"Amazon Technologies, Inc.",False
d4ujqq8yf4x7v.cloudfront.net,CDN,"Amazon Technologies, Inc.",False
d52gvkdi58pis.cloudfront.net,CDN,"Amazon Technologies, Inc.",False
d537y3nbkeq75.cloudfront.net,CDN,"Amazon Technologies, Inc.",False
d53dd30lbh9of.cloudfront.net,CDN,"Amazon Technologies, Inc.",False
d56f8ppo4riog.cloudfront.net,CDN,"Amazon Technologies, Inc.",False
d56oai6esq2cw.cloudfront.net,CDN,"Amazon Technologies, Inc.",False
d585tldpucybw.cloudfront.net,CDN,"Amazon Technologies, Inc.",False
d5bhw1ea5nk9r.cloudfront.net,CDN,"Amazon Technologies, Inc.",False
d5kdg4vyjpn31.cloudfront.net,CDN,"Amazon Technologies, Inc.",False
d5lqosquewn6c.cloudfront.net,CDN,"Amazon Technologies, Inc.",False
d5nffgciuchtn.cloudfront.net,CDN,"Amazon Technologies, Inc.",False
d5ptb1lw62ahr.cloudfront.net,CDN,"Amazon Technologies, Inc.",False
d5sbbf6usl3xq.cloudfront.net,CDN,"Amazon Technologies, Inc.",False
d5t2lr6wqber6.cloudfront.net,CDN,"Amazon Technologies, Inc.",False
d5u7b9an22an8.cloudfront.net,CDN,"Amazon Technologies, Inc.",False
d5yoctgpv4cpx.cloudfront.net,CDN,"Amazon Technologies, Inc.",False
d5zu2f4xvqanl.cloudfront.net,CDN,"Amazon Technologies, Inc.",False
d60jkb83l0ime.cloudfront.net,CDN,"Amazon Technologies, Inc.",False
d63oji75zlkj7.cloudfront.net,CDN,"Amazon Technologies, Inc.",False
d63oxfkn1m8sf.cloudfront.net,CDN,"Amazon Technologies, Inc.",False
d682oglyjxnqd.cloudfront.net,CDN,"Amazon Technologies, Inc.",False
d6gjlglgq0c6f.cloudfront.net,CDN,"Amazon Technologies, Inc.",False
d6ksdfa22uvi6.cloudfront.net,CDN,"Amazon Technologies, Inc.",False
d6mm63my5gkca.cloudfront.net,CDN,"Amazon Technologies, Inc.",False
d6mvqa05z8q97.cloudfront.net,CDN,"Amazon Technologies, Inc.",False
d6p7y3rtdv569.cloudfront.net,CDN,"Amazon Technologies, Inc.",False
d6rvcv7ax04ep.cloudfront.net,CDN,"Amazon Technologies, Inc.",False
d6tizftlrpuof.cloudfront.net,CDN,"Amazon Technologies, Inc.",False
d6vbkv8rsyksv.cloudfront.net,CDN,"Amazon Technologies, Inc.",False
d6vtbcy3ong79.cloudfront.net,CDN,"Amazon Technologies, Inc.",False
d6ykrjs2w9hig.cloudfront.net,CDN,"Amazon Technologies, Inc.",False
d6ylhyw14j0gt.cloudfront.net,CDN,"Amazon Technologies, Inc.",False
d6zb2yxvzmqfc.cloudfront.net,CDN,"Amazon Technologies, Inc.",False
d6zke50akh4rh.cloudfront.net,CDN,"Amazon Technologies, Inc.",False
d6zu412tz0ukn.cloudfront.net,CDN,"Amazon Technologies, Inc.",False
d6zxf491dr98g.cloudfront.net,CDN,"Amazon Technologies, Inc.",False
d70shl7vidtft.cloudfront.net,CDN,"Amazon Technologies, Inc.",False
d727mlopkzo6e.cloudfront.net,CDN,"Amazon Technologies, Inc.",False
d73v3rdaoqh96.cloudfront.net,CDN,"Amazon Technologies, Inc.",False
d754obphou6gd.cloudfront.net,CDN,"Amazon Technologies, Inc.",False
d75mj0250zkps.cloudfront.net,CDN,"Amazon Technologies, Inc.",False
d761erxl2qywg.cloudfront.net,CDN,"Amazon Technologies, Inc.",False
d77gkn0yqhsqw.cloudfront.net,CDN,"Amazon Technologies, Inc.",False
d77hab4jv6kh0.cloudfront.net,CDN,"Amazon Technologies, Inc.",False
d79568f506nqk.cloudfront.net,CDN,"Amazon Technologies, Inc.",False
d7agjysiompp7.cloudfront.net,CDN,"Amazon Technologies, Inc.",False
d7b6m6yi0makw.cloudfront.net,CDN,"Amazon Technologies, Inc.",False
d7c4jjeuqag9w.cloudfront.net,CDN,"Amazon Technologies, Inc.",False
d7db5kkompmr8.cloudfront.net,CDN,"Amazon Technologies, Inc.",False
d7fqqkxvlsf19.cloudfront.net,CDN,"Amazon Technologies, Inc.",False
d7g6xkrkh5kua.cloudfront.net,CDN,"Amazon Technologies, Inc.",False
d7g8xz7m2brng.cloudfront.net,CDN,"Amazon Technologies, Inc.",False
d7hftxdivxxvm.cloudfront.net,CDN,"Amazon Technologies, Inc.",False
d7ij8ek9i5cfg.cloudfront.net,CDN,"Amazon Technologies, Inc.",False
d7p0reaq8mvem.cloudfront.net,CDN,"Amazon Technologies, Inc.",False
d7pet6vgg99z9.cloudfront.net,CDN,"Amazon Technologies, Inc.",False
d7pkvxpsevxsc.cloudfront.net,CDN,"Amazon Technologies, Inc.",False
d7rns3dw3cbo4.cloudfront.net,CDN,"Amazon Technologies, Inc.",False
d7uxjhjk1160.cloudfront.net,CDN,"Amazon Technologies, Inc.",False
d7zmu7ypfxiy.cloudfront.net,CDN,"Amazon Technologies, Inc.",False
d81mfvml8p5ml.cloudfront.net,CDN,"Amazon Technologies, Inc.",False
d82cz7nyq77ak.cloudfront.net,CDN,"Amazon Technologies, Inc.",False
d82y7sszkfokl.cloudfront.net,CDN,"Amazon Technologies, Inc.",False
d85m85xixkncv.cloudfront.net,CDN,"Amazon Technologies, Inc.",False
d85wni8l5nn8v.cloudfront.net,CDN,"Amazon Technologies, Inc.",False
d867x8xq12ag.cloudfront.net,CDN,"Amazon Technologies, Inc.",False
d8776bzuvg4y2.cloudfront.net,CDN,"Amazon Technologies, Inc.",False
d87r0mmlmv594.cloudfront.net,CDN,"Amazon Technologies, Inc.",False
d881ll0fvb8ad.cloudfront.net,CDN,"Amazon Technologies, Inc.",False
d8g8olsgmw166.cloudfront.net,CDN,"Amazon Technologies, Inc.",False
d8ht42zu8v59w.cloudfront.net,CDN,"Amazon Technologies, Inc.",False
d8i0tzn461hd5.cloudfront.net,CDN,"Amazon Technologies, Inc.",False
d8i64w6fiw7fw.cloudfront.net,CDN,"Amazon Technologies, Inc.",False
d8odyjbjmsace.cloudfront.net,CDN,"Amazon Technologies, Inc.",False
d8q85exoapx55.cloudfront.net,CDN,"Amazon Technologies, Inc.",False
d8qejg2rxgnbs.cloudfront.net,CDN,"Amazon Technologies, Inc.",False
d8qvjzbl8djoi.cloudfront.net,CDN,"Amazon Technologies, Inc.",False
d8rwxap2x93c3.cloudfront.net,CDN,"Amazon Technologies, Inc.",False
d8ycftj0e2pjg.cloudfront.net,CDN,"Amazon Technologies, Inc.",False
d8zcf68ys20co.cloudfront.net,CDN,"Amazon Technologies, Inc.",False
d90lhg2ayolvx.cloudfront.net,CDN,"Amazon Technologies, Inc.",False
d9140utg8f0zh.cloudfront.net,CDN,"Amazon Technologies, Inc.",False
d91vfgc8kjl98.cloudfront.net,CDN,"Amazon Technologies, Inc.",False
d934718ydr8s3.cloudfront.net,CDN,"Amazon Technologies, Inc.",False
d94ez8eztaajf.cloudfront.net,CDN,"Amazon Technologies, Inc.",False
d95plydrcylq5.cloudfront.net,CDN,"Amazon Technologies, Inc.",False
d966r6kxd8urj.cloudfront.net,CDN,"Amazon Technologies, Inc.",False
d97e3715f9.com,,,False
d97su45w2bgq2.cloudfront.net,CDN,"Amazon Technologies, Inc.",False
d99x3xi8d61ty.cloudfront.net,CDN,"Amazon Technologies, Inc.",False
d99xz3flubf0x.cloudfront.net,CDN,"Amazon Technologies, Inc.",False
d9b960-6b.myshopify.com,Analytics;CDN;Embedded Content;Online Payment,Shopify Inc.,False
d9cept41duxjf.cloudfront.net,CDN,"Amazon Technologies, Inc.",False
d9eawi0bi078w.cloudfront.net,CDN,"Amazon Technologies, Inc.",False
d9fvwtvqz2fm1.cloudfront.net,CDN,"Amazon Technologies, Inc.",False
d9hhrg4mnvzow.cloudfront.net,CDN,"Amazon Technologies, Inc.",False
d9i5ve8f04qxt.cloudfront.net,CDN,"Amazon Technologies, Inc.",False
d9jj3mjthpub.cloudfront.net,CDN,"Amazon Technologies, Inc.",False
d9jkrcq2t8ae3.cloudfront.net,CDN,"Amazon Technologies, Inc.",False
d9k0w0y3delq8.cloudfront.net,CDN,"Amazon Technologies, Inc.",False
d9k46j35fmriq.cloudfront.net,CDN,"Amazon Technologies, Inc.",False
d9kktu7zvfsyu.cloudfront.net,CDN,"Amazon Technologies, Inc.",False
d9lqarq0gr0pp.cloudfront.net,CDN,"Amazon Technologies, Inc.",False
d9n5kqg4cx0o5.cloudfront.net,CDN,"Amazon Technologies, Inc.",False
d9punrawl1z2e.cloudfront.net,CDN,"Amazon Technologies, Inc.",False
d9sd04phpvzr9.cloudfront.net,CDN,"Amazon Technologies, Inc.",False
d9trt6gazqoth.cloudfront.net,CDN,"Amazon Technologies, Inc.",False
d9wxf5clf37aa.cloudfront.net,CDN,"Amazon Technologies, Inc.",False
d9xgmzm82fojd.cloudfront.net,CDN,"Amazon Technologies, Inc.",False
d9y9zdny0dlqs.cloudfront.net,CDN,"Amazon Technologies, Inc.",False
da-services.ch,,Tamedia AG,False
da176ccvenwtz.cloudfront.net,CDN,"Amazon Technologies, Inc.",False
da2lh5cs8ikqj.cloudfront.net,CDN,"Amazon Technologies, Inc.",False
da6z0c463e86r.cloudfront.net,CDN,"Amazon Technologies, Inc.",False
da7akni.net,,,False
daa.net,,,False
daaily.com,,,False
daangn.com,,"Carrot Market Co., Ltd.",False
daaywia7j09wb.cloudfront.net,CDN,"Amazon Technologies, Inc.",False
dabag.ch,,,False
dable.io,,Dable,False
dabs7b6g7t59l.cloudfront.net,CDN,"Amazon Technologies, Inc.",False
dac8r2vkxfv8c.cloudfront.net,CDN,"Amazon Technologies, Inc.",False
dacast.com,,,False
dachfensterkonfigurator.de,,,False
dadalytics.it,,,False
dadata.com.br,,,False
daex9l847wg3n.cloudfront.net,CDN,"Amazon Technologies, Inc.",False
dafkomw01zqmb.cloudfront.net,CDN,"Amazon Technologies, Inc.",False
dagqb2myryk76.cloudfront.net,CDN,"Amazon Technologies, Inc.",False
dahta.fr,,,False
daikon-solutions.de,,,False
dailycamera.com,,"MediaNews Group, Inc",False
dailyecho.co.uk,,,False
dailykarma.io,,,False
dailymail.co.uk,,Associated Newspapers Limited,False
dailymail.com,,,False
dailymail.com.edgekey.net,,Akamai Technologies,False
dailymotion.com,CDN;Embedded Content,Dailymotion SA,False
dailysignalmedia.org,,,False
dailystory.com,,,False
daisycon.com,,Linehub,False
dakg4cmpuclai.cloudfront.net,CDN,"Amazon Technologies, Inc.",False
dakgga5fc76b3.cloudfront.net,CDN,"Amazon Technologies, Inc.",False
dakvo8z10w4va.cloudfront.net,CDN,"Amazon Technologies, Inc.",False
daltile.com.edgekey.net,,Akamai Technologies,False
dalton-cdn.com,,,False
damagedadvice.com,,"Leven Labs, Inc. DBA Admiral",False
damn8ic5wdfmf.cloudfront.net,CDN,"Amazon Technologies, Inc.",False
danawa.com.edgesuite.net,CDN,Akamai Technologies,False
dancf.com,,,False
dandb.com,,"Dun & Bradstreet, Inc.",False
danfoss-appswitcherapi-prod-webapi.azurewebsites.net,CDN,Microsoft Corporation,False
dante-ai.com,,,False
dantoo.cloud,,,False
dantoo.net,,,False
danude.com,,,False
danuri.io,,,False
danv01ao0kdr2.cloudfront.net,CDN,"Amazon Technologies, Inc.",False
danzz.ch,,audienzz AG,False
dao01.biz,,,False
daofile.com,,,False
daoxvcbafyqpg.cloudfront.net,CDN,"Amazon Technologies, Inc.",False
dap7j6z6iz8sh.cloudfront.net,CDN,"Amazon Technologies, Inc.",False
dap824eba2won.cloudfront.net,CDN,"Amazon Technologies, Inc.",False
dappier.com,,,False
daraz.com,,,False
darden.com.edgekey.net,,Akamai Technologies,False
darkadv.com,,,False
darknetmarketstats.com,,,False
darkvisitors.com,,,False
darnobedienceupscale.com,,,False
darty.com.edgekey.net,,Akamai Technologies,False
darwin.cx,,,False
das-onlinespiel.de,,,False
dasdaily.com,,,False
dash0.com,,,False
dash58wl.com,,,False
dashboard.co.uk,,,False
dashfi.dev,,,False
dashfi.net,,,False
dashhudson-static.s3.amazonaws.com,CDN,"Amazon Technologies, Inc.",False
dashhudson.com,,,False
dashly.app,,,False
dashnet.org,,,False
dashsocial.com,,,False
dastelefonbuch.de,,,False
data-8.co.uk,,,False
data-allstate-com-715826933.us-east-1.elb.amazonaws.com,CDN,"Amazon Technologies, Inc.",False
data-cdn.xyz,,,False
data-crypt.com,,,False
data-dynamic.net,,,False
data-insight365.com,,,False
data-kinesis.us-east-1.amazonaws.com,CDN,"Amazon Technologies, Inc.",False
data-noz.digital,,,False
data-stream.io,,,False
data-track-2096970859.us-west-2.elb.amazonaws.com,CDN,"Amazon Technologies, Inc.",False
data.gouv.fr,,,False
data.gov,,U.S. General Services Administration,False
datablocks.net,,,False
datadoghq-browser-agent.com,,"Datadog, Inc.",False
datadoghq.com,,"Datadog, Inc.",False
datadoghq.eu,,"Datadog, Inc.",False
datadojo.ai,,,False
datadome.co,Fraud Prevention,DataDome,False
datafa.st,,,False
datafeedfile.com,,DataFeedFile.com,False
datafeeds.io,,,False
datafloat.com,,,False
datafordeler.dk,,,False
datafront.co,,,False
datafy.ai,,,False
datafyhq.com,,,False
datagardendev.com,,,False
datago.ru,,,False
datagrail.io,,,False
datah04.com,,,False
datahash.com,,,False
datahub-srgssr.ch,,,False
datainventive52.com,,,False
datajam.org,,,False
datakojak.com,,,False
dataland.io,,,False
dataleaders.ai,,,False
datamotive.nl,,,False
dataoperation24.com,,,False
dataporten.no,,,False
datareporter.eu,,,False
dataroyal.com.br,,,False
datas3ntinel.com,,,False
datashopper.com,,,False
datasign.co,,,False
datasortingcenter.com,,,False
datasrvsys.com,,,False
datasteam.io,,NaviStone,False
datastream.io,,,False
datasubject.com,,,False
datatables.net,,,False
datatrac.net,,Datatrac Corp,False
datatracklink.com,,,False
datatrans.com,,Datatrans AG,False
datatrics.com,,,False
datazoom.io,,,False
datev-magazin.de,,,False
datev.de,,DATEV eG,False
datma.io,,,False
datnova.com,,Sirdata SAS,False
datoavisos.cl,,,False
datocms-assets.com,,,False
datocms.com,,,False
daubiq2i3vjm5.cloudfront.net,CDN,"Amazon Technologies, Inc.",False
daum.net,,Kakao Corp.,False
daum.net.edgesuite.net,CDN,Akamai Technologies,False
daumcdn.net,,Kakao Corp.,False
davidsbridal.com,,"David's Bridal, Inc",False
davisgateway-tm-we-prd.trafficmanager.net,CDN,Microsoft Corporation,False
daybreakgames.com,,Daybreak Game Company LLC,False
daybreaklights.com,,,False
daydeal.ch,,,False
dayjlzv1ljqs2.cloudfront.net,CDN,"Amazon Technologies, Inc.",False
daytonainternationalspeedway.com,,,False
daz75cok9b3wi.cloudfront.net,CDN,"Amazon Technologies, Inc.",False
dazeddigital.com.edgekey.net,,Akamai Technologies,False
db-ip.com,,Eris Networks SAS,False
db0iurr1sj8t8.cloudfront.net,CDN,"Amazon Technologies, Inc.",False
db5x04cssffm0.cloudfront.net,CDN,"Amazon Technologies, Inc.",False
db62cod6cnasq.cloudfront.net,CDN,"Amazon Technologies, Inc.",False
db6lhiw38ioqr.cloudfront.net,CDN,"Amazon Technologies, Inc.",False
db7ohtko3qf57.cloudfront.net,CDN,"Amazon Technologies, Inc.",False
db7q4jg5rkhk8.cloudfront.net,CDN,"Amazon Technologies, Inc.",False
dbba8ci4oxxz5.cloudfront.net,CDN,"Amazon Technologies, Inc.",False
dbdnetwork.it,,,False
dbhkt46el5ri0.cloudfront.net,CDN,"Amazon Technologies, Inc.",False
dbi-production.myshopify.com,Analytics;CDN;Embedded Content;Online Payment,Shopify Inc.,False
dbijikg1kbynm.cloudfront.net,CDN,"Amazon Technologies, Inc.",False
dbk7k8zi5wzuy.cloudfront.net,CDN,"Amazon Technologies, Inc.",False
dbktqjpin9b44.cloudfront.net,CDN,"Amazon Technologies, Inc.",False
dblks.net,,,False
dbmgns9xjyk0b.cloudfront.net,CDN,"Amazon Technologies, Inc.",False
dbnstz033wskn.cloudfront.net,CDN,"Amazon Technologies, Inc.",False
dboktu48tbzl9.cloudfront.net,CDN,"Amazon Technologies, Inc.",False
dbq5t2jl0vcpj.cloudfront.net,CDN,"Amazon Technologies, Inc.",False
dbr9gtaf8.com,,,False
dbrd449anfbv4.cloudfront.net,CDN,"Amazon Technologies, Inc.",False
dbrenagx7n4hh.cloudfront.net,CDN,"Amazon Technologies, Inc.",False
dbs-prod-pixel.s3.amazonaws.com,CDN,"Amazon Technologies, Inc.",False
dbshaper.com,,,False
dbstatic.no,,,False
dbtei8fbsuaqr.cloudfront.net,CDN,"Amazon Technologies, Inc.",False
dbugz5ljtj94u.cloudfront.net,CDN,"Amazon Technologies, Inc.",False
dbukjj6eu5tsf.cloudfront.net,CDN,"Amazon Technologies, Inc.",False
dbw3zep4prcju.cloudfront.net,CDN,"Amazon Technologies, Inc.",False
dc-tag.jp,,,False
dc10yw3ziyn5p.cloudfront.net,CDN,"Amazon Technologies, Inc.",False
dc3gc8atlpbjb.cloudfront.net,CDN,"Amazon Technologies, Inc.",False
dc79r36mj3c9w.cloudfront.net,CDN,"Amazon Technologies, Inc.",False
dc8xl0ndzn2cb.cloudfront.net,CDN,"Amazon Technologies, Inc.",False
dc9mgovv4dcuu.cloudfront.net,CDN,"Amazon Technologies, Inc.",False
dcafecms.com,,,False
dcard.tw,,,False
dcazbxzt5w1l9.cloudfront.net,CDN,"Amazon Technologies, Inc.",False
dcbbwymp1bhlf.cloudfront.net,CDN,"Amazon Technologies, Inc.",False
dccdn.de,,,False
dcdxdx7iojmn2.cloudfront.net,CDN,"Amazon Technologies, Inc.",False
dcer237tfveol.cloudfront.net,CDN,"Amazon Technologies, Inc.",False
dcfwfuaf91uza.cloudfront.net,CDN,"Amazon Technologies, Inc.",False
dch1lry4ejfy9.cloudfront.net,CDN,"Amazon Technologies, Inc.",False
dch8lckz6x8ar.cloudfront.net,CDN,"Amazon Technologies, Inc.",False
dcinside.co.kr,,주식회사 디시인사이드,False
dcm9zy.net,,,False
dcmn.io,,DCMN GmbH,False
dcp0k1clykzwi.cloudfront.net,CDN,"Amazon Technologies, Inc.",False
dcpqpn4dcvjfv.cloudfront.net,CDN,"Amazon Technologies, Inc.",False
dcqmx0664pmzy.cloudfront.net,CDN,"Amazon Technologies, Inc.",False
dcrainmaker.b-cdn.net,CDN,BunnyCDN,False
dctdp.com,,,False
dcthomson.co.uk,,,False
dcx.clubmed,,,False
dczo2r3xiqt7r.cloudfront.net,CDN,"Amazon Technologies, Inc.",False
dd-dashboard-images.s3-eu-west-1.amazonaws.com,CDN,"Amazon Technologies, Inc.",False
dd-polaris.akamaized.net,CDN,Akamai Technologies,False
dd-static.net,,,False
dd0jmzmjuvvt7.cloudfront.net,CDN,"Amazon Technologies, Inc.",False
dd133.com,,,False
dd1j12fox2dpt.cloudfront.net,CDN,"Amazon Technologies, Inc.",False
dd1xbevqx.com,,,False
dd2uf5fe5fk8k.cloudfront.net,CDN,"Amazon Technologies, Inc.",False
dd48l91kmt0vm.cloudfront.net,CDN,"Amazon Technologies, Inc.",False
ddbi61rf09n38.cloudfront.net,CDN,"Amazon Technologies, Inc.",False
ddevwle288g1g.cloudfront.net,CDN,"Amazon Technologies, Inc.",False
ddgo12qsdxgsg.cloudfront.net,CDN,"Amazon Technologies, Inc.",False
ddhq.io,,,False
ddhr8cnn15jwp.cloudfront.net,CDN,"Amazon Technologies, Inc.",False
dditsadn.com,,,False
ddj464p7jcfth.cloudfront.net,CDN,"Amazon Technologies, Inc.",False
ddjh0q34m0xak.cloudfront.net,CDN,"Amazon Technologies, Inc.",False
ddkygzfucx6u2.cloudfront.net,CDN,"Amazon Technologies, Inc.",False
ddli.jp,,,False
ddlnk.net,,,False
ddmd4gl5w98cm.cloudfront.net,CDN,"Amazon Technologies, Inc.",False
ddmdp.net,,,False
ddoilb0obhima.cloudfront.net,CDN,"Amazon Technologies, Inc.",False
ddos-guard.net,,,False
ddot8dtmjltd9.cloudfront.net,CDN,"Amazon Technologies, Inc.",False
ddppjbdexhxzj.cloudfront.net,CDN,"Amazon Technologies, Inc.",False
ddrzk9l1602xb.cloudfront.net,CDN,"Amazon Technologies, Inc.",False
ddshopapps.com,,,False
ddtssxmlrziog.cloudfront.net,CDN,"Amazon Technologies, Inc.",False
dduzyekr68vsp.cloudfront.net,CDN,"Amazon Technologies, Inc.",False
ddwl4m2hdecbv.cloudfront.net,CDN,"Amazon Technologies, Inc.",False
de-v1.edgekey.net,,Akamai Technologies,False
de.akamaized.net,CDN,Akamai Technologies,False
de.edgekey.net,,Akamai Technologies,False
de.edgesuite.net,CDN,Akamai Technologies,False
de13na9x06b5h.cloudfront.net,CDN,"Amazon Technologies, Inc.",False
de17a.com,,Delta Projects AB,False
de2iq7g1nyh1n.cloudfront.net,CDN,"Amazon Technologies, Inc.",False
de2wfhoo6xqi5.cloudfront.net,CDN,"Amazon Technologies, Inc.",False
de317su9n8usd.cloudfront.net,CDN,"Amazon Technologies, Inc.",False
de3hbhx4opubc.cloudfront.net,CDN,"Amazon Technologies, Inc.",False
de5oyva307q89.cloudfront.net,CDN,"Amazon Technologies, Inc.",False
de68k6c4tyxv2.cloudfront.net,CDN,"Amazon Technologies, Inc.",False
de68skoxp89wj.cloudfront.net,CDN,"Amazon Technologies, Inc.",False
de9a11s35xj3d.cloudfront.net,CDN,"Amazon Technologies, Inc.",False
dead-put.com,,,False
deadbro.com,,,False
deadlinefunnel.com,,Cash Cow Marketing,False
dealdog.org,,,False
dealer-leads.ca,,,False
dealer-marketing-assets.s3.amazonaws.com,CDN,"Amazon Technologies, Inc.",False
dealer.com,,Dealer Dot Com Inc,False
dealeraccelerate.com,,,False
dealerbluesky.com,,,False
dealercarsearch.com,,,False
dealerinspire.com,,"THE ENDURANCE INTERNATIONAL GROUP, INC.",False
dealeron.com,,,False
dealerspike.com,,,False
dealerspike.net,,,False
dealertrack.com,,"Dealertrack, Inc",False
dealix.com,,,False
dealmoon.com.edgekey.net,,Akamai Technologies,False
deals.today,,,False
debatdirect.nl,,,False
debenhams.com,,Debenhams PLC,False
debjttahj7fgp.cloudfront.net,CDN,"Amazon Technologies, Inc.",False
debjz5zmmzbiq.cloudfront.net,CDN,"Amazon Technologies, Inc.",False
debonairdust.com,,"Leven Labs, Inc. DBA Admiral",False
debugbear.com,,,False
dec7d3bhqhbr2.cloudfront.net,CDN,"Amazon Technologies, Inc.",False
decagon.ai,,,False
decathlon.net,,,False
decentriq.com,,,False
decibelinsight.net,,Decibel Insight Ltd,False
decide.dev,,,False
decideads.com,,,False
decify.co,,,False
deckbox.org,,Leaping Frog Studios,False
decoims.com,,,False
decoratorsbest.myshopify.com,Analytics;CDN;Embedded Content;Online Payment,Shopify Inc.,False
decorilla.b-cdn.net,CDN,BunnyCDN,False
decovostatic.com,,,False
decsuite.com,,,False
deductgreedyheadroom.com,,,False
deep.bi,,,False
deepconverse.com,,DeepConverse,False
deeperdive.ai,,,False
deepintent.com,Ad Motivated Tracking;Advertising;Analytics;Audience Measurement,DeepIntent Inc,True
deepl.com,,DeepL GmbH,False
deeplink.ai,,,False
deepme.com,,,False
deere.com,,Deere and Company,False
deere.com.edgekey.net,,Akamai Technologies,False
deezer.com,,DEEZER,False
deezer.com.edgekey.net,,Akamai Technologies,False
defat5tbdv89g.cloudfront.net,CDN,"Amazon Technologies, Inc.",False
default.com,,,False
defence.gov.au,,Department of Defence,False
defense.gov,,,False
defractal.com,,,False
defzzdpxxvyfn.cloudfront.net,CDN,"Amazon Technologies, Inc.",False
degrouptest.com.edgesuite.net,CDN,Akamai Technologies,False
dehayf5mhw1h7.cloudfront.net,CDN,"Amazon Technologies, Inc.",False
delego-cloud.com,,,False
delfi.ee,,AS EKSPRESS MEEDIA,False
delight-custom-plugins.fly.dev,,,False
delight-custom-suttons.fly.dev,,,False
delight-vr.com,,,False
delightchat.io,,,False
delightchatmedia.com,,,False
deliman.net,,,False
deliverr.com,,,False
delivery-p121952-e1214068.adobeaemcloud.com,,,False
delivery-p163668-e1757693.adobeaemcloud.com,,,False
delivery-p28264-e87601.adobeaemcloud.com,,,False
delivery-p28264-e87620.adobeaemcloud.com,,,False
delivery-p45412-e200189.adobeaemcloud.com,,,False
deliverytimer.herokuapp.com,CDN,"Salesforce.com, Inc.",False
delivr.ai,,,False
delivra.com,,Delivra,False
delivrabl.net,,,False
delivrdsp.ai,,,False
dell.com,,Dell Inc.,False
dell.com.edgekey.net,,Akamai Technologies,False
dellcdn.com.akadns.net,CDN,Akamai Technologies,False
delmovip.com,,,False
delonghigroup.com,,,False
delta.com.edgekey.net,,Akamai Technologies,False
deltapictures.it,,,False
deltarockme.com,,,False
delti.com,,Delticom AG,False
deltraff.com,,,False
deluxe.com,,"Deluxe Enterprise Operations, LLC",False
dema.ai,,,False
demand.supply,,,False
demandbase.com,Action Pixels;Ad Motivated Tracking;Advertising;Analytics;Third-Party Analytics Marketing,"Demandbase, Inc.",True
demandforapps.com,,,False
demandingoverdriveunthread.com,,,False
demandscience.com,,,False
demandware.net,,"Salesforce.com, Inc.",False
demant.com,,,False
demdex.net,Ad Motivated Tracking;Advertising;Third-Party Analytics Marketing,Adobe Inc.,True
demiplane-prod-alb-apiv4-214761846.us-west-2.elb.amazonaws.com,CDN,"Amazon Technologies, Inc.",False
demirorenmedya.com,,,False
demoup.com,,,False
den-media.b-cdn.net,CDN,BunnyCDN,False
denakop.com,,,False
dend6g4sigg57.cloudfront.net,CDN,"Amazon Technologies, Inc.",False
dengage.com,,,False
denvergov.org,,City and County of Denver,False
deoint.com,,,False
dep-x.com,,MKT Media AB,False
departement06.fr,,,False
dependablemountain.com,,,False
dependent-boy.com,,,False
depict.ai,,,False
deployads.com,Ad Motivated Tracking;Advertising;Analytics,Snapsort Inc.,True
dept-meta-api.com,,,False
deqik.com,,,False
deqtua0jkphbw.cloudfront.net,CDN,"Amazon Technologies, Inc.",False
dermadoc.co.uk,,,False
dervmzniwgzon.cloudfront.net,CDN,"Amazon Technologies, Inc.",False
desandro.com,,,False
descope.com,,,False
descript-website.vercel.app,,,False
descuentoestudiantes.es,,,False
desekansr.com,,,False
deseret.com,,,False
design-packs.herokuapp.com,CDN,"Salesforce.com, Inc.",False
design.com,,,False
designedtorun.com,,,False
designerbrands.com,,,False
designingit.com,,,False
desimms.com.co,,,False
desipapa.xxx,,,False
desipapa.xyz,,,False
desisnack.com,,,False
desjardins.com,,Desjardins Group,False
desjardins.com.edgekey.net,,Akamai Technologies,False
deskline.net,,,False
destacamos.b-cdn.net,CDN,BunnyCDN,False
destination.one,,,False
destinilocators.com,,,False
destinysolutions.com,,,False
destygo.com,,,False
detailroi.com,,,False
details24group.com,,,False
detectdiscovery.com,,"Leven Labs, Inc. DBA Admiral",False
detik.net.id,,detik.com,False
detiknetwork.com,,,False
detoxifylagoonsnugness.com,,,False
detroittrading.com,,,False
deutsche-bank.de,,Deutsche Bank AG,False
deutschebahn.com,,Deutsche Bahn AG,False
dev-bayareafastrak.pantheonsite.io,,"Pantheon Systems, Inc.",False
dev-bcrfwp.pantheonsite.io,,"Pantheon Systems, Inc.",False
dev-nordicware.pantheonsite.io,,"Pantheon Systems, Inc.",False
devbroth.com,,,False
devcloudsoftware.com,,,False
devconops.com,,,False
devcycle.com,,,False
develic.com,,,False
developer-tripadvisor.s3.amazonaws.com,CDN,"Amazon Technologies, Inc.",False
development-preview.com,,,False
developpement-durable.gouv.fr,,,False
devforum-uploads.s3.dualstack.us-east-2.amazonaws.com,CDN,"Amazon Technologies, Inc.",False
deviantart.net,,deviantART,False
deviatetracking.com,,,False
deviceinfresolver.com,,,False
deviceprotect.eu,,,False
devils.xyz,,,False
devinci-media-prod.azureedge.net,CDN,Microsoft Corporation,False
devit.software,,,False
devmark.ba,,,False
devmg905sdk7b.cloudfront.net,CDN,"Amazon Technologies, Inc.",False
devproblems.b-cdn.net,CDN,BunnyCDN,False
devrev.ai,,,False
dewb2o4n4daau.cloudfront.net,CDN,"Amazon Technologies, Inc.",False
deweb-519a7.b-cdn.net,CDN,BunnyCDN,False
dex-analytics.pages.dev,,,False
dex.hu,,,False
dexcare.com,,,False
dexcom.com,,"Dexcom, Inc.",False
dexeqbeb7giwr.cloudfront.net,CDN,"Amazon Technologies, Inc.",False
dexerto.media,,,False
deyg0jst5sn50.cloudfront.net,CDN,"Amazon Technologies, Inc.",False
dezyktpp25vy8.cloudfront.net,CDN,"Amazon Technologies, Inc.",False
df0ckzbws1mq6.cloudfront.net,CDN,"Amazon Technologies, Inc.",False
df0fa2o170931.cloudfront.net,CDN,"Amazon Technologies, Inc.",False
df1ylstctskjh.cloudfront.net,CDN,"Amazon Technologies, Inc.",False
df45ay5pw60dy.cloudfront.net,CDN,"Amazon Technologies, Inc.",False
df5apg8r0m634.cloudfront.net,CDN,"Amazon Technologies, Inc.",False
df6yevl24pl4a.cloudfront.net,CDN,"Amazon Technologies, Inc.",False
df8ktd22484y1.cloudfront.net,CDN,"Amazon Technologies, Inc.",False
df8nroy20256x.cloudfront.net,CDN,"Amazon Technologies, Inc.",False
dfb.de,,Unas Media Productions,False
dfb6ncpmdiyiu.cloudfront.net,CDN,"Amazon Technologies, Inc.",False
dfbmfbnnydoln.cloudfront.net,CDN,"Amazon Technologies, Inc.",False
dfc3zvrx7ypm9.cloudfront.net,CDN,"Amazon Technologies, Inc.",False
dfds-pax-web.com,,,False
dff2h0hbfv6w4.cloudfront.net,CDN,"Amazon Technologies, Inc.",False
dfg1tz8260y0c.cloudfront.net,CDN,"Amazon Technologies, Inc.",False
dfh.dev,,,False
dfhd7onrywgnk.cloudfront.net,CDN,"Amazon Technologies, Inc.",False
dfht7c9lgb1wh.cloudfront.net,CDN,"Amazon Technologies, Inc.",False
dfjp7gc2z6ooe.cloudfront.net,CDN,"Amazon Technologies, Inc.",False
dfktv2.com,,,False
dfm0jp10ki2dt.cloudfront.net,CDN,"Amazon Technologies, Inc.",False
dfo.no,,,False
dfplayer.cc,,,False
dfvuzgpsen67.cloudfront.net,CDN,"Amazon Technologies, Inc.",False
dfwairport.mobi,,,False
dfx3b8kh89r3d.cloudfront.net,CDN,"Amazon Technologies, Inc.",False
dfxqtqxztmxwe.cloudfront.net,CDN,"Amazon Technologies, Inc.",False
dfy3oyzv6dw2d.cloudfront.net,CDN,"Amazon Technologies, Inc.",False
dg11h80te48kp.cloudfront.net,CDN,"Amazon Technologies, Inc.",False
dg2ov8s16kamv.cloudfront.net,CDN,"Amazon Technologies, Inc.",False
dg4y5y8rf5b7j.cloudfront.net,CDN,"Amazon Technologies, Inc.",False
dg9yx063wiiht.cloudfront.net,CDN,"Amazon Technologies, Inc.",False
dga.jp,,"Scala Communications, Inc.",False
dgdeepai.com,,,False
dge0js5d14rf.cloudfront.net,CDN,"Amazon Technologies, Inc.",False
dggn1tm4ns63h.cloudfront.net,CDN,"Amazon Technologies, Inc.",False
dgi0b8dmwg1i5.cloudfront.net,CDN,"Amazon Technologies, Inc.",False
dgiiayo0my1us.cloudfront.net,CDN,"Amazon Technologies, Inc.",False
dgjcoqnzn763b.cloudfront.net,CDN,"Amazon Technologies, Inc.",False
dgm6emf9ehtv6.cloudfront.net,CDN,"Amazon Technologies, Inc.",False
dgmyd9d14lbr9.cloudfront.net,CDN,"Amazon Technologies, Inc.",False
dgpcy4fyk1eox.cloudfront.net,CDN,"Amazon Technologies, Inc.",False
dgpot.com,,,False
dgs4zxq9i1f2.cloudfront.net,CDN,"Amazon Technologies, Inc.",False
dgshen.com,,,False
dgt-mmm.s3.us-west-2.amazonaws.com,CDN,"Amazon Technologies, Inc.",False
dgwlxezajnh25.cloudfront.net,CDN,"Amazon Technologies, Inc.",False
dh-cdn.net,,,False
dh0i9ryzlewh.cloudfront.net,CDN,"Amazon Technologies, Inc.",False
dh1qffasx9a3u.cloudfront.net,CDN,"Amazon Technologies, Inc.",False
dh2soa3um5g36.cloudfront.net,CDN,"Amazon Technologies, Inc.",False
dh36nblqpps8a.cloudfront.net,CDN,"Amazon Technologies, Inc.",False
dh8azcl753e1e.cloudfront.net,CDN,"Amazon Technologies, Inc.",False
dh977oaspp8vo.cloudfront.net,CDN,"Amazon Technologies, Inc.",False
dh9ezw8h8zemc.cloudfront.net,CDN,"Amazon Technologies, Inc.",False
dha92jo6cen2v.cloudfront.net,CDN,"Amazon Technologies, Inc.",False
dhatma.com,,,False
dhgate.com,,"CENTURY FUXUAN TECHNOLOGY DEVELOPMENT BEIJING CO,.LTD",False
dhiaws.com,,,False
dhigroupinc.com,,,False
dhjhkxawhe8q4.cloudfront.net,CDN,"Amazon Technologies, Inc.",False
dhjzyuno2vm0t.cloudfront.net,CDN,"Amazon Technologies, Inc.",False
dhl.com,,Deutsche Post AG,False
dhm0b56d5sivq.cloudfront.net,CDN,"Amazon Technologies, Inc.",False
dhqbrvplips7x.cloudfront.net,CDN,"Amazon Technologies, Inc.",False
dhresource.com,,Century Fuxuan Software & Technology Development (Beijing) Co. L,False
dhs.gov,,Department of Homeland Security,False
dhs16hb03hdos.cloudfront.net,CDN,"Amazon Technologies, Inc.",False
dhsl8p9ocex96.cloudfront.net,CDN,"Amazon Technologies, Inc.",False
dhtt2nmvztmk3.cloudfront.net,CDN,"Amazon Technologies, Inc.",False
dhvu905wjl8ow.cloudfront.net,CDN,"Amazon Technologies, Inc.",False
dhxuclscf8v46.cloudfront.net,CDN,"Amazon Technologies, Inc.",False
di-capt.com,,,False
di2ponv0v5otw.cloudfront.net,CDN,"Amazon Technologies, Inc.",False
di4ios9pju1a2.cloudfront.net,CDN,"Amazon Technologies, Inc.",False
di7b4gw2u10mc.cloudfront.net,CDN,"Amazon Technologies, Inc.",False
dia02f6n11b7j.cloudfront.net,CDN,"Amazon Technologies, Inc.",False
diabolocom.com,,,False
diagramjawlineunhappy.com,,,False
diagramweb.net,,,False
dial-once.com,,Dial Once Holdings Limited,False
dialogapi.no,,,False
dialogforum-demenz.de,,,False
dialoginsight.com,,,False
dialogintelligens.dk,,,False
dialogtrail.com,,,False
dialpad.com,,,False
diameterpractitioner.com,,,False
dianomi.com,,Dianomi Ltd,False
diariodeibiza.es,,,False
diasyrmunionic.com,,,False
dibspayment.eu,,,False
dibtau.b-cdn.net,CDN,BunnyCDN,False
dicebear.com,,,False
diceplatform.com,,,False
dicjnvrotht69.cloudfront.net,CDN,"Amazon Technologies, Inc.",False
dickssportinggoods.com.edgekey.net,,Akamai Technologies,False
diclotrans.com,,,False
did-electrical.myshopify.com,Analytics;CDN;Embedded Content;Online Payment,Shopify Inc.,False
didna.b-cdn.net,CDN,BunnyCDN,False
didna.io,,"DIDNA, INC.",False
die2d2secj49d.cloudfront.net,CDN,"Amazon Technologies, Inc.",False
diesel.com,,,False
dieselcrew.ch,,,False
dif9skveks77u.cloudfront.net,CDN,"Amazon Technologies, Inc.",False
difa7dxtv91ho.cloudfront.net,CDN,"Amazon Technologies, Inc.",False
diffuse.tools,,,False
digcnp.io,,,False
digdeo.net,,,False
digiaccess.org,,,False
digiadglobal.com,,,False
digicert.com,,"DigiCert, Inc.",False
digidip.net,,,False
digika.org,,,False
digikey.com,,Digi-Key Corporation,False
digikfplc.com,,,False
diginetica.net,,,False
digischool.io,,,False
digiseg.net,,,False
digislots.in,,,False
digismoothie.app,,,False
digistore24-scripts.com,,,False
digital-interview.com,,DMT Development Systems Group,False
digital-services.solutions,,,False
digital.go.jp,,,False
digital.gov,,U.S. General Services Administration,False
digital.gov.pt,,,False
digitalaudience.io,,Social Audience B.V.,False
digitalbox.workers.dev,,,False
digitalcaramel.com,,,False
digitalcitizen.ro,,,False
digitalclickstime.com,,,False
digitalcommerce-sitefinity-cdn-prod.azureedge.net,CDN,Microsoft Corporation,False
digitalcoo.com,,,False
digitalcx.com,,Elitech Group BV,False
digitaldrang.de,,,False
digitaleast.mobi,,Digital East GmbH,False
digitaleseiten.de,,,False
digitalfaststream.com,,,False
digitalfirstmedia.com,,"MediaNews Group, Inc",False
digitalfuelcapital.pages.dev,,,False
digitalfueloptimize.com,,,False
digitalgenius.com,,,False
digitalgov.gov,,U.S. General Services Administration,False
digitalhill.com,,,False
digitalmatter.ai,,,False
digitalmatter.services,,,False
digitalmeasures.com,,,False
digitalmomblog.b-cdn.net,CDN,BunnyCDN,False
digitaloceanspaces.com,CDN,"DigitalOcean, LLC",False
digitalpc.co,,,False
digitalpfizer.com,,,False
digitalscholarshipleiden.nl,,,False
digitaltarget.ru,,"LLC ""AmberData""",False
digitaltargetonline.com,,,False
digitalthrottle.com,,Digital Throttle LLC,False
digitaltools.nz,,,False
digitalvideoplatform.com,,,False
digitalwerksautomation.com,,,False
digitecgalaxus.ch,,Digitec Galaxus AG,False
digiteka.com,,,False
digittl.co,,,False
digocdn.com,,,False
dih366mmr3ko3.cloudfront.net,CDN,"Amazon Technologies, Inc.",False
dih8hcfsrgi2n.cloudfront.net,CDN,"Amazon Technologies, Inc.",False
dii1l7azi2kap.cloudfront.net,CDN,"Amazon Technologies, Inc.",False
dii8n7lga0ma3.cloudfront.net,CDN,"Amazon Technologies, Inc.",False
diio4ktyauzoe.cloudfront.net,CDN,"Amazon Technologies, Inc.",False
diks.fi,,,False
dillards.com.edgekey.net,,Akamai Technologies,False
diloe.xyz,,,False
dim0v33celeg8.cloudfront.net,CDN,"Amazon Technologies, Inc.",False
dimdi.de,,Deutsches Institut f. Medizinische Dokumentation und Information,False
dimelochat.com,,dimelo sas,False
dimensions.ai,,Digital Science Research Solutions Inc,False
dimml.io,,Nieme Beheer B.V.,False
dimwhp0w2rs83.cloudfront.net,CDN,"Amazon Technologies, Inc.",False
dinamalar.com.edgekey.net,,Akamai Technologies,False
dingeo.dk,,,False
dingxiang-inc.com,,"Beijing Dingxiang Technologies Co., Ltd.",False
diningandcooking.net,,,False
dinosaurgame.app,,,False
dintero.com,,,False
dipf.de,,Deutsches Institut fuer Internationale Paedagogische Forschung,False
dipi.online,,,False
dipr2nuwo661l.cloudfront.net,CDN,"Amazon Technologies, Inc.",False
diql6ne32i8sm.cloudfront.net,CDN,"Amazon Technologies, Inc.",False
directadvert.ru,,YENGO PTE. LTD,False
directavenue.tech,,,False
directededge.com,,,False
directferries.co.uk,,,False
directferries.com,,Direct Ferries Limited,False
directoryeditorweep.com,,,False
directus.app,,,False
direqt-search.com,,,False
direqt.ai,,,False
dirgyzwl2hnqq.cloudfront.net,CDN,"Amazon Technologies, Inc.",False
dirks-computerecke.de,,,False
dirtytube.site,,,False
dirxodmetui0i.cloudfront.net,CDN,"Amazon Technologies, Inc.",False
discomax.com,,,False
disconetwork.com,,,False
discord.com,,"Discord, Inc.",False
discordapp.com,,"Discord, Inc.",False
discounthuntapp.com,,,False
discountninja.io,,,False
discourse-cdn.com,,,False
discourse.org,,"Civilized Discourse Construction Kit, Inc.",False
discover.com,,DFS Services LLC,False
discover.com.edgekey.net,,Akamai Technologies,False
discovercars.com,,,False
discoverhealth.org,,,False
discoverstuff.com,,,False
discovertuscany.com,,,False
discoveruni.gov.uk,,,False
discoveruw.org,,,False
discovery.com,,"Warner Bros. Discovery, Inc.",False
discoverygreen.com,,,False
dish.com,,Dish Network LLC,False
dishcloud.io,,,False
diskpart.com,,,False
disney.com,,The Walt Disney Company,False
disney.com.edgekey.net,,Akamai Technologies,False
disneyaccount.com,,,False
disneylandparis.com.edgekey.net,,Akamai Technologies,False
disneytech.net,,,False
disneyworld.co.uk,,,False
display.b-cdn.net,CDN,BunnyCDN,False
displayvertising.com,,,False
disqus.com,Embedded Content;Federated Login;Social - Comment,"Disqus, Inc.",False
disquscdn.com,CDN;Embedded Content;Federated Login;Social - Comment,"Disqus, Inc.",False
disruptive.co,,,False
distrelec.com,,,False
distressbaby.com,,,False
distributednews.com,,Arial Software LLC,False
districtm.io,Ad Motivated Tracking;Advertising,District M Inc.,True
distrokid.com,,,False
disturbia.co.uk,,,False
ditfjx9w4x3vl.cloudfront.net,CDN,"Amazon Technologies, Inc.",False
diuifu5a8y6cf.cloudfront.net,CDN,"Amazon Technologies, Inc.",False
divaojzha9g87.cloudfront.net,CDN,"Amazon Technologies, Inc.",False
divecdn.com,,Industry Dive,False
divee.ai,,,False
divibot-web-us.pages.dev,,,False
dividendchannel.com,,,False
divisiondrearilyunfiled.com,,,False
dixa.io,,,False
dixftxf8xji1e.cloudfront.net,CDN,"Amazon Technologies, Inc.",False
dj0inbzuoz9g9.cloudfront.net,CDN,"Amazon Technologies, Inc.",False
dj1gbrcybu7s7.cloudfront.net,CDN,"Amazon Technologies, Inc.",False
dj1vv7wdb00km.cloudfront.net,CDN,"Amazon Technologies, Inc.",False
dj2hx6apm0rq.cloudfront.net,CDN,"Amazon Technologies, Inc.",False
dj370vm06al1l.cloudfront.net,CDN,"Amazon Technologies, Inc.",False
dj3fc4m823c2s.cloudfront.net,CDN,"Amazon Technologies, Inc.",False
dj3zhdrplxeyp.cloudfront.net,CDN,"Amazon Technologies, Inc.",False
dj5dehgem20mk.cloudfront.net,CDN,"Amazon Technologies, Inc.",False
dj7w0h47bhjwk.cloudfront.net,CDN,"Amazon Technologies, Inc.",False
dja5lqqkt944e.cloudfront.net,CDN,"Amazon Technologies, Inc.",False
djb6lbotcc8fq.cloudfront.net,CDN,"Amazon Technologies, Inc.",False
djdgafhfgbhgdaihaacc.world,,,False
dji.com,,,False
djicdn.com,,,False
djifuq89whkmd.cloudfront.net,CDN,"Amazon Technologies, Inc.",False
djiits.com,,,False
djiops.com,,,False
djiq0t3q9ss84.cloudfront.net,CDN,"Amazon Technologies, Inc.",False
djiservice.org,,,False
djjv506wynlbv.cloudfront.net,CDN,"Amazon Technologies, Inc.",False
djlactose.com,,D.J. Lactose Productions,False
djlzvy5xcvhxt.cloudfront.net,CDN,"Amazon Technologies, Inc.",False
djmdy76rhen7u.cloudfront.net,CDN,"Amazon Technologies, Inc.",False
djnf6e5yyirys.cloudfront.net,CDN,"Amazon Technologies, Inc.",False
djp9af49qpovy.cloudfront.net,CDN,"Amazon Technologies, Inc.",False
djqizrxa6f10j.cloudfront.net,CDN,"Amazon Technologies, Inc.",False
djqm2fvlgwm7v.cloudfront.net,CDN,"Amazon Technologies, Inc.",False
djrei8sv3f5aj.cloudfront.net,CDN,"Amazon Technologies, Inc.",False
djrm1xgo0kgwz.cloudfront.net,CDN,"Amazon Technologies, Inc.",False
djswk6500dziw.cloudfront.net,CDN,"Amazon Technologies, Inc.",False
dju674upsk1l0.cloudfront.net,CDN,"Amazon Technologies, Inc.",False
djuly1j3idynn.cloudfront.net,CDN,"Amazon Technologies, Inc.",False
djurfakta.com,,,False
djybie7epk338.cloudfront.net,CDN,"Amazon Technologies, Inc.",False
dk-v1.edgekey.net,,Akamai Technologies,False
dk.edgekey.net,,Akamai Technologies,False
dk.edgesuite.net,CDN,Akamai Technologies,False
dk0ezmej61jx5.cloudfront.net,CDN,"Amazon Technologies, Inc.",False
dk1mqhgwrx7zl.cloudfront.net,CDN,"Amazon Technologies, Inc.",False
dk2crtnz0ihw.cloudfront.net,CDN,"Amazon Technologies, Inc.",False
dk5d4tajy4btb.cloudfront.net,CDN,"Amazon Technologies, Inc.",False
dk6b3k1tp65m8.cloudfront.net,CDN,"Amazon Technologies, Inc.",False
dk8nafk1kle6o.cloudfront.net,CDN,"Amazon Technologies, Inc.",False
dk98ddgl0znzm.cloudfront.net,CDN,"Amazon Technologies, Inc.",False
dka575ofm4ao0.cloudfront.net,CDN,"Amazon Technologies, Inc.",False
dkanwzj5c2a3d.cloudfront.net,CDN,"Amazon Technologies, Inc.",False
dkbcpcob6xxyt.cloudfront.net,CDN,"Amazon Technologies, Inc.",False
dkdra.b-cdn.net,CDN,BunnyCDN,False
dkh.ch,,,False
dkkdet.net,,,False
dkmwanqs8banl.cloudfront.net,CDN,"Amazon Technologies, Inc.",False
dkov91l6wait7.cloudfront.net,CDN,"Amazon Technologies, Inc.",False
dkpklk99llpj0.cloudfront.net,CDN,"Amazon Technologies, Inc.",False
dkr2rmsityotp.cloudfront.net,CDN,"Amazon Technologies, Inc.",False
dkskyn6tqnjvs.cloudfront.net,CDN,"Amazon Technologies, Inc.",False
dku908hsqu5e8.cloudfront.net,CDN,"Amazon Technologies, Inc.",False
dkumiip2e9ary.cloudfront.net,CDN,"Amazon Technologies, Inc.",False
dkuxdes1npnv6.cloudfront.net,CDN,"Amazon Technologies, Inc.",False
dkv4t0b697h5v.cloudfront.net,CDN,"Amazon Technologies, Inc.",False
dkyhanv6paotz.cloudfront.net,CDN,"Amazon Technologies, Inc.",False
dl2h5dh9gdh9l.cloudfront.net,CDN,"Amazon Technologies, Inc.",False
dl4bu2iqlw3is.cloudfront.net,CDN,"Amazon Technologies, Inc.",False
dl4jz3rbrsfum.cloudfront.net,CDN,"Amazon Technologies, Inc.",False
dl5oelilihj3e.cloudfront.net,CDN,"Amazon Technologies, Inc.",False
dl6pgk4f88hky.cloudfront.net,CDN,"Amazon Technologies, Inc.",False
dla.group,,,False
dlcyks31rxhu3.cloudfront.net,CDN,"Amazon Technologies, Inc.",False
dldnbsu3zkxs.cloudfront.net,CDN,"Amazon Technologies, Inc.",False
dleuvcgxlyz71.cloudfront.net,CDN,"Amazon Technologies, Inc.",False
dlhg59ksjeb0y.cloudfront.net,CDN,"Amazon Technologies, Inc.",False
dli.dk,,,False
dliveedsbu429.cloudfront.net,CDN,"Amazon Technologies, Inc.",False
dljgw89u70jae.cloudfront.net,CDN,"Amazon Technologies, Inc.",False
dljv76ejlwdes.cloudfront.net,CDN,"Amazon Technologies, Inc.",False
dlkom58hxbyzv.cloudfront.net,CDN,"Amazon Technologies, Inc.",False
dlltl7trk.com,,,False
dlmzqu0i5tvum.cloudfront.net,CDN,"Amazon Technologies, Inc.",False
dlnvlq82isxsm.cloudfront.net,CDN,"Amazon Technologies, Inc.",False
dlowyryxl03bc.cloudfront.net,CDN,"Amazon Technologies, Inc.",False
dlp7ukpis68qw.cloudfront.net,CDN,"Amazon Technologies, Inc.",False
dlp93p00qw40g.cloudfront.net,CDN,"Amazon Technologies, Inc.",False
dlq00ggnjruqn.cloudfront.net,CDN,"Amazon Technologies, Inc.",False
dlron.us,,,False
dlrwebservice.com,,,False
dlsite.com,,"EISYS,Inc.",False
dlsite.jp,,"EISYS,Inc.",False
dlslhpkfqfglo.cloudfront.net,CDN,"Amazon Technologies, Inc.",False
dlsrqaj38ii11.cloudfront.net,CDN,"Amazon Technologies, Inc.",False
dlsungnhq2woq.cloudfront.net,CDN,"Amazon Technologies, Inc.",False
dltt.b-cdn.net,CDN,BunnyCDN,False
dlttx48mxf9m3.cloudfront.net,CDN,"Amazon Technologies, Inc.",False
dlv.de,,,False
dlvkyia8i4zmz.cloudfront.net,CDN,"Amazon Technologies, Inc.",False
dlxu0q5zrzfpv.cloudfront.net,CDN,"Amazon Technologies, Inc.",False
dlyx.eu,,,False
dlyyrzii9sh86.cloudfront.net,CDN,"Amazon Technologies, Inc.",False
dm-event.net,,Dailymotion SA,False
dm-io.com,,,False
dm-prd-marketing-public-alb-1769714201.eu-central-1.elb.amazonaws.com,CDN,"Amazon Technologies, Inc.",False
dm-static.com,,dm-drogerie markt GmbH + Co. KG,False
dm.de,,,False
dm00.com,,,False
dm19bi307wdcm.cloudfront.net,CDN,"Amazon Technologies, Inc.",False
dm2q9qfzyjfox.cloudfront.net,CDN,"Amazon Technologies, Inc.",False
dm6gyisv608l1.cloudfront.net,CDN,"Amazon Technologies, Inc.",False
dmc.systems,,,False
dmc1acwvwny3.cloudfront.net,CDN,"Amazon Technologies, Inc.",False
dmca.com,Badge;Non-Tracking,Digital Millennium Copyright Act Services Ltd.,False
dmcaplus.com,,,False
dmcdn-mediastream.work,,,False
dmcdn.net,,Dailymotion SA,False
dmdtrueidentity.com,,,False
dmedres.com,,,False
dmgmediaprivacy.co.uk,,,False
dmh335rjgi35c.cloudfront.net,CDN,"Amazon Technologies, Inc.",False
dmhnslc7yxcyq.cloudfront.net,CDN,"Amazon Technologies, Inc.",False
dmimzlu9yyxry.cloudfront.net,CDN,"Amazon Technologies, Inc.",False
dmirycczjpayd.cloudfront.net,CDN,"Amazon Technologies, Inc.",False
dmkux81prelwg.cloudfront.net,CDN,"Amazon Technologies, Inc.",False
dml.market,,,False
dmlbib3t9zwuc.cloudfront.net,CDN,"Amazon Technologies, Inc.",False
dmll8gi1vfsad.cloudfront.net,CDN,"Amazon Technologies, Inc.",False
dmm-extension.com,,,False
dmm.co.jp,,"DMM.com Co.,Ltd",False
dmm.com,,"DMM.com Co.,Ltd",False
dmmapis.com,,,False
dmmbko5yihiuc.cloudfront.net,CDN,"Amazon Technologies, Inc.",False
dmn.wpenginepowered.com,,,False
dmo4uffv4o5f1.cloudfront.net,CDN,"Amazon Technologies, Inc.",False
dmphfm7y70s9e.cloudfront.net,CDN,"Amazon Technologies, Inc.",False
dmpwow64jb5ov.cloudfront.net,CDN,"Amazon Technologies, Inc.",False
dmpxs.com,,"Hybrid Adtech, Inc.",False
dmqrytz2wnjog.cloudfront.net,CDN,"Amazon Technologies, Inc.",False
dmr096kci2yyx.cloudfront.net,CDN,"Amazon Technologies, Inc.",False
dmr4cx9clyd2y.cloudfront.net,CDN,"Amazon Technologies, Inc.",False
dmrh8ocyrmi1r.cloudfront.net,CDN,"Amazon Technologies, Inc.",False
dmt83xaifx31y.cloudfront.net,CDN,"Amazon Technologies, Inc.",False
dmtech.com,,,False
dmtgvn.com,,,False
dmti.b-cdn.net,CDN,BunnyCDN,False
dmvorg-tests.s3.amazonaws.com,CDN,"Amazon Technologies, Inc.",False
dmvs-apac.com,,,False
dmxhgf4zuwdvu.cloudfront.net,CDN,"Amazon Technologies, Inc.",False
dmxleo.com,Ad Motivated Tracking;Analytics;Embedded Content;Federated Login;Social - Share;Third-Party Analytics Marketing,Dailymotion SA,True
dmz3nd5oywtsw.cloudfront.net,CDN,"Amazon Technologies, Inc.",False
dmzjmp.com,,,False
dmzn2b8hkpq8b.cloudfront.net,CDN,"Amazon Technologies, Inc.",False
dn0qt3r0xannq.cloudfront.net,CDN,"Amazon Technologies, Inc.",False
dn1i8v75r669j.cloudfront.net,CDN,"Amazon Technologies, Inc.",False
dn666andut2j1.cloudfront.net,CDN,"Amazon Technologies, Inc.",False
dn6rwwtxa647p.cloudfront.net,CDN,"Amazon Technologies, Inc.",False
dn7zynlwi39kb.cloudfront.net,CDN,"Amazon Technologies, Inc.",False
dn83pagi6tlgl.cloudfront.net,CDN,"Amazon Technologies, Inc.",False
dna8twue3dlxq.cloudfront.net,CDN,"Amazon Technologies, Inc.",False
dnaindia.com.edgesuite.net,CDN,Akamai Technologies,False
dnan0fzjxntrj.cloudfront.net,CDN,"Amazon Technologies, Inc.",False
dnb.co.uk,,,False
dnb.com,,"Dun & Bradstreet, Inc.",False
dndbeyond.map.fastly.net,Action Pixels;Ad Motivated Tracking;Advertising;Analytics;CDN;Embedded Content;Session Replay;Third-Party Analytics Marketing,"Fastly, Inc.",True
dnf20ypvrc856.cloudfront.net,CDN,"Amazon Technologies, Inc.",False
dngroup.com,,,False
dnh7godotwp7m.cloudfront.net,CDN,"Amazon Technologies, Inc.",False
dnhcnb9q6pxc3.cloudfront.net,CDN,"Amazon Technologies, Inc.",False
dnigucguepwv1.cloudfront.net,CDN,"Amazon Technologies, Inc.",False
dnj5jeno5qarw.cloudfront.net,CDN,"Amazon Technologies, Inc.",False
dnm7v7agbcytc.cloudfront.net,CDN,"Amazon Technologies, Inc.",False
dnn4d5hjc782l.cloudfront.net,CDN,"Amazon Technologies, Inc.",False
dnn506yrbagrg.cloudfront.net,CDN,"Amazon Technologies, Inc.",False
dnnapi.com,,Aurea Software,False
dnqiyego67kkb.cloudfront.net,CDN,"Amazon Technologies, Inc.",False
dnrkqgofkyxg.cloudfront.net,CDN,"Amazon Technologies, Inc.",False
dns-finder.com,,,False
dns.google,,,False
dnsdelegation.io,,,False
dnse0.com,,,False
dnse1.com,,,False
dnse2.com,,,False
dnse5.com,,,False
dnsl4xr6unrmf.cloudfront.net,CDN,"Amazon Technologies, Inc.",False
dnsv1.com,,,False
dnsv1.com.cn,,,False
dnt-userreport.com,,,False
dnuaqhs941n75.cloudfront.net,CDN,"Amazon Technologies, Inc.",False
dnv04t2vyxwys.cloudfront.net,CDN,"Amazon Technologies, Inc.",False
dnwj8uus6qyn5.cloudfront.net,CDN,"Amazon Technologies, Inc.",False
dnxcloud.com,,,False
do0ne7yeju3uz.cloudfront.net,CDN,"Amazon Technologies, Inc.",False
do19vxnnln0jc.cloudfront.net,CDN,"Amazon Technologies, Inc.",False
do1jvmih5t6vs.cloudfront.net,CDN,"Amazon Technologies, Inc.",False
do1x4yougvme3.cloudfront.net,CDN,"Amazon Technologies, Inc.",False
do69ll745l27z.cloudfront.net,CDN,"Amazon Technologies, Inc.",False
do6sydhp1s299.cloudfront.net,CDN,"Amazon Technologies, Inc.",False
do8nop5ghszi3.cloudfront.net,CDN,"Amazon Technologies, Inc.",False
doan9yfi4ok1q.cloudfront.net,CDN,"Amazon Technologies, Inc.",False
doanmnosquori.cloudfront.net,CDN,"Amazon Technologies, Inc.",False
doavub8d2uzrx.cloudfront.net,CDN,"Amazon Technologies, Inc.",False
docaccess.com,,,False
doceree.com,,,False
dock-yard.io,,Holiday Extras,False
dockerstatic.com,,,False
dockerverse.com,,,False
docodoco.jp,,,False
docomo.ne.jp,,Nippon Telegraph and Telephone Corporation,False
docplanner.com,,,False
docs-lightburnsoftware-com.translate.goog,,Google LLC,False
docs-on-nextjs.netlify.app,,,False
docs.travel,,,False
docsbot.ai,,,False
docscores.com,,,False
doctena.com,,,False
doctify.com,,,False
doctolib.com,,,False
doctor.com,,,False
docu.info,,,False
docucdn-a.akamaihd.net,CDN,Akamai Technologies,False
docudetect.com,,,False
document360.io,,,False
documentcloud.org,,,False
docusign.com,,"DocuSign, Inc.",False
docusign.net,,,False
dodgyfactoidprecut.com,,,False
doe8xpdp7p23e.cloudfront.net,CDN,"Amazon Technologies, Inc.",False
doer.ar,,,False
doerd31l9oh9k.cloudfront.net,CDN,"Amazon Technologies, Inc.",False
doganburda.com,,,False
dogbedscentral.com,,,False
doitbest.com,,Do it Best Corp.,False
dojomojo.com,,,False
dokgyk36oh5cm.cloudfront.net,CDN,"Amazon Technologies, Inc.",False
dokl0y9joez4p.cloudfront.net,CDN,"Amazon Technologies, Inc.",False
dokumfe7mps0i.cloudfront.net,CDN,"Amazon Technologies, Inc.",False
dol.gov,,United States Department of Labor,False
dolcevita.com,,,False
dollargeneral.com.edgekey.net,,Akamai Technologies,False
dollartree.com,,"DOLLAR TREE STORES, INC.",False
dolli.cloud,,,False
dollsmktg.com,,,False
dolmv3q9e9skh.cloudfront.net,CDN,"Amazon Technologies, Inc.",False
dolphin.pub,,,False
dolphinsuite.com,,,False
domdog.io,,,False
domf5oio6qrcr.cloudfront.net,CDN,"Amazon Technologies, Inc.",False
dominos.com,,Domino's Pizza LLC,False
domlab.space,,,False
donatestock.com,,,False
donorbox.org,,Rebel Idealist,False
donordrive.com,,,False
donorschoose.net,,,False
donorsupport.co,,,False
dontgetflocked.com,,,False
doodcdn.io,,,False
doofinder.com,,Doofinder,False
doogma.com,,,False
door-commerce.co.uk,,,False
doorbell.io,,DOORBELL.IO LTD,False
doordash.team,,,False
doppiocdn.com,,,False
doppiocdn.live,,,False
doppiocdn.net,,,False
doqk4duwk0b77.cloudfront.net,CDN,"Amazon Technologies, Inc.",False
doratree.com,,,False
dorcel.com,,,False
dorcelclub.com,,Marc Dorcel SA,False
dorna.com,,,False
doserverless.co,,,False
dosignals.com,,,False
doskla.cz,,,False
dosomegood.ca,,,False
dostff.co,,,False
dostuff-assets.s3.amazonaws.com,CDN,"Amazon Technologies, Inc.",False
dostuffmedia.com,,Do512 LLC,False
dotaoutpost.com,,,False
dotcdn.io,,,False
dotcms.cloud,,,False
dotdigital-pages.com,,,False
dotdigital.com,,,False
doterra-prod-media1.s3.amazonaws.com,CDN,"Amazon Technologies, Inc.",False
dotgg.gg,,,False
dotmetrics.net,,Dotmetrics,False
dotmetrics.rocks,,,False
dotnxdomain.net,,,False
dotomi.com,Ad Motivated Tracking;Advertising,Conversant LLC,True
dotrockets.com,,,False
dotsply.com,,,False
dotsrv.com,,,False
doubao.com,,,False
double2.io,,,False
doubleclick.net,Ad Motivated Tracking;Advertising,Google LLC,True
doubleclick.uk.net,,,False
doublegras.com,,,False
doublesmart.nl,,,False
doublethedonation.com,,Double the Donation LLC,False
doubleverify.com,Ad Fraud;Ad Motivated Tracking;Advertising,DoubleVerify,True
doue7azjfjytg.cloudfront.net,CDN,"Amazon Technologies, Inc.",False
douglas-epp.edgekey.net,,Akamai Technologies,False
douglas.edgekey.net,,Akamai Technologies,False
doui4jqs03un3.cloudfront.net,CDN,"Amazon Technologies, Inc.",False
dov7r31oq5dkj.cloudfront.net,CDN,"Amazon Technologies, Inc.",False
dovemed-prod-k8s.s3.amazonaws.com,CDN,"Amazon Technologies, Inc.",False
dover-saddlery.myshopify.com,Analytics;CDN;Embedded Content;Online Payment,Shopify Inc.,False
dover.myshopify.com,Analytics;CDN;Embedded Content;Online Payment,Shopify Inc.,False
dow068lag04cv.cloudfront.net,CDN,"Amazon Technologies, Inc.",False
downdetector.com,,,False
download-video.akamaized.net,CDN,Akamai Technologies,False
downloaddirect.xyz,,,False
dowpznhhyvkm4.cloudfront.net,CDN,"Amazon Technologies, Inc.",False
doxcdn.com,,,False
doxhze3l6s7v9.cloudfront.net,CDN,"Amazon Technologies, Inc.",False
doy2mn9upadnk.cloudfront.net,CDN,"Amazon Technologies, Inc.",False
doyoudreamup.com,,DO YOU DREAM UP SAS,False
dp-cdn-css.b-cdn.net,CDN,BunnyCDN,False
dp-cdn-js.b-cdn.net,CDN,BunnyCDN,False
dp-cdn.b-cdn.net,CDN,BunnyCDN,False
dp05njpd97nf7.cloudfront.net,CDN,"Amazon Technologies, Inc.",False
dp095j4hxm8wf.cloudfront.net,CDN,"Amazon Technologies, Inc.",False
dp0wn1kjwhg75.cloudfront.net,CDN,"Amazon Technologies, Inc.",False
dp4d08nyzcasb.cloudfront.net,CDN,"Amazon Technologies, Inc.",False
dp8hsntg6do36.cloudfront.net,CDN,"Amazon Technologies, Inc.",False
dp8k5pf9le6li.cloudfront.net,CDN,"Amazon Technologies, Inc.",False
dp90k5g4lt33r.cloudfront.net,CDN,"Amazon Technologies, Inc.",False
dp9gb04t3zu07.cloudfront.net,CDN,"Amazon Technologies, Inc.",False
dp9jl1397yfvp.cloudfront.net,CDN,"Amazon Technologies, Inc.",False
dpa-infocom.net,,,False
dpa-sportslive.com,,,False
dpd.com,,GEOPOST SA,False
dpf4xtyayf6ug.cloudfront.net,CDN,"Amazon Technologies, Inc.",False
dpgm-pg-global.edgekey.net,,Akamai Technologies,False
dpgmedia.be,,Ringier AG,False
dpgmedia.cloud,,,False
dpgmedia.net,,,False
dpgmedia.nl,,Ringier AG,False
dpi750gwwdu2x.cloudfront.net,CDN,"Amazon Technologies, Inc.",False
dpit8l7f4al18.cloudfront.net,CDN,"Amazon Technologies, Inc.",False
dpiuebqq47c65.cloudfront.net,CDN,"Amazon Technologies, Inc.",False
dpiv53ynxpo8t.cloudfront.net,CDN,"Amazon Technologies, Inc.",False
dpliance.org,,,False
dpmsrv.com,,,False
dpq7c90tiq2jo.cloudfront.net,CDN,"Amazon Technologies, Inc.",False
dpqccnyr1royh.cloudfront.net,CDN,"Amazon Technologies, Inc.",False
dpualert-prod.azurewebsites.net,CDN,Microsoft Corporation,False
dpv85fgkqesen.cloudfront.net,CDN,"Amazon Technologies, Inc.",False
dpw4tdh0of7va.cloudfront.net,CDN,"Amazon Technologies, Inc.",False
dpwjbsxqtam5n.cloudfront.net,CDN,"Amazon Technologies, Inc.",False
dpxmedcity.net,,,False
dpy6euy18p2l8.cloudfront.net,CDN,"Amazon Technologies, Inc.",False
dpyc1a4jbbcu.cloudfront.net,CDN,"Amazon Technologies, Inc.",False
dpymaps1h0ms2.cloudfront.net,CDN,"Amazon Technologies, Inc.",False
dpzc6tq6gnp3d.cloudfront.net,CDN,"Amazon Technologies, Inc.",False
dq0jpe8685dh3.cloudfront.net,CDN,"Amazon Technologies, Inc.",False
dq33tynpwunh.cloudfront.net,CDN,"Amazon Technologies, Inc.",False
dq39wb6ico573.cloudfront.net,CDN,"Amazon Technologies, Inc.",False
dq3j1bsne36be.cloudfront.net,CDN,"Amazon Technologies, Inc.",False
dq4bh2q7nd2al.cloudfront.net,CDN,"Amazon Technologies, Inc.",False
dq5xxhnuehy8i.cloudfront.net,CDN,"Amazon Technologies, Inc.",False
dq7glvzi5j9b8.cloudfront.net,CDN,"Amazon Technologies, Inc.",False
dq7hkoiiauzvp.cloudfront.net,CDN,"Amazon Technologies, Inc.",False
dqbquby8d1wqj.cloudfront.net,CDN,"Amazon Technologies, Inc.",False
dqdorn48fkzil.cloudfront.net,CDN,"Amazon Technologies, Inc.",False
dqe4d8gk2d8je.cloudfront.net,CDN,"Amazon Technologies, Inc.",False
dqf5bb0eem6kl.cloudfront.net,CDN,"Amazon Technologies, Inc.",False
dqh479dn9vg99.cloudfront.net,CDN,"Amazon Technologies, Inc.",False
dqheie31fnqri.cloudfront.net,CDN,"Amazon Technologies, Inc.",False
dqk12cx597min.cloudfront.net,CDN,"Amazon Technologies, Inc.",False
dql0kil4zbruq.cloudfront.net,CDN,"Amazon Technologies, Inc.",False
dqmdf880r7641.cloudfront.net,CDN,"Amazon Technologies, Inc.",False
dqmjqkec1pls2.cloudfront.net,CDN,"Amazon Technologies, Inc.",False
dqmkg6hyfb890.cloudfront.net,CDN,"Amazon Technologies, Inc.",False
dqmqrqyj41v9g.cloudfront.net,CDN,"Amazon Technologies, Inc.",False
dqopq17pcxlr.cloudfront.net,CDN,"Amazon Technologies, Inc.",False
dqqkcz00dphdb.cloudfront.net,CDN,"Amazon Technologies, Inc.",False
dqst.io,,,False
dqunyhc9a7zem.cloudfront.net,CDN,"Amazon Technologies, Inc.",False
dqv940uav14rx.cloudfront.net,CDN,"Amazon Technologies, Inc.",False
dqxk30zurz390.cloudfront.net,CDN,"Amazon Technologies, Inc.",False
dqynl4wlhqwde.cloudfront.net,CDN,"Amazon Technologies, Inc.",False
dqzonr3xqrezv.cloudfront.net,CDN,"Amazon Technologies, Inc.",False
dr4qe3ddw9y32.cloudfront.net,CDN,"Amazon Technologies, Inc.",False
dr58mx4d40r1x.cloudfront.net,CDN,"Amazon Technologies, Inc.",False
dr5f3q9xndxll.cloudfront.net,CDN,"Amazon Technologies, Inc.",False
dr5lzfj5dsz15.cloudfront.net,CDN,"Amazon Technologies, Inc.",False
dr6.biz,,,False
draftkings.com.edgekey.net,,Akamai Technologies,False
dragonforms.com,,,False
dragonfru.it,,,False
dramaticdirection.com,,"Leven Labs, Inc. DBA Admiral",False
drbokep.cv,,,False
drbsyvvc8w6bs.cloudfront.net,CDN,"Amazon Technologies, Inc.",False
drbuho.net,,,False
drda.io,,,False
dream11.com,,,False
dreambroker.com,,,False
dreamdata.cloud,,,False
dreamlab.pl,Consent Management Platform,Ringier AG,False
dreamlake.io,,,False
dreamsdome.com,,,False
dreamserve.dev,,,False
dreamsunlimitedtravel.com,,,False
dressipi.com,,,False
dresslife.com,,,False
dressupgames.com,,,False
drexolo.info,,,False
drgi9xfhvf38z.cloudfront.net,CDN,"Amazon Technologies, Inc.",False
drh2y2ua6ta1u.cloudfront.net,CDN,"Amazon Technologies, Inc.",False
drhomeo.wpenginepowered.com,,,False
drhot3n912vl7.cloudfront.net,CDN,"Amazon Technologies, Inc.",False
dri19yoyqdtj0.cloudfront.net,CDN,"Amazon Technologies, Inc.",False
drift.com,Embedded Content,"Drift.com, Inc.",False
driftapi.com,,,False
driftingchef.com,,,False
driftrock.com,,,False
driftt.com,Analytics;Embedded Content;Third-Party Analytics Marketing,"Drift.com, Inc.",False
drimquop.com,,,False
dripuploads.com,,,False
drivecentric.com,,,False
drivehelix.com,,,False
drivek.es,,,False
drivemad.com,,,False
drivemad3.io,,,False
driveniq.com,,,False
driveportio.com,,,False
driverhugoverblown.com,,,False
driverreviews.com,,,False
drivespark.com,,,False
drivetheweb.com,,,False
drivetime.cloud,,,False
drivinggames.io,,,False
drlvdwmtel0e8.cloudfront.net,CDN,"Amazon Technologies, Inc.",False
drni585w1xknk.cloudfront.net,CDN,"Amazon Technologies, Inc.",False
droe39ww3ggxt.cloudfront.net,CDN,"Amazon Technologies, Inc.",False
drojnwchtdhuz.cloudfront.net,CDN,"Amazon Technologies, Inc.",False
drome6.com,,,False
dronesafetymap.com,,,False
drop-a-hint.fly.dev,,,False
dropahint.love,,,False
dropbox.com,CDN,"Dropbox, Inc",False
dropboxexperiment.com,,,False
dropboxstatic.com,,"Dropbox, Inc",False
dropboxusercontent.com,,"Dropbox, Inc",False
dropinblog.com,,,False
dropinblog.net,,,False
drouot.com,,,False
drsikh175pz36.cloudfront.net,CDN,"Amazon Technologies, Inc.",False
drtst.com,,,False
druidplatform-hs.com,,,False
druxxo.com,,,False
drw4n52t5nvb2.cloudfront.net,CDN,"Amazon Technologies, Inc.",False
drw9wwmte29z8.cloudfront.net,CDN,"Amazon Technologies, Inc.",False
drwgdblqzrfiz.cloudfront.net,CDN,"Amazon Technologies, Inc.",False
dry-effort.pro,,,False
drybz0i5z0vk4.cloudfront.net,CDN,"Amazon Technologies, Inc.",False
ds-aksb-a.akamaihd.net,CDN,Akamai Technologies,False
ds-cdn.com,,,False
ds-srv.net,,,False
ds-us-1.azureedge.net,CDN,Microsoft Corporation,False
ds0wlyksfn0sb.cloudfront.net,CDN,"Amazon Technologies, Inc.",False
ds1.nl,,,False
ds1hlj0wwv74x.cloudfront.net,CDN,"Amazon Technologies, Inc.",False
ds1s8h254cjb8.cloudfront.net,CDN,"Amazon Technologies, Inc.",False
ds27if7u2on5b.cloudfront.net,CDN,"Amazon Technologies, Inc.",False
ds33.fr,,,False
dsacdnpk.net.edgesuite.net,CDN,Akamai Technologies,False
dsadghrthysdfadwr3sdffsdaghedsa2gf.xyz,,,False
dsaflaticon.com.edgesuite.net,CDN,Akamai Technologies,False
dsail-tech.com,,,False
dsas-load-balancer-909258194.ap-northeast-2.elb.amazonaws.com,CDN,"Amazon Technologies, Inc.",False
dsaywi.com,,,False
dsbahmgppc0j4.cloudfront.net,CDN,"Amazon Technologies, Inc.",False
dscaa8i9xzsr.cloudfront.net,CDN,"Amazon Technologies, Inc.",False
dscgirls.live,,,False
dscienct.b-cdn.net,CDN,BunnyCDN,False
dscjnr.com,,,False
dscm.li,,,False
dscmih.com,,,False
dscrutpyu4zff.cloudfront.net,CDN,"Amazon Technologies, Inc.",False
dscsrv.com,,,False
dsdf12tegbpj1.cloudfront.net,CDN,"Amazon Technologies, Inc.",False
dsflwc6dfqx7e.cloudfront.net,CDN,"Amazon Technologies, Inc.",False
dsfoc4fasp8u8.cloudfront.net,CDN,"Amazon Technologies, Inc.",False
dsgvgw.com,,,False
dsgwoa.com,,,False
dsh6y5eym1jrl.cloudfront.net,CDN,"Amazon Technologies, Inc.",False
dsh7ky7308k4b.cloudfront.net,CDN,"Amazon Technologies, Inc.",False
dshrp.com,,,False
dshsxy.com,,,False
dsirz9wgt70et.cloudfront.net,CDN,"Amazon Technologies, Inc.",False
dskbank.bg,,,False
dslcdd.com,,,False
dslntlv9vhjr4.cloudfront.net,CDN,"Amazon Technologies, Inc.",False
dsm6434ofz29m.cloudfront.net,CDN,"Amazon Technologies, Inc.",False
dsms0mj1bbhn4.cloudfront.net,CDN,"Amazon Technologies, Inc.",False
dsn2aylja54x8.cloudfront.net,CDN,"Amazon Technologies, Inc.",False
dsnirj.com,,,False
dsnmip.com,,,False
dsovfdrv56006.cloudfront.net,CDN,"Amazon Technologies, Inc.",False
dsppx1.com,,,False
dspx.tv,,Online Solution Int Ltd,False
dsq34wkq3h3j7.cloudfront.net,CDN,"Amazon Technologies, Inc.",False
dsqdbi.com,,,False
dsspn.com,,,False
dstik9906m659.cloudfront.net,CDN,"Amazon Technologies, Inc.",False
dstillery.com,,Dstillery Inc.,False
dsw.com,,DSW Inc.,False
dswrqh.com,,,False
dszqfx.com,,,False
dt-prod-harvester-api.azurewebsites.net,CDN,Microsoft Corporation,False
dt.fox,,,False
dt18dyft2o7aw.cloudfront.net,CDN,"Amazon Technologies, Inc.",False
dt2sdf0db8zob.cloudfront.net,CDN,"Amazon Technologies, Inc.",False
dt30d5alok66j.cloudfront.net,CDN,"Amazon Technologies, Inc.",False
dt5602vnjxv0c.cloudfront.net,CDN,"Amazon Technologies, Inc.",False
dt5ybsiymktit.cloudfront.net,CDN,"Amazon Technologies, Inc.",False
dt7rwbfxbcpp5.cloudfront.net,CDN,"Amazon Technologies, Inc.",False
dt7t14bzf86l2.cloudfront.net,CDN,"Amazon Technologies, Inc.",False
dtasrvr.com,,,False
dtbbd8q2v6lf9.cloudfront.net,CDN,"Amazon Technologies, Inc.",False
dtbhub.co.uk,,,False
dtblt.com,,,False
dtcfq1si34sn1.cloudfront.net,CDN,"Amazon Technologies, Inc.",False
dtcmediainternet.nl,,,False
dte4w9rarhnpc.cloudfront.net,CDN,"Amazon Technologies, Inc.",False
dte6rvvmms0h2.cloudfront.net,CDN,"Amazon Technologies, Inc.",False
dtecht.b-cdn.net,CDN,BunnyCDN,False
dtfpmt4ju59me.cloudfront.net,CDN,"Amazon Technologies, Inc.",False
dticash.com,,,False
dtjjrogd84wb9.cloudfront.net,CDN,"Amazon Technologies, Inc.",False
dtlr.io,,,False
dtn.com,,,False
dtn7e3ed8h1x6.cloudfront.net,CDN,"Amazon Technologies, Inc.",False
dtn7rvxwwlhud.cloudfront.net,CDN,"Amazon Technologies, Inc.",False
dtnl-free-pro-business-plans.workers.dev,,,False
dtpmhvbsmffsz.cloudfront.net,CDN,"Amazon Technologies, Inc.",False
dtpwvruv8ddnl.cloudfront.net,CDN,"Amazon Technologies, Inc.",False
dtrs3cw930jcr.cloudfront.net,CDN,"Amazon Technologies, Inc.",False
dtry6mfsxodry.cloudfront.net,CDN,"Amazon Technologies, Inc.",False
dtscdn.com,,DTS Technology,False
dtscout.com,Ad Motivated Tracking;Advertising;Analytics,DTS Technology,True
dtsedge.com,,,False
dtssrv.com,,DTS Technology,False
dtstmaws.com,,,False
dtstmio.com,,NaviStone,False
dttq.net,,Impact,False
dttrpx.com,,,False
dtvcdn.com,,,False
dtyc0x31ztp23.cloudfront.net,CDN,"Amazon Technologies, Inc.",False
dtyry4ejybx0.cloudfront.net,CDN,"Amazon Technologies, Inc.",False
dtzbdy9anri2p.cloudfront.net,CDN,"Amazon Technologies, Inc.",False
dtzqq07xocirs.cloudfront.net,CDN,"Amazon Technologies, Inc.",False
du1b3vb35hc0o.cloudfront.net,CDN,"Amazon Technologies, Inc.",False
du39wayrouipc.cloudfront.net,CDN,"Amazon Technologies, Inc.",False
du3ras3sqkyhu.cloudfront.net,CDN,"Amazon Technologies, Inc.",False
du4dv89wgxa89.cloudfront.net,CDN,"Amazon Technologies, Inc.",False
du66ttpehq3tn.cloudfront.net,CDN,"Amazon Technologies, Inc.",False
du7og6xf61837.cloudfront.net,CDN,"Amazon Technologies, Inc.",False
dualshockersimages.com,,,False
dualsidedapp.com,,,False
dub.co,,,False
dubcdn.com,,,False
dubxec07lyie0.cloudfront.net,CDN,"Amazon Technologies, Inc.",False
duc2088xyej99.cloudfront.net,CDN,"Amazon Technologies, Inc.",False
duckduckgo.com,Non-Tracking,"Duck Duck Go, Inc.",False
duckduckgogg42xjoc72x3sjasowoarfbgcmvfimaftt6twagswzczad.onion,,,False
duckmath.org,,,False
duckswire.com,,,False
dudamobile.com,,Duda Inc.,False
dueacx7yprkk6.cloudfront.net,CDN,"Amazon Technologies, Inc.",False
duel.me,,,False
duettoresearch.com,,,False
dugwood.com,,SARL Yamaboushi,False
dujantdza7z0f.cloudfront.net,CDN,"Amazon Technologies, Inc.",False
duke-energy.com.edgekey.net,,Akamai Technologies,False
duke.edu,,Duke University,False
dukehealth.org,,Duke University Health System,False
dukli0yp21xh7.cloudfront.net,CDN,"Amazon Technologies, Inc.",False
duministeredelaculture.fr,,,False
dummyimage.com,,,False
dumpert.nl,,,False
dumy1g3ng547g.cloudfront.net,CDN,"Amazon Technologies, Inc.",False
duns100.co.il,,,False
dunsregistered.com,,"Dun & Bradstreet, Inc.",False
duobjhv4bg3vm.cloudfront.net,CDN,"Amazon Technologies, Inc.",False
duodecim.fi,,Suomalainen Laakariseura Duodecim ry,False
duolingo.ghost.io,,,False
dupn1x3itydp.cloudfront.net,CDN,"Amazon Technologies, Inc.",False
duqsxl0js9p7t.cloudfront.net,CDN,"Amazon Technologies, Inc.",False
duqxeuamtxye2.cloudfront.net,CDN,"Amazon Technologies, Inc.",False
dur6j2vsxig3l.cloudfront.net,CDN,"Amazon Technologies, Inc.",False
durationmedia.net,,Duration Media LLC,False
durchsichtig.xyz,,,False
durkapjwi0baa.cloudfront.net,CDN,"Amazon Technologies, Inc.",False
dusk-magazine.com,,,False
dustin.eu,,Dustin Sverige AB,False
dutks0b58iw6s.cloudfront.net,CDN,"Amazon Technologies, Inc.",False
duub18q4ldcdx.cloudfront.net,CDN,"Amazon Technologies, Inc.",False
duube1y6ojsji.cloudfront.net,CDN,"Amazon Technologies, Inc.",False
duvq7ua50whdw.cloudfront.net,CDN,"Amazon Technologies, Inc.",False
duwriicdzpsrh.cloudfront.net,CDN,"Amazon Technologies, Inc.",False
duyn491kcolsw.cloudfront.net,CDN,"Amazon Technologies, Inc.",False
dv.edgekey.net,,Akamai Technologies,False
dv.tech,,,False
dv029lna244z6.cloudfront.net,CDN,"Amazon Technologies, Inc.",False
dv4antsa8vzjh.cloudfront.net,CDN,"Amazon Technologies, Inc.",False
dv5qtcmb1wedp.cloudfront.net,CDN,"Amazon Technologies, Inc.",False
dv8uf76kaibov.cloudfront.net,CDN,"Amazon Technologies, Inc.",False
dva1blx501zrw.cloudfront.net,CDN,"Amazon Technologies, Inc.",False
dvagh3p3rk8xj.cloudfront.net,CDN,"Amazon Technologies, Inc.",False
dvbv96fvxd6o6.cloudfront.net,CDN,"Amazon Technologies, Inc.",False
dvdfab.me,,,False
dvdl.net,,KNPB MEDIA B.V.,False
dvfozymoe73.cloudfront.net,CDN,"Amazon Technologies, Inc.",False
dvgroup.com,,,False
dvidshub.net,,Defense Media Activity,False
dvoddu1zuaybw.cloudfront.net,CDN,"Amazon Technologies, Inc.",False
dvq55cokkxi8s.cloudfront.net,CDN,"Amazon Technologies, Inc.",False
dvr1tqe2n5gnv.cloudfront.net,CDN,"Amazon Technologies, Inc.",False
dvract3a1itr1.cloudfront.net,CDN,"Amazon Technologies, Inc.",False
dvtuw1sdeyetv.cloudfront.net,CDN,"Amazon Technologies, Inc.",False
dvuicsca6di2c.cloudfront.net,CDN,"Amazon Technologies, Inc.",False
dvv9jt2zg9j70.cloudfront.net,CDN,"Amazon Technologies, Inc.",False
dvxibnalv7pan.cloudfront.net,CDN,"Amazon Technologies, Inc.",False
dw-drums.myshopify.com,Analytics;CDN;Embedded Content;Online Payment,Shopify Inc.,False
dw.com.edgekey.net,,Akamai Technologies,False
dw0co1l755x1v.cloudfront.net,CDN,"Amazon Technologies, Inc.",False
dw2-1074197477.us-east-2.elb.amazonaws.com,CDN,"Amazon Technologies, Inc.",False
dw2zi1mccy3kw.cloudfront.net,CDN,"Amazon Technologies, Inc.",False
dw34f6j28ztbs.cloudfront.net,CDN,"Amazon Technologies, Inc.",False
dw6cg.x.incapdns.net,CDN,Imperva Inc.,False
dw6vol2k7d4iu.cloudfront.net,CDN,"Amazon Technologies, Inc.",False
dw8ktnn3r32sp.cloudfront.net,CDN,"Amazon Technologies, Inc.",False
dw9to29mmj727.cloudfront.net,CDN,"Amazon Technologies, Inc.",False
dwai.workers.dev,,,False
dwbdlx3vg8xo8.cloudfront.net,CDN,"Amazon Technologies, Inc.",False
dwcdn.net,,Datawrapper GmbH,False
dwd8g1hgth31a.cloudfront.net,CDN,"Amazon Technologies, Inc.",False
dwdqz3611m4qq.cloudfront.net,CDN,"Amazon Technologies, Inc.",False
dwewvt1ucmykr.cloudfront.net,CDN,"Amazon Technologies, Inc.",False
dwgyu36up6iuz.cloudfront.net,CDN,"Amazon Technologies, Inc.",False
dwin1.com,Ad Motivated Tracking;Advertising;Analytics,Awin AG,True
dwin2.com,,Awin AG,False
dwnfco82x8uow.cloudfront.net,CDN,"Amazon Technologies, Inc.",False
dwpt1kkww6vki.cloudfront.net,CDN,"Amazon Technologies, Inc.",False
dwptxtcjzzofa.cloudfront.net,CDN,"Amazon Technologies, Inc.",False
dwrmail.com,,,False
dws.de,,,False
dws.edgekey.net,,Akamai Technologies,False
dwtd20pyu792j.cloudfront.net,CDN,"Amazon Technologies, Inc.",False
dwtr67e3ikfml.cloudfront.net,CDN,"Amazon Technologies, Inc.",False
dwuve4jqqfp9f.cloudfront.net,CDN,"Amazon Technologies, Inc.",False
dx-live-alb-websockets-169764157.eu-west-1.elb.amazonaws.com,CDN,"Amazon Technologies, Inc.",False
dx-us-prod-alb-breaking-news-1689236317.eu-west-1.elb.amazonaws.com,CDN,"Amazon Technologies, Inc.",False
dx0dyd9jru7i3.cloudfront.net,CDN,"Amazon Technologies, Inc.",False
dx0qysuen8cbs.cloudfront.net,CDN,"Amazon Technologies, Inc.",False
dx1g5rw0slzx6.cloudfront.net,CDN,"Amazon Technologies, Inc.",False
dx1gkwb6s79ss.cloudfront.net,CDN,"Amazon Technologies, Inc.",False
dx1jnutmq8eo6.cloudfront.net,CDN,"Amazon Technologies, Inc.",False
dx20uovbrp5fn.cloudfront.net,CDN,"Amazon Technologies, Inc.",False
dx35vtwkllhj9.cloudfront.net,CDN,"Amazon Technologies, Inc.",False
dx8um8x08u61i.cloudfront.net,CDN,"Amazon Technologies, Inc.",False
dxcjsdn9zwul4.cloudfront.net,CDN,"Amazon Technologies, Inc.",False
dxe4znm86fcz6.cloudfront.net,CDN,"Amazon Technologies, Inc.",False
dxideirskj13n.cloudfront.net,CDN,"Amazon Technologies, Inc.",False
dxjfm8l6bhxze.cloudfront.net,CDN,"Amazon Technologies, Inc.",False
dxkqbun227vd2.cloudfront.net,CDN,"Amazon Technologies, Inc.",False
dxkulture.com,,,False
dxlive.com,,,False
dxltb3n5j8l6j.cloudfront.net,CDN,"Amazon Technologies, Inc.",False
dxlyr3ctmxphy.cloudfront.net,CDN,"Amazon Technologies, Inc.",False
dxmcdn.com,,,False
dxmdp.com,,,False
dxn.no,,,False
dxpapi.com,,"Bloomreach, Inc.",False
dxpbzjet311ss.cloudfront.net,CDN,"Amazon Technologies, Inc.",False
dxpvkbqskm3b1.cloudfront.net,CDN,"Amazon Technologies, Inc.",False
dxrb98nl6trj2.cloudfront.net,CDN,"Amazon Technologies, Inc.",False
dxrcssgvbj18q.cloudfront.net,CDN,"Amazon Technologies, Inc.",False
dxtb4oypo05x8.cloudfront.net,CDN,"Amazon Technologies, Inc.",False
dxtech.ai,,,False
dxussota4xxo7.cloudfront.net,CDN,"Amazon Technologies, Inc.",False
dxv0kh7euhy9z.cloudfront.net,CDN,"Amazon Technologies, Inc.",False
dxx6dzqf8zq9y.cloudfront.net,CDN,"Amazon Technologies, Inc.",False
dxy1ty5goh8sk.cloudfront.net,CDN,"Amazon Technologies, Inc.",False
dy-api.com,,,False
dy-api.eu,,,False
dy0547jgde5tq.cloudfront.net,CDN,"Amazon Technologies, Inc.",False
dy0g72soyvmgq.cloudfront.net,CDN,"Amazon Technologies, Inc.",False
dy2j7zawvtj7i.cloudfront.net,CDN,"Amazon Technologies, Inc.",False
dy5vgx5yyjho5.cloudfront.net,CDN,"Amazon Technologies, Inc.",False
dy6g3i6a1660s.cloudfront.net,CDN,"Amazon Technologies, Inc.",False
dy9y1w530n821.cloudfront.net,CDN,"Amazon Technologies, Inc.",False
dyc4lohc2k3ue.cloudfront.net,CDN,"Amazon Technologies, Inc.",False
dycdn.net,,,False
dydr96mqa56zl.cloudfront.net,CDN,"Amazon Technologies, Inc.",False
dyfskemruo6br.cloudfront.net,CDN,"Amazon Technologies, Inc.",False
dygtyjqp7pi0m.cloudfront.net,CDN,"Amazon Technologies, Inc.",False
dyjg2vowqnzcn.cloudfront.net,CDN,"Amazon Technologies, Inc.",False
dykgnirp4nit5.cloudfront.net,CDN,"Amazon Technologies, Inc.",False
dyn-rev.app,,,False
dyn76zdnulrh6.cloudfront.net,CDN,"Amazon Technologies, Inc.",False
dynabic.com,,,False
dynamatics.app,,,False
dynamiccontentmanager.com,,,False
dynamics.com,,Microsoft Corporation,False
dynamics.net,,,False
dynamics365commerce.ms,,,False
dynamicyield.com,Analytics;Audience Measurement;Embedded Content;Third-Party Analytics Marketing,Dynamic Yield,False
dynamixhost.net,,,False
dynasort.io,,,False
dynatrace-managed.com,,Dynatrace LLC,False
dynatrace.com,,Dynatrace LLC,False
dynaweb.net,,,False
dynotech.io,,,False
dynspt.com,,,False
dynstc.com,,,False
dyntrk.com,Ad Fraud;Ad Motivated Tracking;Advertising;Audience Measurement,DynAdmic,True
dynxppwuf7cy9.cloudfront.net,CDN,"Amazon Technologies, Inc.",False
dyp59ahtojebi.cloudfront.net,CDN,"Amazon Technologies, Inc.",False
dypzq6aekbu6m.cloudfront.net,CDN,"Amazon Technologies, Inc.",False
dyrjjr17pzc7p.cloudfront.net,CDN,"Amazon Technologies, Inc.",False
dyson.com,,Dyson Ltd,False
dyson.com.au,,,False
dyson.de,,Dyson Ltd,False
dyson.video,,,False
dysoncanada.ca,,,False
dyuszqdfuyvqq.cloudfront.net,CDN,"Amazon Technologies, Inc.",False
dyv1bugovvq1g.cloudfront.net,CDN,"Amazon Technologies, Inc.",False
dyv6f9ner1ir9.cloudfront.net,CDN,"Amazon Technologies, Inc.",False
dz1gvo2teqbkn.cloudfront.net,CDN,"Amazon Technologies, Inc.",False
dz3we2x72f7ol.cloudfront.net,CDN,"Amazon Technologies, Inc.",False
dz4x05g6l8dnl.cloudfront.net,CDN,"Amazon Technologies, Inc.",False
dz6epf9eac533.cloudfront.net,CDN,"Amazon Technologies, Inc.",False
dz8eesk2qtdx3.cloudfront.net,CDN,"Amazon Technologies, Inc.",False
dz8jpem25iqy4.cloudfront.net,CDN,"Amazon Technologies, Inc.",False
dz9xwtaqyuzrw.cloudfront.net,CDN,"Amazon Technologies, Inc.",False
dza2a2ql7zktf.cloudfront.net,CDN,"Amazon Technologies, Inc.",False
dza2ku99396d4.cloudfront.net,CDN,"Amazon Technologies, Inc.",False
dzcdn.net,,DEEZER,False
dzdbhqmkjyks3.cloudfront.net,CDN,"Amazon Technologies, Inc.",False
dzen.ru,,VK Company Ltd.,False
dzikgp1cbyzu4.cloudfront.net,CDN,"Amazon Technologies, Inc.",False
dziv19ebpbra7.cloudfront.net,CDN,"Amazon Technologies, Inc.",False
dzjnlsk4rxci0.cloudfront.net,CDN,"Amazon Technologies, Inc.",False
dzk67ltvldn2u.cloudfront.net,CDN,"Amazon Technologies, Inc.",False
dzkox4o2l91n3.cloudfront.net,CDN,"Amazon Technologies, Inc.",False
dzldsr7v8jc7j.cloudfront.net,CDN,"Amazon Technologies, Inc.",False
dznwuy6xc723h.cloudfront.net,CDN,"Amazon Technologies, Inc.",False
dzpqn9b42ruva.cloudfront.net,CDN,"Amazon Technologies, Inc.",False
dzvwd8wxognhf.cloudfront.net,CDN,"Amazon Technologies, Inc.",False
dzz1zjxa9ulpk.cloudfront.net,CDN,"Amazon Technologies, Inc.",False
e-goi.com,,,False
e-i.com,,Europeenne de Traitement de l'Information SAS,False
e-mrs.fr,,,False
e-pfg.ca,,,False
e-photos.net,,,False
e-planning.net,Ad Motivated Tracking;Advertising,Teroa S.A.,True
e-recht24.de,,eRecht24 - Karsten Fernkorn & Soeren Siebert,False
e-spirit.cloud,,,False
e-volution.ai,,Evolution Technologies INC.,False
e.akamai.net,CDN,Akamai Technologies,False
e.leclerc,,,False
e.sni.global.fastly.net,Action Pixels;Ad Motivated Tracking;Advertising;Analytics;CDN;Embedded Content;Session Replay;Third-Party Analytics Marketing,"Fastly, Inc.",True
e163621.edgekey.net,,Akamai Technologies,False
e18bd7-38.myshopify.com,Analytics;CDN;Embedded Content;Online Payment,Shopify Inc.,False
e2hzx73kebq.b-cdn.net,CDN,BunnyCDN,False
e2ma.net,,Emma Inc.,False
e3f442.myshopify.com,Analytics;CDN;Embedded Content;Online Payment,Shopify Inc.,False
e3fbosf1tz3d.xyz,,,False
e54b.net,,,False
ea3.com.edgekey.net,,Akamai Technologies,False
ea5.com.edgekey.net,,Akamai Technologies,False
eab.com,,,False
eabids.com,,,False
eacefitness.com,,,False
eacla.com,,,False
eadv.it,,,False
eagle-insight.com,,,False
eaglecable.net,,,False
eaglecdn.com,,Obshchestvo s ogranichennoj otvetstvennostyu Videologiya,False
eaglewebservices.com,,,False
eamexotic.com,,,False
eardropcurls.com,,,False
early-birds.fr,,TMSW - TOUT MON SITE WEB,False
earlybreastcancer.com,,,False
earlygamecdn.com,,,False
earmuffpostnasalrisotto.com,,,False
earringsatisfiedsplice.com,,,False
earthengine.googleapis.com,CDN;Embedded Content,Google LLC,False
earthlink.com,,,False
easebar.com,,"NetEase, Inc.",False
easemob.com,,"Beijing Yismobo Network Technology Co., Ltd.",False
easeus.com,,,False
easrv.cl,,,False
eastcontent.top,,,False
eastidahocareers.com,,,False
eastprodcdn.azureedge.net,CDN,Microsoft Corporation,False
eastsideapps.io,,,False
eastsideco.io,,,False
easttennessee.jobs,,,False
easttennesseeservices.com,,,False
eastus-01.azurewebsites.net,CDN,Microsoft Corporation,False
easy-ad.no,,Schibsted Media Group,False
easy-ads.com,,Schibsted Media Group,False
easy-image-mapper.herokuapp.com,CDN,"Salesforce.com, Inc.",False
easyappsecom.com,,,False
easybrain.com,,Easybrain Ltd,False
easycredit.de,,,False
easydmp.net,,EMATCH,False
easyexport.net,,,False
easygdpr.b-cdn.net,CDN,BunnyCDN,False
easygds.com,,,False
easyliveauction.com,,,False
easylockdownapp.com,,,False
easyquote.pw,,,False
easyredir.net,,,False
easysitelabs.my,,,False
easystudentdiscounts.com,,,False
easyupsellapp.com,,,False
eaton.com.edgekey.net,,Akamai Technologies,False
eba-2juqwyi2.us-east-1.elasticbeanstalk.com,CDN,"Amazon Technologies, Inc.",False
eba-akngjzsh.us-east-1.elasticbeanstalk.com,CDN,"Amazon Technologies, Inc.",False
eba-daqhhftz.us-east-1.elasticbeanstalk.com,CDN,"Amazon Technologies, Inc.",False
eba-gmdkfmjy.us-east-1.elasticbeanstalk.com,CDN,"Amazon Technologies, Inc.",False
eba-kwkhetdz.us-east-1.elasticbeanstalk.com,CDN,"Amazon Technologies, Inc.",False
eba-mnqpv4at.us-east-1.elasticbeanstalk.com,CDN,"Amazon Technologies, Inc.",False
eba-sjkgc7ae.eu-central-1.elasticbeanstalk.com,CDN,"Amazon Technologies, Inc.",False
ebatescanada.com.edgekey.net,,Akamai Technologies,False
ebay.com,Action Pixels;Ad Motivated Tracking;Advertising;Third-Party Analytics Marketing,"eBay, Inc.",True
ebay.com.edgekey.net,,Akamai Technologies,False
ebayadservices.com,,"eBay, Inc.",False
ebaycdn.net,,,False
ebayimg.com,,"eBay, Inc.",False
ebaystatic.com,CDN,"eBay, Inc.",False
ebaystatic.com.edgesuite.net,CDN,Akamai Technologies,False
ebbot.app,,,False
ebcdecisionaid.ca,,,False
eberry.digital,,,False
ebiai.app,,,False
ebike-mtb.com,,,False
ebike24.b-cdn.net,CDN,BunnyCDN,False
ebis.ne.jp,,,False
ebit.com.br,,Buscape Company Informacao e Tecnologia Ltda,False
ebizcharge.net,,,False
ebizio.com,,,False
eboundservices.com,,Mallbazar.com,False
ebscohost.com,,"EBSCO Industries, Inc.",False
ebtedge.com.edgekey.net,,Akamai Technologies,False
ebu.io,,,False
ebxcdn.com,,,False
eby-by-sofia-vergara.myshopify.com,Analytics;CDN;Embedded Content;Online Payment,Shopify Inc.,False
ec-cloud.org,,,False
ec-optimizer.com,,,False
ec2-108-131-139-23.eu-west-1.compute.amazonaws.com,CDN,"Amazon Technologies, Inc.",False
ec2-52-8-159-36.us-west-1.compute.amazonaws.com,CDN,"Amazon Technologies, Inc.",False
ec2-54-200-158-229.us-west-2.compute.amazonaws.com,CDN,"Amazon Technologies, Inc.",False
ec2-54-200-182-178.us-west-2.compute.amazonaws.com,CDN,"Amazon Technologies, Inc.",False
ecal-publisher-assets.s3.amazonaws.com,CDN,"Amazon Technologies, Inc.",False
ecal.com,,E-Diary Pty Ltd,False
ecal.net,,,False
ecardwidget.com,,,False
ecare.nl,,,False
ecbsn.com,,"Ebates Performance Marketing, Inc.",False
eccmp.com,,Cheetah Digital Inc,False
ecdrsvc.com,,,False
ecdwm.com,,,False
ecequiz.netlify.app,,,False
echat1.com,,,False
echatsoft.com,,,False
ecihdvod.akamaized.net,CDN,Akamai Technologies,False
ecklers.com,,,False
eclick.vn,,,False
ecloud.global,,,False
ecmaps.de,,,False
ecn-ldr.de,,,False
ecn.cl,,AGUSTIN EDWARDS E Y COMPANIA,False
ecocart.io,,,False
ecocart.tools,,,False
ecoclick.tools,,,False
ecomid.com,,,False
ecomm.events,,,False
ecommerce-today.app,,,False
ecommerce.auction,,,False
ecommercedns.uk,,,False
ecommercepartners.net,,,False
ecomparkour.io,,,False
ecomposer.app,,,False
ecomsend.com,,,False
econda-monitor.de,,,False
economictimes.com.edgekey.net,,Akamai Technologies,False
ecopoolinc.myshopify.com,Analytics;CDN;Embedded Content;Online Payment,Shopify Inc.,False
ecorebates.com,,,False
ecovibeo.com,,,False
ecplocator-v2.net,,,False
ecs-fh-production-private-95512025.eu-central-1.elb.amazonaws.com,CDN,"Amazon Technologies, Inc.",False
ecs-modular-monolith-410208800.us-east-1.elb.amazonaws.com,CDN,"Amazon Technologies, Inc.",False
ectunnel.com,,,False
ecwcloud.com,,,False
ecwid-addons.s3.amazonaws.com,CDN,"Amazon Technologies, Inc.",False
ecwid.com,,"Ecwid, Inc",False
ed-integrations.com,,,False
ed-sys.net,,,False
ed-zitrons-wheres-your-ed-at.ghost.io,,,False
eddiebauer.com,,Eddie Bauer LLC,False
eden-xi.vercel.app,,,False
eden.health,,,False
edenred.io,,,False
edesk.com,,,False
edf.fr,,ELECTRICITE DE FRANCE,False
edg.com.au,,,False
edge-inf.net,,,False
edge.bond,,,False
edge2befaster.io,,,False
edge2befaster.net,,,False
edgecdn.dev,,,False
edgecdn.ru,,,False
edgecdnplus.com,,,False
edgefonts.net,,Adobe Inc.,False
edgeionet.com,,,False
edgekey88.net,,,False
edgeme.sh,,,False
edgetag.io,,,False
edi5on.com,,,False
edialog24.com,,,False
edialog24.no,,,False
edidomus.it,,Editoriale Domus SpA,False
ediemidnightzombies.com,,,False
edifice.io,,,False
edigitalsurvey.com,,,False
edirium.co.jp,,,False
edisound.com,,,False
edition-top10.fr,,,False
editis.qualifioapp.com,,,False
editmysite.com,,"Weebly, Inc.",False
editorify.com,,,False
edkay.com,,"Campus Explorer, Inc.",False
edkt.io,,,False
edmunds-media.com,,"Edmunds.com, Inc.",False
edmunds.com,,"Edmunds.com, Inc.",False
edo.com,,"Entertainment Data oracle, Inc.",False
edogs.de,,,False
edoinc.com,,"Entertainment Data oracle, Inc.",False
edrawmax.com,,,False
edrawsoft.com,,EDrawSoft,False
edrawsoft.com.edgesuite.net,CDN,Akamai Technologies,False
edrone.me,,,False
edsights.io,,,False
edu.edgekey.net,,Akamai Technologies,False
education.gouv.fr,,MINISTERE EDUC NAT ENSEIGNEMT SUP RECH,False
edx.org,,edX,False
ee-tagging.s3.amazonaws.com,CDN,"Amazon Technologies, Inc.",False
eedition-server.herokuapp.com,CDN,"Salesforce.com, Inc.",False
eep.io,,Intuit Inc.,False
eetech.com,,,False
efellecdn.com,,,False
effectivegatecpm.com,,,False
effervescentcoral.com,,,False
effiliation.com,,Effiliation,False
efilli.com,,,False
eflservices.co.uk,,,False
eforms.com,,Electronic Forms LLC,False
efour-storage.b-cdn.net,CDN,BunnyCDN,False
efour.b-cdn.net,CDN,BunnyCDN,False
efront.com,,,False
efuy7nanpqe.b-cdn.net,CDN,BunnyCDN,False
egain.cloud,Support Chat Widget,eGain Corporation,False
eggy-car-online.github.io,CDN;Non-Tracking,"GitHub, Inc.",False
eggycar2.io,,,False
eggycarofficial.com,,,False
eggyra.com,,,False
egmediamailimg.s3.ap-south-1.amazonaws.com,CDN,"Amazon Technologies, Inc.",False
egotisticexcavateplywood.com,,,False
ehandelscertifiering.se,,,False
ehawaii.gov,,,False
ehc.com,,,False
ehcstaging.com,,,False
ehealthcaresolutions.com,,"eHealthcare Solutions, LLC",False
ehealthinsurance.com,,eHealthInsurance Services Inc.,False
ehealthmedicareplans.com,,eHealthInsurance Services Inc.,False
ehgt.org,,,False
ehi.com,,,False
ehndwb-vu.myshopify.com,Analytics;CDN;Embedded Content;Online Payment,Shopify Inc.,False
ehub.cz,,,False
eide.build,,,False
eigene.io,,,False
eight-cdn.com,,,False
eika.no,,,False
einhell-live.de,,,False
einhell.com,,,False
eisys-bcs.jp,,,False
eits-eits-scripts.s3.amazonaws.com,CDN,"Amazon Technologies, Inc.",False
eizzih.com,,,False
ejaculationnation.com,,,False
ekcs.us,,,False
ekirikas.com,,,False
ekklesia360.com,,,False
ekm.net,,,False
ekmcdn.com,,,False
ekmsecure.com,,,False
eko.com,,,False
ekogate.club,,,False
ekomi.de,,,False
ekomiapps.de,,,False
ekonsilio.io,,,False
ekoo.co,,,False
eks-cs-matomo-prd-1445804132.ap-southeast-2.elb.amazonaws.com,CDN,"Amazon Technologies, Inc.",False
eks-mc-coohom-com-616857262.us-west-2.elb.amazonaws.com,CDN,"Amazon Technologies, Inc.",False
ekz.de,,,False
elastic-cloud.com,,,False
elastic-data.fr,,,False
elb-idrop-news-351331877.us-east-1.elb.amazonaws.com,CDN,"Amazon Technologies, Inc.",False
elb-insights-504041138.us-east-1.elb.amazonaws.com,CDN,"Amazon Technologies, Inc.",False
elb-multiapps-570371819.us-east-1.elb.amazonaws.com,CDN,"Amazon Technologies, Inc.",False
elb.us-east-1.amazonaws.com,CDN,"Amazon Technologies, Inc.",False
elcorteingles.es,,El Corte Ingles S.A.,False
elderscrollsonline.com.edgekey.net,,Akamai Technologies,False
electricblaze.com,,,False
electricsms.com,,,False
electrocomponents.com,,,False
electroluxgroup.eu,,,False
electronic.us,,,False
electronicpartner.io,,,False
elektroda.pl,,Arrow Electronics Inc.,False
element451.com,,,False
elementor.com,,,False
elements.amazon,,,False
elements.video,,,False
elephant-fairy.workers.dev,,,False
elestio.app,,,False
eletrocontato.com.br,,,False
elev.io,,Elevio Pty Ltd,False
elevate14r.com,,,False
elevenlabs.io,,,False
elevent.app,,,False
eley-hose-reels.myshopify.com,Analytics;CDN;Embedded Content;Online Payment,Shopify Inc.,False
elfsight.com,,Vladimir Fedotov,False
elfsightcdn.com,,,False
elgato-us.myshopify.com,Analytics;CDN;Embedded Content;Online Payment,Shopify Inc.,False
elitechnology.com,,Elitech Group BV,False
eliteprospects-assets.com,,,False
eliteserien.no,,,False
elitesportsrn.com,,,False
ellb.ch,,,False
ellingtoncms.com,,,False
elloha.com,,,False
ellos.se,,,False
ellosgroup.com,,,False
elmobot.eu,,,False
elmotalent.com.au,,,False
eln3ax.com,,,False
elnnap.com,,,False
elocallink.tv,,,False
elog-ch.net,,,False
eloqua.com,Advertising;Analytics;Third-Party Analytics Marketing,Oracle Corporation,True
elotus.org,,,False
elsevier.com,,RELX Group,False
eltropy.com,,,False
em-fotboll.se,,,False
em-front-s3-dev.s3-us-west-2.amazonaws.com,CDN,"Amazon Technologies, Inc.",False
emaerket.dk,,,False
emag.ro,,,False
email-howarth-timber.co.uk,,,False
email-provider.eu,,,False
email-provider.nl,,,False
emailcenteruk.com,,,False
emailoctopus.com,,,False
emailplatform.com,,,False
emailsys1a.net,,rapidmail GmbH,False
emailwiz.ai,,,False
emanual.b-cdn.net,CDN,BunnyCDN,False
emanualonline.b-cdn.net,CDN,BunnyCDN,False
emarsys.net,,SAP SE,False
embed.ly,,Embed.ly Inc,False
embedly.com,,Embed.ly Inc,False
embedplayer.xyz,,,False
embedsocial.com,,,False
emberlighthouse.top,,,False
embl.org,,,False
embracecloud.nl,,,False
emdmillipore.com,,,False
emedifont.b-cdn.net,CDN,BunnyCDN,False
emedihealth1.b-cdn.net,CDN,BunnyCDN,False
emerios.com,,,False
emersya.com,,,False
emfluence.com,,"emfluence, llc",False
emgality-patient.jp,,,False
emjcd.com,,Conversant LLC,False
emlfiles.com,,,False
emma-content-aggregates-prd.s3.amazonaws.com,CDN,"Amazon Technologies, Inc.",False
emobg.io,,,False
emoji.gg,,,False
emojidb.org,,,False
emol.cl,,AGUSTIN EDWARDS E Y COMPANIA,False
emoneyadvisor.com,,,False
emoo.bm,,,False
emote.com,,,False
emotiveapp.co,,,False
emotivecdn.io,,,False
empathy.co,,,False
emplifi.io,,,False
employment.gov.au,,,False
employmentscape.com,,,False
empower.net,,,False
empowerlocal-plugin-js.s3.us-east-2.amazonaws.com,CDN,"Amazon Technologies, Inc.",False
empowerlocal.co,,,False
empowertribe.com,,,False
emrld.cc,,,False
emrld.ltd,,,False
emrldco.com,,,False
emrldtp.cc,,,False
emrldtp.com,,,False
ems-ci.com,,,False
emsecure.net,,Selligent,False
emsicc.com,,,False
emsservice.de,,G+J Digital Products GmbH,False
emta5ztsyb6.b-cdn.net,CDN,BunnyCDN,False
emtag.net,,,False
emulatorjs.com,,,False
emxdgt.com,Ad Motivated Tracking;Advertising;Analytics,Engine USA LLC,True
en25.com,Ad Motivated Tracking;Advertising,Oracle Corporation,True
en25.com.edgekey.net,,Akamai Technologies,False
enamad.ir,,IZENPE S.A.,False
encentivizer.com,,,False
enchantingtundra.com,,,False
encodelabs.top,,,False
endclothing.com,,END. Clothing Limited,False
endclothing.com.edgekey.net,,Akamai Technologies,False
endearhq.io,,,False
endeavorhealth.org,,,False
endeavorsuite.com,,,False
endlesshandbaglinked.com,,,False
endorsal.io,,,False
endorsely.com,,,False
endowmentoverhangutmost.com,,,False
endpoint-mszj5oxjqyfeg.azureedge.net,CDN,Microsoft Corporation,False
ends.my.id,,,False
enduranceapi.com,,,False
eneba.games,,,False
enel.com,,,False
energized-light-out.b-cdn.net,CDN,BunnyCDN,False
enertrek.com,,,False
enetscores.com,,,False
engadin.online,,,False
engage-x.io,,,False
engage.app,,,False
engage.co,,,False
engagebay.com,,,False
engagefront.com,,,False
engagementhq.com,,,False
engagently.com,,,False
engagetosell.com,,Solfa Corp,False
engageya.com,,,False
engagingnetworks.app,,,False
engati.ai,,,False
engerio.sk,,,False
enghousecloud.net,,,False
engineeredsolutions.io,,,False
engineexplicitfootrest.com,,,False
enginewren.xyz,,,False
engoo-static.com,,,False
enhance.co.jp,,,False
enhanced-cdn.b-cdn.net,CDN,BunnyCDN,False
enhencer.com,,,False
enimg.b-cdn.net,CDN,BunnyCDN,False
enjoy-bva.netlify.app,,,False
enkle.re,,,False
enkomion.com,,,False
enlistly.com,,,False
enoki.nz,,,False
enormail.eu,,,False
enormapps.com,,,False
enotescdn.net,,,False
enoughporn.com,,,False
enovation.ie,,,False
enrtx.com,,,False
ensighten.com,Ad Motivated Tracking;Advertising;Analytics;Audience Measurement;Third-Party Analytics Marketing,"Ensighten, Inc",True
entaice.com,,,False
entail-insights.com,,,False
entail.ai,,,False
enterdrama.com,,,False
enterprise-consortiumoperation.com,,,False
enterprisebot.co,,,False
enterpriseinsightinspiration.com,,,False
entersekt.com,,,False
enterspeed.com,,,False
entertainmentdaily.co.uk,,,False
enthusiastenterprises.us,,,False
entityclouds.com,,,False
entrust.net,,"Entrust, Inc.",False
enviousshape.com,,"Leven Labs, Inc. DBA Admiral",False
enviso.io,,,False
envoke.com,,,False
envolve-chatbot-api-dot-envolvetech-001.nw.r.appspot.com,CDN,Google LLC,False
envolve-logging-dot-envolvetech-001.nw.r.appspot.com,CDN,Google LLC,False
envolvetech.com,,,False
enzuzo.com,,,False
enzymic.co,,,False
eo.page,,,False
eocampaign1.com,,,False
eolas-services.com,,,False
eomail6.com,,,False
eonline.com.edgekey.net,,Akamai Technologies,False
eonline.com.edgesuite.net,CDN,Akamai Technologies,False
eoscity.com,,,False
ep4p.com,,,False
epagine.fr,,,False
epalovo.com,,,False
epccm19.com,,,False
epcountytx.gov,,,False
epd-film.de,,,False
epic.com,,Epic Systems Corporation,False
epicgames.com,,"Epic Games, Inc.",False
epichosted.com,,Epic Systems Corporation,False
epidermispushupvariable.com,,,False
episerver.net,,EPiServer AB,False
epoch.cloud,,,False
epoch.com,,"Epoch.com, LLC",False
epochbase.com,,,False
epochtimes.com.akamaized.net,CDN,Akamai Technologies,False
epoq.de,,,False
eporner.com,,,False
eppd1strscr01-cmhcprodcontainer.azureedge.net,CDN,Microsoft Corporation,False
eppo.cloud,,,False
eprocode.com,,,False
epsilon.com,,Conversant LLC,False
epsilondelta.co,,,False
epson.com,,Seiko Epson Corporation,False
epubgame.com,,,False
eqads.com,,EQ Works,False
eqomcdn.com,,,False
equally.ai,,,False
equalweb.com,,,False
equateur.org,,,False
equifax.com,,Equifax Inc.,False
equitystory.com,,,False
er-api.com,,,False
eraofecom.org,,,False
erate.co.il,,,False
erdee.nl,,,False
ergadx.com,,,False
erikarena.com,,,False
eriksbikes-prod.myshopify.com,Analytics;CDN;Embedded Content;Online Payment,Shopify Inc.,False
erlingsande.b-cdn.net,CDN,BunnyCDN,False
ermis.b-cdn.net,CDN,BunnyCDN,False
ernieball.com,,,False
erocdn.co,,,False
erohive.com,,,False
erohub.com,,,False
eroimg.net,,,False
eros.bz,,,False
erotalive.com,,,False
eroterest.net,,,False
eroticmetart.com,,,False
error-reporter-163cf957cedf.herokuapp.com,CDN,"Salesforce.com, Inc.",False
error-tracker.pages.dev,,,False
erry.one,,,False
erstegroup.com,,,False
erudit.tech,,,False
eruptr.io,,,False
es.akamaized.net,CDN,Akamai Technologies,False
es.edgekey.net,,Akamai Technologies,False
es.io,,,False
esach-cdn-prod-live-347096916.eu-central-1.elb.amazonaws.com,CDN,"Amazon Technologies, Inc.",False
esc-apps-cdn.com,,,False
escalated.io,,,False
escape-fonts.b-cdn.net,CDN,BunnyCDN,False
escortdirectory.tv,,,False
escortgirls.be,,,False
escortnews.com,,,False
escortnews.eu,,,False
escortsdude.com,,,False
esecured.net,,,False
eshopworld.com,,,False
esiee-it.fr,,,False
esinfra.net,,,False
eskimi.com,,,False
eskyservices.pl,,,False
esm.run,,,False
esm.sh,,,False
esm1.net,,Dealer Dot Com Inc,False
esmg-pixel.vercel.app,,,False
esn-prod.myshopify.com,Analytics;CDN;Embedded Content;Online Payment,Shopify Inc.,False
esnbranding.com,,,False
esnchocco.com,,,False
esnlocco.com,,,False
eso-hub.com,,,False
esolutionsgroup.ca,,,False
esono.net,,,False
esossl-a.akamaihd.net,CDN,Akamai Technologies,False
esosslcss-a.akamaihd.net,CDN,Akamai Technologies,False
esosslfiles-a.akamaihd.net,CDN,Akamai Technologies,False
esossljs-a.akamaihd.net,CDN,Akamai Technologies,False
espn.com,,The Walt Disney Company,False
espn.com.br,,The Walt Disney Company,False
espn.com.edgesuite.net,CDN,Akamai Technologies,False
espncdn.com,,The Walt Disney Company,False
espncdn.com.edgesuite.net,CDN,Akamai Technologies,False
espssl.com,,,False
esputnik.com,,NIC.UA LLC,False
esri.com,,ESRI,False
esri.com.edgekey.net,,Akamai Technologies,False
esrt.site,,,False
essencereferencetummy.com,,,False
essential-announcement-bar.cc,,,False
essential-apps-analytics.herokuapp.com,CDN,"Salesforce.com, Inc.",False
essential-apps.com,,,False
essential-icon-badge.uk,,,False
essrtb.com,,,False
establishscarcely.com,,,False
estaticos-marca.com,,,False
estrema.it,,,False
estuary-data.com,,,False
esvmedia.org,,,False
esyoh.com,,,False
et-gv.fr,,,False
et7l.net,,,False
etagdigital.com,,,False
etailercdn.de,,,False
etam.com.edgekey.net,,Akamai Technologies,False
etargetnet.com,,,False
etc.nu,,,False
etechglobal.com,,,False
etempashopifyapps-server-b.co.uk,,,False
etender-connect.com,,,False
etermin.net,,,False
etfflows.com,,,False
ethicalads.io,,,False
ethinking.de,,,False
ethn.io,,Ethnio,False
ethyca.com,,Ethyca Inc,False
etihad.com,,Etihad Airways PJSC,False
etoro.akadns.net,CDN,Akamai Technologies,False
etoro.com.edgekey.net,,Akamai Technologies,False
etpixe.com,,,False
etrack1.dev,,,False
etracker.com,,etracker GmbH,False
etracker.de,,etracker GmbH,False
etrade.com,,ETRADE Financial Corporation,False
etranslate.io,,,False
etrias.nl,,,False
etrusted.com,,,False
ettdnsv.com,,,False
etwasverpasst.b-cdn.net,CDN,BunnyCDN,False
etwp.net,,,False
eu-1-id5-sync.com,,,False
eu-3-id5-sync.com,,,False
eu-4-id5-sync.com,,,False
eu-azcontentstackapps.com,,,False
eu-captcha.eu,,,False
eu-central-1.amazonaws.com,CDN,"Amazon Technologies, Inc.",False
eu-central-2.amazonaws.com,CDN,"Amazon Technologies, Inc.",False
eu-keenfootwear.myshopify.com,Analytics;CDN;Embedded Content;Online Payment,Shopify Inc.,False
eu-north-1.amazonaws.com,CDN,"Amazon Technologies, Inc.",False
eu-thtk-temu-com.trafficmanager.net,CDN,Microsoft Corporation,False
eu-west-1.amazonaws.com,CDN,"Amazon Technologies, Inc.",False
eu-west-2.amazonaws.com,CDN,"Amazon Technologies, Inc.",False
eu-west-3.amazonaws.com,CDN,"Amazon Technologies, Inc.",False
eu.edgekey.net,,Akamai Technologies,False
euanalysis.com,,,False
eufy-us.myshopify.com,Analytics;CDN;Embedded Content;Online Payment,Shopify Inc.,False
euid.eu,,,False
eulerian.net,,Eulerian Technologies,False
euleriancdn.net,,,False
eulue.com,,,False
eum-appdynamics.com,Analytics,"Cisco Systems, Inc.",False
eunow4u.com,,,False
eurekafertility.com,,,False
eurekoo.com,,,False
eurochangeapis.com,,,False
eurogirlsescort.com,,,False
euroland.com,,Europe Investor Direct AB,False
eurolandir.com,,Eurolandcom AB,False
europ-assistance.com,,,False
europa.eu,,Publications Office of the EU,False
europcar.com,,Europcar International S.A.S.U,False
europcar.com.edgekey.net,,Akamai Technologies,False
europe-north1-ga-datalayer-qa.cloudfunctions.net,CDN,Google LLC,False
europe-north1.run.app,,Google LLC,False
europe-north2.run.app,,Google LLC,False
europe-west1-bonnier-big-data.cloudfunctions.net,CDN,Google LLC,False
europe-west1-code-cube.cloudfunctions.net,CDN,Google LLC,False
europe-west1-cookiebannergdpr.cloudfunctions.net,CDN,Google LLC,False
europe-west1-data-lake-tvh-stream.cloudfunctions.net,CDN,Google LLC,False
europe-west1-mov-prod10.cloudfunctions.net,CDN,Google LLC,False
europe-west1-rapid-product-search.cloudfunctions.net,CDN,Google LLC,False
europe-west1-sellpy-1098.cloudfunctions.net,CDN,Google LLC,False
europe-west1-sonorous-dragon-276210.cloudfunctions.net,CDN,Google LLC,False
europe-west1-the-race-com.cloudfunctions.net,CDN,Google LLC,False
europe-west1.run.app,,Google LLC,False
europe-west2.run.app,,Google LLC,False
europe-west3-kitchx-iris.cloudfunctions.net,CDN,Google LLC,False
europe-west3.run.app,,Google LLC,False
europe-west4-hallmark-nl-data.cloudfunctions.net,CDN,Google LLC,False
europe-west4-parabolic-hook-293815.cloudfunctions.net,CDN,Google LLC,False
europe-west4.run.app,,Google LLC,False
europehog.com,,,False
europesays.net,,,False
europetnet.com,,,False
europnet.org,,,False
eurosport.edgekey.net,,Akamai Technologies,False
eurosport.io,,Eurosport,False
eurostar.map.fastly.net,Action Pixels;Ad Motivated Tracking;Advertising;Analytics;CDN;Embedded Content;Session Replay;Third-Party Analytics Marketing,"Fastly, Inc.",True
euwppatscegtm01.trafficmanager.net,CDN,Microsoft Corporation,False
ev5.ai,,,False
eva.bot,,,False
evaair.com.edgekey.net,,Akamai Technologies,False
evaliahealth.com,,,False
evasion.aero,,,False
evasivejar.com,,,False
evensi.com,,,False
eventbrite-build.s3.amazonaws.com,CDN,"Amazon Technologies, Inc.",False
eventbrite.com,,"Eventbrite, Inc.",False
eventfindahq.com,,,False
eventim.com,,CTS Eventim AG & Co. KGaA,False
events-santander-co-uk-711908182.eu-west-1.elb.amazonaws.com,CDN,"Amazon Technologies, Inc.",False
events.com,,,False
eventscalendar.co,,,False
eventticketscenter.com,,Event Tickets Center,False
eventtrace.ru,,,False
everestjs.net,Ad Motivated Tracking,Adobe Inc.,True
everesttech.net,Ad Motivated Tracking;Third-Party Analytics Marketing,Adobe Inc.,True
everesttech.net.akadns.net,CDN,Akamai Technologies,False
evergage.com,,"Salesforce.com, Inc.",False
everlit.audio,,,False
evermaps.net,,,False
eversource.com.edgekey.net,,Akamai Technologies,False
everviz.com,,,False
every.org,,,False
everyaction.com,,,False
everydayhealth.com,,Ziff Davis LLC,False
everymundo.workers.dev,,,False
everysimply.com,,,False
everything-bytes.com,,,False
everythingkitchens.b-cdn.net,CDN,BunnyCDN,False
evetsites.com,,,False
evey-files.s3.amazonaws.com,CDN,"Amazon Technologies, Inc.",False
eveyevents.com,,,False
evgnet.com,,"Salesforce.com, Inc.",False
evidence.io,,,False
evidentugc.com,,,False
evidon.com,Analytics;Third-Party Analytics Marketing,Crownpeak Technology,False
evitecdn.com,,,False
evj3x.x.incapdns.net,CDN,Imperva Inc.,False
evo.cloud,,,False
evocdn.net,,,False
evogov.com,,,False
evolliecdnsx.com,,,False
evolok.net,,,False
evolution-adv.it,,,False
evolutionadv.it,,,False
evolutiongroup.digital,,,False
evolv.ai,,Evolv Technology Solutions Inc.,False
evolvemediallc.com,,,False
evolvingweb.net,,,False
evvnt.com,,,False
evyy.net,,Impact,False
ew3.io,,Eulerian Technologies,False
eway.com.au,,,False
eway.io,,,False
ewaypayments.com,,,False
eweek.com,,QuinStreet Inc,False
ewrvdi.net,,,False
ewscloud.com,,The E.W. Scripps Company,False
ewtn.com,,,False
ewwwin.github.io,CDN;Non-Tracking,"GitHub, Inc.",False
ex-public-alb-oneplus-com-1085877757.us-east-1.elb.amazonaws.com,CDN,"Amazon Technologies, Inc.",False
ex.co,,EX.CO Technologies Ltd.,False
ex1tp.com,,,False
exacdn.com,,,False
exactag.com,,,False
exactdn.com,,,False
exactsciences.com,,,False
exacttarget.com,,"Salesforce.com, Inc.",False
examappointments.com,,,False
example.com,,Internet Corporation for Assigned Names and Numbers,False
exatom.io,,,False
excavatenearbywand.com,,,False
exceptionalcdn.com,,,False
exceptionalfirm.net,,,False
exchangerate-api.com,,,False
exchangesolutions.com,,Exchange Solutions Inc.,False
exco-pb.com,,,False
exctg.com,,,False
exdynsrv.com,Ad Motivated Tracking;Advertising,"ExoClick, S.L.",True
execatlas.com,,,False
execute-api.us-east-1.amazonaws.com,CDN,"Amazon Technologies, Inc.",False
exeke.com,,,False
exelator.com,Action Pixels;Ad Motivated Tracking;Advertising;Analytics;Audience Measurement,The Nielsen Company,True
exemplarfederallithe.com,,,False
exhibitsneeze.com,,"Leven Labs, Inc. DBA Admiral",False
exigo.ch,,,False
exitbee.com,,Exit Bee,False
exitintel.com,,,False
exlibris.azureedge.net,CDN,Microsoft Corporation,False
exmarketplace.com,,,False
exoclick.com,Ad Motivated Tracking;Advertising,"ExoClick, S.L.",True
exoscale-cdn.com,,,False
exosrv.com,Ad Motivated Tracking;Advertising,"ExoClick, S.L.",True
exotic-animals-distillery.s3.amazonaws.com,CDN,"Amazon Technologies, Inc.",False
exoticghana.com,,,False
expatra.ghost.io,,,False
expedia.com,,"Expedia Group, Inc.",False
expediagroup.com,,,False
experianmatch.info,,Experian PLC,False
experticity.com,,,False
expertinfluence.pro,,,False
expertise.ai,,,False
expertrec.com,,cloudinfra,False
expertvillagemedia.com,,,False
expertvoice.com,,,False
expireddomains.com,,,False
explicithd.com,,,False
exploitedx.com,,,False
explorecharleston.com,,,False
exploretock.com,,,False
expoints.nl,,Trust Provider B.V.,False
exponea.com,,"Bloomreach, Inc.",False
exponential.com,Action Pixels;Ad Fraud;Ad Motivated Tracking;Advertising;Analytics;Audience Measurement;Session Replay,Exponential Interactive Inc.,True
exposebox.com,Action Pixels;Ad Motivated Tracking;Advertising;Analytics;Audience Measurement;CDN;Third-Party Analytics Marketing,ExposeBox,True
exposure.azureedge.net,CDN,Microsoft Corporation,False
express.co.uk,,,False
extccp.com,,,False
extend.tv,Action Pixels;Ad Fraud;Ad Motivated Tracking;Advertising;Audience Measurement;Embedded Content,"ZypMedia, Inc.",True
extendons.com,,,False
extension-offer.com,,,False
externulls.com,,,False
extmanagers.com,,,False
extole.com,,Extole,False
extole.io,,Extole,False
extra.cz,,,False
extreme-dm.com,,,False
extreme-ip-lookup.com,,,False
extremereach.com,,"Extreme Reach, Inc.",False
extremereach.io,,"Extreme Reach, Inc.",False
extremescoffee.com,,,False
extremeterrain.com,,,False
extremserv.com,,,False
eye-able-cdn.com,,,False
eye-able.com,,,False
eyemed.com,,,False
eyeota.net,Ad Motivated Tracking;Advertising;Analytics;Audience Measurement;Third-Party Analytics Marketing,eyeota Limited,True
eyereturn.com,Action Pixels;Ad Motivated Tracking;Advertising;Analytics;Session Replay;Third-Party Analytics Marketing,eyeReturn Marketing Inc.,True
eyesoneyecare.com,,,False
ez-path.org,,,False
ezmember.co.kr,,,False
ezocdn.com,,,False
ezodn.com,,Ezoic Inc.,False
ezoic.com,,Ezoic Inc.,False
ezoic.net,Action Pixels;Ad Motivated Tracking;Advertising;Analytics;Audience Measurement;Session Replay;Third-Party Analytics Marketing,Ezoic Inc.,True
ezoicanalytics.com,,,False
ezojs.com,CDN,,False
ezvhzv6.x.incapdns.net,CDN,Imperva Inc.,False
f.shared.global.fastly.net,Action Pixels;Ad Motivated Tracking;Advertising;Analytics;CDN;Embedded Content;Session Replay;Third-Party Analytics Marketing,"Fastly, Inc.",True
f.ssl.global.fastly.net,Action Pixels;Ad Motivated Tracking;Advertising;Analytics;CDN;Embedded Content;Session Replay;Third-Party Analytics Marketing,"Fastly, Inc.",True
f0ns3.ca,,,False
f11-ads.com,,,False
f2f-server-prod-358733b59395.herokuapp.com,CDN,"Salesforce.com, Inc.",False
f2ftour.com,,,False
f4.shared.global.fastly.net,Action Pixels;Ad Motivated Tracking;Advertising;Analytics;CDN;Embedded Content;Session Replay;Third-Party Analytics Marketing,"Fastly, Inc.",True
f5apis.com,,,False
f5s.io,,,False
f9client.com,,LiquidHub Inc.,False
fa-ecom.s3.eu-west-2.amazonaws.com,CDN,"Amazon Technologies, Inc.",False
faat.be,,,False
fab.uk,,,False
fabapps.co,,,False
fabdigital.uk,,,False
fabfilter.b-cdn.net,CDN,BunnyCDN,False
fabg.map.fastly.net,Action Pixels;Ad Motivated Tracking;Advertising;Analytics;CDN;Embedded Content;Session Replay;Third-Party Analytics Marketing,"Fastly, Inc.",True
fabguys.com,,Winchester Consultancy Ltd,False
fabric-analytics.com,,,False
fabriciobossio.com,,,False
fabricshop.app,,,False
fabs.map.fastly.net,Action Pixels;Ad Motivated Tracking;Advertising;Analytics;CDN;Embedded Content;Session Replay;Third-Party Analytics Marketing,"Fastly, Inc.",True
fabshophop.com,,,False
fabster.com,,,False
facaiimage.com,,,False
facct.ru,,,False
facebook.com,Action Pixels;Ad Fraud;Ad Motivated Tracking;Advertising;Analytics;Audience Measurement;Badge;Embedded Content;Federated Login;Social - Comment;Social - Share;Social Network,"Facebook, Inc.",True
facebook.net,Action Pixels;Ad Fraud;Ad Motivated Tracking;Advertising;Analytics;Audience Measurement;Badge;Embedded Content;Federated Login;Social - Comment;Social - Share;Social Network,"Facebook, Inc.",True
facecast.xyz,,,False
facevase-renders.s3.amazonaws.com,CDN,"Amazon Technologies, Inc.",False
fachating.com,,,False
facil-iti.app,,,False
fact-finder.de,,,False
factors.ai,,,False
factoryx.io,,,False
factsetdigitalsolutions.com,,,False
facultyresources.com,,,False
faethm.ai,,,False
faibrik-public-prod1.s3.eu-west-3.amazonaws.com,CDN,"Amazon Technologies, Inc.",False
faibrikplatform.com,,,False
fair-harbor.myshopify.com,Analytics;CDN;Embedded Content;Online Payment,Shopify Inc.,False
fairandsmart.com,,,False
faire.com,,,False
faireconomy.media,,,False
fairing.co,,,False
faitco.com,,,False
faithlife.com,,Logos Bible Software,False
faithlifecdn.com,,,False
faithpot.b-cdn.net,CDN,BunnyCDN,False
fakeschool.com,,,False
fal.media,,,False
falabella.com,,,False
falabella.com.co,,,False
falabella.com.pe,,,False
falabella.io,,,False
falken-tires-website-storage.s3.amazonaws.com,CDN,"Amazon Technologies, Inc.",False
fallaciousfifth.com,,"Leven Labs, Inc. DBA Admiral",False
fam-8.net,,,False
fam-ad.com,,,False
famiguard.com.akamaized.net,CDN,Akamai Technologies,False
famisafe.com,,,False
famousfix.com,,,False
fan-gtm-dev.s3-us-west-2.amazonaws.com,CDN,"Amazon Technologies, Inc.",False
fanbeat.win,,,False
fanbyte.com,,,False
fancade.com,,,False
fandango.com,,Comcast Corporation,False
fandom.com,,"Fandom, Inc.",False
fangamer.eu,,,False
fanhubcdn.com,,,False
fanp.me,,,False
fanpage.it,,,False
fanplayr.com,,Fanplayr Inc.,False
fanq-app.com,,,False
fansunitedapi.com,,,False
fantasymassage.com,,,False
fapify-storage.b-cdn.net,CDN,BunnyCDN,False
faplist.top,,,False
faq-backend.edgekey.net,,Akamai Technologies,False
faqs-plus.herokuapp.com,CDN,"Salesforce.com, Inc.",False
fareharbor.com,,,False
fareharbor.engineering,,,False
fareportal.com,,,False
farfetch.net,,,False
faribault-mill.myshopify.com,Analytics;CDN;Embedded Content;Online Payment,Shopify Inc.,False
farlex.com,,,False
farlo.co.uk,,,False
farmatodo.com,,,False
farmbuy.com,,,False
farmers-armour-california.myshopify.com,Analytics;CDN;Embedded Content;Online Payment,Shopify Inc.,False
farmjournal.com,,,False
farmjournal.net,,,False
farodevigo.es,,Faro de Vigo S.A,False
faslet.net,,,False
fast-simon-autocomplete.web.app,,Google LLC,False
fastbots.ai,,,False
fastbundle.co,,,False
fastcar.co.uk,,,False
fastcdn.co,,,False
fastclick.net,,Conversant LLC,False
fastcmp.com,,,False
fastcomments.com,,,False
fastemu.co,,,False
fastenal.com.edgekey.net,,Akamai Technologies,False
fasterized.com,,,False
fastgate.top,,,False
fastgrowth.app,,,False
fasthorse.workers.dev,,,False
fasthosts.co.uk,,,False
fastpic.org,,,False
fastroptimize.io,,,False
fastsimon.akamaized.net,CDN,Akamai Technologies,False
fastsimon.com,,,False
fastth.ink,,,False
fatmedia.io,,,False
fatpussytube.com,,,False
fatwin.com,,PERQ LLC,False
faucetfoot.com,,"Leven Labs, Inc. DBA Admiral",False
favorit.work,,,False
fazier.com,,,False
fb4c79-b2.myshopify.com,Analytics;CDN;Embedded Content;Online Payment,Shopify Inc.,False
fbcdn.net,Action Pixels;CDN;Embedded Content;Social - Share;Social Network,"Facebook, Inc.",False
fbgure-nn.myshopify.com,Analytics;CDN;Embedded Content;Online Payment,Shopify Inc.,False
fbhs-outdoors-digital.github.io,CDN;Non-Tracking,"GitHub, Inc.",False
fbi.gov,,,False
fboom.me,,,False
fbot.me,,,False
fbplay.vip,,,False
fbsbx.com,,"Facebook, Inc.",False
fbthirdpartypixel.com,,"Facebook, Inc.",False
fc-euc1-00-pics-bkt-00.s3.eu-central-1.amazonaws.com,CDN,"Amazon Technologies, Inc.",False
fc-use1-00-pics-bkt-00.s3.amazonaws.com,CDN,"Amazon Technologies, Inc.",False
fc-use1-99-pics-bkt-00.s3.amazonaws.com,CDN,"Amazon Technologies, Inc.",False
fc1adult.com,,,False
fc2.com,,"FC2, Inc.",False
fc2.me,,,False
fcacanada.ca,,,False
fcacert.com,,Fiat Chrysler Automobiles,False
fcagroup.com,,Fiat Chrysler Automobiles,False
fcagroup.com.edgekey.net,,Akamai Technologies,False
fcapp.run,,,False
fcappservices.in,,,False
fcbarcelona-static-files.s3.amazonaws.com,CDN,"Amazon Technologies, Inc.",False
fcbcookies.cat,,,False
fcglcdn.com,,,False
fciis.net,,,False
fcl.cloud,,,False
fcp-creative.s3.amazonaws.com,CDN,"Amazon Technologies, Inc.",False
fcp.codes,,,False
fcrtech.cz,,,False
fcsg-api-cdn.b-cdn.net,CDN,BunnyCDN,False
fcsgweb.myshopify.com,Analytics;CDN;Embedded Content;Online Payment,Shopify Inc.,False
fda.gov,,,False
fdata.de,,,False
fdic.gov,,,False
fdmg-forms-assets.s3.amazonaws.com,CDN,"Amazon Technologies, Inc.",False
fdsk.co,,,False
fe-hpe-script.s3.us-east-2.amazonaws.com,CDN,"Amazon Technologies, Inc.",False
fearlesscharm.myshopify.com,Analytics;CDN;Embedded Content;Online Payment,Shopify Inc.,False
feathery.io,,,False
feathr.co,,,False
featurable.com,,,False
feature-app.io,,,False
featureassets.org,,,False
featurebase.app,,,False
featuregates.org,,"Statsig, Inc.",False
febsec-fidelity.com.akadns.net,CDN,Akamai Technologies,False
fedex.com.akadns.net,CDN,Akamai Technologies,False
fedoq.com,,,False
feedad.com,,,False
feedaty.com,,,False
feedbackcompany.com,,,False
feedbackify.com,,,False
feedbackrocket.io,,,False
feedblitz.com,,FeedBlitz LLC,False
feedblitzstatic.com,,FeedBlitz LLC,False
feedbucket.app,,,False
feedburner.com,,Google LLC,False
feedcontrol.net,,,False
feedgrabbr.com,,,False
feedify.info,,,False
feedify.net,,,False
feedly.com,,DevHD Inc.,False
feedmas.com,,,False
feedmob-cdn.s3.amazonaws.com,CDN,"Amazon Technologies, Inc.",False
feedmob.biz,,,False
feedoptimise.com,,,False
feedspot.com,,,False
feedzai.cloud,,,False
feefo.com,,Feefo Holdings Limited,False
feel.tech,,,False
feelunique.com,,,False
feelwarmth.com,,,False
feide.no,,,False
feldot.com,,,False
fellahealth.com,,,False
fembed.co,,,False
fender.com,,Fender Musical Instruments Corporation,False
fengkongcloud.cn,,"Beijing Sumi Times Technology Co., Ltd.",False
fenixcommerce.com,,,False
fenixlighting.myshopify.com,Analytics;CDN;Embedded Content;Online Payment,Shopify Inc.,False
fera.ai,,Wellfounded,False
fermatcommerce.workers.dev,,,False
feroot.com,,,False
ferragamo.com.edgekey.net,,Akamai Technologies,False
ferryhopper.com,,,False
ferve.tickets,,,False
festool.com,,,False
festool.io,,,False
festool.net,,,False
fether.app,,,False
fetisch.de,,,False
fetishscroller.com,,,False
feverup.com,,,False
fevo-enterprise.com,,,False
fevo.com,,,False
fewkittens.com,,"Leven Labs, Inc. DBA Admiral",False
fextralife.b-cdn.net,CDN,BunnyCDN,False
fextralifeimages.com,,,False
ffa.football,,,False
ffbbbdc6d3c353211fe2ba39c9f744cd.com,,,False
ffe390afd658c19dcbf707e0597b846d.de,,,False
ffm.to,,,False
ffx.io,,Fairfax Media Limited,False
ffycdn.net,,,False
fg8dgt.com,Action Pixels;Ad Fraud;Ad Motivated Tracking;Advertising;Analytics;Audience Measurement;Third-Party Analytics Marketing,FastG8,True
fgns.info,,,False
fgtconnections.com,,,False
fh-kit.com,,,False
fh-wgt.com,,,False
fhsu.edu,,,False
fiazsumra.com,,,False
fibbl.com,,,False
fiblserver.com,,,False
fibr.shop,,,False
ficelle.app,,,False
fidcdn.net,,Fashion ID GmbH & Co. KG,False
fidelity.com,,Fidelity Investments,False
fidelity.com.edgekey.net,,Akamai Technologies,False
fidelityworkplace.com.edgekey.net,,Akamai Technologies,False
field59.com,,,False
fieldtest.cc,,,False
fielmann.com,,,False
fifa.com.edgekey.net,,Akamai Technologies,False
fifth-howl-287713.uc.r.appspot.com,CDN,Google LLC,False
figma.com,,,False
figpii.com,,,False
file-storage-dot-campfire-blaze.uc.r.appspot.com,CDN,Google LLC,False
file.direct,,,False
filekitcdn.com,,,False
filemoon.to,,,False
filepicker.io,,,False
filerobot.com,,,False
files-bs.b-cdn.net,CDN,BunnyCDN,False
files-text.com,,,False
filesor.com,,,False
filesplanet.xyz,,,False
filestackapi.com,,,False
filestackcontent.com,,,False
filestaticpro.com,,,False
filesusr.com,,,False
fillout.com,,,False
film.ru,,,False
filmelier-adsales-cache-prd.s3.us-west-2.amazonaws.com,CDN,"Amazon Technologies, Inc.",False
filmexxx.ro,,,False
filmgrail.com,,,False
filmvandaag-static.b-cdn.net,CDN,BunnyCDN,False
filmyzilla39.net.in,,,False
filoblu.com,,,False
filthygrid.com,,,False
filtrationworld.com,,,False
fimgs.net,,Fragrantica Inc,False
fimnet.fi,,,False
fin.cz,,,False
finalfantasyxiv.com,,"SQUARE ENIX CO., LTD.",False
finalfantasyxiv.com.edgekey.net,,Akamai Technologies,False
finalist.nl,,,False
finalsite.com,,,False
finalsite.net,,Finalsite,False
finalyticsdata.com,,,False
finance-calculator.co.uk,,,False
financeads.net,,,False
financepartners.com,,,False
financequality.net,,,False
financial.com,,,False
financialcontent.com,,FinancialContent Services Inc,False
financialexpress.net,,,False
financialhost.org,,,False
finansavisen.no,,,False
finanzamt.bayern,,,False
finanzen2.net,,,False
finanztrends.de,,,False
finative.cloud,,,False
finchatbot.com,,,False
finckers.net,,,False
findation.com,,,False
finder.com,,HIVE EMPIRE PTY LIMITED,False
findhelp.org,,,False
findify.io,,Findify AB,False
findlaw.app,,,False
findlawresources.com,,,False
findly.com,,Findly Talent LLC,False
findly.tools,,,False
findologic.com,,,False
findthisbest.com,,,False
fingerprint-sdk-shopify.pages.dev,,,False
finished-storage.com,,,False
finishline.com,,"THE FINISH LINE, INC.",False
finishline.com.edgekey.net,,Akamai Technologies,False
finloop.solutions,,,False
finn.no,,,False
finnair.com.edgekey.net,,Akamai Technologies,False
finncdn.no,,,False
finnchat.com,,,False
finnhub.io,,,False
finra.org,,"Financial Industry Regulatory Authority, Inc.",False
finsweet.com,,,False
fintelconnect.com,,,False
firebase.com,,Google LLC,False
firebase.googleapis.com,CDN;Embedded Content,Google LLC,False
firebasedatabase.app,,,False
firebaseinstallations.googleapis.com,CDN;Embedded Content,Google LLC,False
firebaseio.com,,Google LLC,False
firebaselogging-pa.googleapis.com,CDN;Embedded Content,Google LLC,False
firebaselogging.googleapis.com,CDN;Embedded Content,Google LLC,False
firebaseremoteconfig.googleapis.com,CDN;Embedded Content,Google LLC,False
firebaseremoteconfigrealtime.googleapis.com,CDN;Embedded Content,Google LLC,False
firebasestorage.googleapis.com,CDN;Embedded Content,Google LLC,False
firecrown.com,,,False
firedrumemailmarketing.com,,,False
firehose.us-east-1.amazonaws.com,CDN,"Amazon Technologies, Inc.",False
firepixels.net,,,False
firestonecompleteautocare.com,,"Bridgestone Retail Operations, LLC",False
firestonecompleteautocare.com.edgekey.net,,Akamai Technologies,False
firestore.googleapis.com,CDN;Embedded Content,Google LLC,False
firestormmedia.tv,,,False
fireworkadservices1.com,,,False
fireworkapi1.com,,,False
fireworktv.com,,,False
firmluxury.com,,,False
firmofthefuture.com,,,False
firmoo.de,,,False
firmooinc.com,,,False
first-id.fr,,,False
firstdata.com,,"Fiserv, Inc.",False
firsthive.com,,,False
firstimpression.io,,AppendAd LTD,False
firstlight.ai,,,False
firstpage.app,,,False
firstpost.com.edgesuite.net,CDN,Akamai Technologies,False
firstpromoter.com,,,False
firstshowing.b-cdn.net,CDN,BunnyCDN,False
firsttable.net,,,False
fischer.group,,,False
fiservapis.com,,,False
fiservapps.com,,,False
fisglobal.com,,,False
fishboardcrew.com,,,False
fishreports.com,,,False
fishrobotflower.com,,,False
fishstrong.com,,,False
fit-and-well.com,,,False
fitanalytics.com,,Fit Analytics GmbH,False
fitch.group,,,False
fitchgroup.co,,,False
fitfit.fitness,,,False
fitle.com,,,False
fitlg.com,,,False
fitness-anywhere-llc.myshopify.com,Analytics;CDN;Embedded Content;Online Payment,Shopify Inc.,False
fittingbox.com,,,False
five9.com,Support Chat Widget,"Five9, Inc",False
five9.net,,,False
fiverr.com,,Fiverr International Limited,False
fivetran.com,,,False
fixdpt.com,,,False
fixedfold.com,,"Leven Labs, Inc. DBA Admiral",False
fixtuur.com,,,False
fixtuur.io,,,False
fiztrade.com,,,False
fizzyacerbitymellow.com,,,False
fkrkkmxsqeb5bj9r.s3.amazonaws.com,CDN,"Amazon Technologies, Inc.",False
fksnk.com,,,False
fl.gov,,,False
flackr.github.io,CDN;Non-Tracking,"GitHub, Inc.",False
flagcdn.com,,,False
flaglog.com,,,False
flagsapi.com,,,False
flagship.io,,AB Tasty,False
flagsmith.com,,,False
flash-speed.com,,,False
flash.chat,,,False
flashb.id,,,False
flashbid.io,,,False
flashnetic.com,,,False
flashscore.com,,LiveSport Media Ltd,False
flashtalking.com,Action Pixels;Ad Motivated Tracking;Advertising;Analytics;Audience Measurement;Embedded Content;Session Replay;Third-Party Analytics Marketing,Mediaocean LLC,True
flastpick.com,,,False
flaticon.com,,Freepik Company,False
flaticons.net,,,False
flavedo.io,,,False
flavii.ru,,,False
flbx.io,,,False
fleetcdn.com,,,False
fleetfeet.myshopify.com,Analytics;CDN;Embedded Content;Online Payment,Shopify Inc.,False
flepquix.com,,,False
fleshlight.eu,,,False
fleshlight.studio,,,False
flexformz.com,,,False
flexiti.com,,,False
flexiti.fi,,,False
flexlinkspro.com,,,False
flexoffers.com,,,False
flexport.com,,,False
flibzee.com,,,False
flickr.com,,"SmugMug, Inc.",False
flickrocket.com,,,False
flightnetwork.com,,Flight Network Inc,False
flightsimulator-forums-cdn.azureedge.net,CDN,Microsoft Corporation,False
flightsimulator.azureedge.net,CDN,Microsoft Corporation,False
flightview.com,,OAG Aviation Worldwide LLC,False
flimsypark.com,,,False
flingster.com,,,False
flintrehab.b-cdn.net,CDN,BunnyCDN,False
flip-pay.com,,,False
flip.to,,,False
flipboard.com,,"Flipboard, Inc.",False
flipdesk.jp,,,False
flipdesk.net,,,False
fliphtml5.com,,,False
flipp.com,,Flipp Corp.,False
flipp.dev,,,False
flippback.com,,,False
flippenterprise.net,,,False
flipsnack.com,,,False
flirt-to-meet.com,,,False
flirtbees.com,,,False
flirtbees.me,,,False
flirtify-banners.pages.dev,,,False
flirtify.com,,,False
flix.tech,,,False
flix360.com,,,False
flixbus.com,,FlixMobility GmbH,False
flixcar.com,,,False
flixcart.com,,Walmart Inc.,False
flixcart.com.edgekey.net,,Akamai Technologies,False
flixcdn.com,,,False
flixfacts.com,,,False
floatboolean.com,,,False
flocdn.com,,,False
flock-staging.com,,,False
flockler.app,,,False
flockler.com,,,False
flocklr.com,,,False
flockmail.com,,,False
flockr.co,,,False
flocktory.com,,,False
flodesk.com,,"Flodesk, Inc.",False
flolive.tv,,,False
flomllr.com,,,False
floors.dev,,,False
flora-fauna-au.myshopify.com,Analytics;CDN;Embedded Content;Online Payment,Shopify Inc.,False
florajet.info,,,False
florajet.io,,,False
floridados.gov,,,False
floridalottery.com,,,False
flosports.map.fastly.net,Action Pixels;Ad Motivated Tracking;Advertising;Analytics;CDN;Embedded Content;Session Replay;Third-Party Analytics Marketing,"Fastly, Inc.",True
flosports.tv,,,False
flourish.studio,,,False
flov.b-cdn.net,CDN,BunnyCDN,False
flowagently.com,,,False
flowcenter.de,,,False
flowcode.com,,,False
flower-byte.com,,,False
flowershop.media,,,False
floweryfact.com,,"Leven Labs, Inc. DBA Admiral",False
flowmetric.life,,,False
flowplayer.com,,Flowplayer AB,False
flowplayer.org,CDN;Embedded Content,Flowplayer AB,False
flowpoint.ai,,,False
flowpros.com,,,False
flowsixteen.com,,,False
flowtype.press,,,False
floyder.com,,,False
floydhamilton.tech,,,False
fluencyinc.co,,,False
flugger.app,,,False
fluidplayer.com,,,False
fluidrausa.com,,,False
fluketest.myshopify.com,Analytics;CDN;Embedded Content;Online Payment,Shopify Inc.,False
flumserbergbahnen.ch,,,False
fluorescent.co,,,False
fluorescent.github.io,CDN;Non-Tracking,"GitHub, Inc.",False
flushpersist.com,,,False
flutter.github.io,CDN;Non-Tracking,"GitHub, Inc.",False
flutterseatech.it,,,False
flux-cdn.com,,FLUX Inc.,False
flux-footwear-llc.myshopify.com,Analytics;CDN;Embedded Content;Online Payment,Shopify Inc.,False
flux.jp,,FLUX Inc.,False
fluxsp.com,,,False
fluxtrck.site,,,False
flvcdn.net,,,False
flx10.com,,Neuranet Inc.,False
flybussen-api.azurewebsites.net,CDN,Microsoft Corporation,False
flybussen-cms.azurewebsites.net,CDN,Microsoft Corporation,False
flybuys.com.au,,,False
flyde.io,,,False
flyfishfood.myshopify.com,Analytics;CDN;Embedded Content;Online Payment,Shopify Inc.,False
flymyairport.com,,,False
flymyairport.vercel.app,,,False
flytanium.myshopify.com,Analytics;CDN;Embedded Content;Online Payment,Shopify Inc.,False
flytedesk.com,,,False
fmaal.com,,,False
fmgaggi.com,,,False
fmicassets.com,,Fender Musical Instruments Corporation,False
fml-x.com,,,False
fmm.io,,,False
fmolhs.org,,,False
fmoviess.org,,,False
fmpub.net,,Nexstar Media Group,False
fmsnsr.xyz,,,False
fn-pz.com,,The Walt Disney Company,False
fn.de,,,False
fnacdarty.com,,,False
fncstatic.com.edgekey.net,,Akamai Technologies,False
fndmspot.b-cdn.net,CDN,BunnyCDN,False
fndrsp.net,,,False
fnki.de,,,False
fobcompany.info,,,False
focal-naim.com,,,False
focas.jp,,,False
foerster.digital,,,False
folkal.com,,,False
follow.it,,,False
followupboss.com,,,False
fomo.com,,Fomo,False
font.im,,,False
fontawesome.com,CDN,Fonticons Inc,False
fontmetrics.net,,,False
fontplus.jp,,SoftBank Group Corp.,False
fonts.com,,Monotype Imaging Inc.,False
fonts.googleapis.com,CDN;Embedded Content,Google LLC,False
fonts.net,Action Pixels;CDN,Monotype Imaging Inc.,False
fontserif.com,,,False
fontshare.com,,,False
foodfacts-support-popup.netlify.app,,,False
foodfacts-voice-agent.netlify.app,,,False
foodinfluencersunited.com,,,False
foodinfluencersunited.nl,,,False
foodnetwork.co.uk,,,False
foodservicedirect.us,,,False
foodthinkers.com,,,False
foolcdn.com,,,False
footasylum.co.uk,,,False
footballdb-lb-vpc-872606826.us-east-1.elb.amazonaws.com,CDN,"Amazon Technologies, Inc.",False
footballfancastimages.com,,,False
footbathmockerpurse.com,,,False
footlocker.com,,"Foot Locker Retail, Inc.",False
footlocker.map.fastly.net,Action Pixels;Ad Motivated Tracking;Advertising;Analytics;CDN;Embedded Content;Session Replay;Third-Party Analytics Marketing,"Fastly, Inc.",True
footprint.net,,"CenturyLink, Inc.",False
footprintdns.com,,Microsoft Corporation,False
for-system.com,,,False
forbin.com,,,False
forbinservices.com,,,False
force.com,Embedded Content;SSO,"Salesforce.com, Inc.",False
ford.com,,Ford Motor Company,False
ford.com.edgekey.net,,Akamai Technologies,False
ford.eu,,,False
forddirectservices.com,,,False
fordeer.app,,,False
fordhamu.org,,,False
fordowner.b-cdn.net,CDN,BunnyCDN,False
fordpro.com.edgekey.net,,Akamai Technologies,False
foreca.net,,,False
forecast7.com,,,False
foreclosure.com,,,False
foreflight-www.s3.amazonaws.com,CDN,"Amazon Technologies, Inc.",False
foremedia.net,,,False
foresee.com,Action Pixels;Analytics;Audience Measurement;Session Replay,"ForeSee Results, Inc.",False
forestriverinc.com,,"Forest River, Inc",False
forethought.ai,,,False
forevergears.com,,,False
forfansnetwork.com,,,False
forgecdn.net,,"Amazon Technologies, Inc.",False
forgedleather.myshopify.com,Analytics;CDN;Embedded Content;Online Payment,Shopify Inc.,False
forgerock.io,,,False
forhims.com,,,False
forinvestcdn.com,,,False
forklabs.com,,,False
formassembly.com,,,False
format-webagentur.ch,,,False
formayday.com,,,False
formbricks.com,,,False
formcrafts.com,,,False
formhq.net,,,False
formilla.com,,,False
formsite.com,,,False
formstack.com,,Formstack,False
formtitan.com,,,False
formtoro.com,,,False
formula1.com,,Formula One Digital Media Limited,False
forroundprince.com,,,False
forscprts.com,,,False
forseasky.com,,,False
fortawesome.com,,Fonticons Inc,False
forter.com,Fraud Prevention,Forter Inc.,False
fortis.tech,,,False
fortiwebcloud.net,,,False
fortune3.com,,,False
forum-cfx-re.akamaized.net,CDN,Akamai Technologies,False
forumcomm.com,,,False
forumfoundry.com,,"StackPath, LLC",False
forumfree.net,,,False
forux.nl,,,False
forward-publishing.com,,,False
forward-publishing.io,,,False
fotlinc.com,,,False
fotocommunity.com,,fotocommunity GmbH,False
fotom.b-cdn.net,CDN,BunnyCDN,False
fotomoto.com,,,False
fotor.com,,"Chengdu Hengtu Science and Technology Co., Ltd.",False
fouanalytics.com,,"Marketing Science Consulting Group, Inc.",False
fouita.com,,,False
found.ee,,,False
found.io,,,False
foundationcenter.org,,,False
foureyes.io,,,False
fourhoi.com,,,False
fourlevelsgame.com,,,False
fourseasons.com.edgekey.net,,Akamai Technologies,False
foursixty.com,,,False
fourth.com,,Fourth Enterprises LLC,False
fout.jp,,"FreakOut Holdings, inc.",False
fox.com,,Fox Corporation,False
fox.com.edgekey.net,,Akamai Technologies,False
fox.com.edgesuite.net,CDN,Akamai Technologies,False
foxbusiness.com.edgekey.net,,Akamai Technologies,False
foxdcg.com,,"Twenty-First Century Fox, Inc.",False
foxecom.app,,,False
foxiceberg.com,,,False
foxkit.app,,,False
foxnews.com,,Fox Corporation,False
foxnews.com.edgekey.net,,Akamai Technologies,False
foxnews.com.edgesuite.net,CDN,Akamai Technologies,False
foxnewsradio.com,,,False
foxpush.net,,,False
foxsports.com,,Fox Corporation,False
foxsports.com.au,,FOX SPORTS Australia Pty Ltd,False
foxsports.com.edgekey.net,,Akamai Technologies,False
foxtv.com,,,False
foxvideo.akamaized.net,CDN,Akamai Technologies,False
foxvideo.global.ssl.fastly.net,Action Pixels;Ad Motivated Tracking;Advertising;Analytics;CDN;Embedded Content;Session Replay;Third-Party Analytics Marketing,"Fastly, Inc.",True
foxweather.com.edgekey.net,,Akamai Technologies,False
foxycart.com,,,False
fpadserver.com,,,False
fpjs.io,,,False
fpjs.sh,,,False
fpjscdn.net,,,False
fpnpmcdn.net,,,False
fppressa.ru,,,False
fps.goog,,,False
fpt.ai,,,False
fpt.vn,,,False
fpyf8.com,,,False
fr-dsa.edgekey.net,,Akamai Technologies,False
fr-v3.edgekey.net,,Akamai Technologies,False
fr.akamaized.net,CDN,Akamai Technologies,False
fr.edgekey.net,,Akamai Technologies,False
fr.edgesuite.net,CDN,Akamai Technologies,False
fr3nd.net,,,False
fragrancenet.com,,"TeleScents, Inc.",False
framablog.org,,Framasoft.org,False
framasoft.org,,Alexis Kauffmann,False
framegas.com,,,False
framegas2.com,,,False
framer.com,,Motif Tools B.V.,False
framer.website,,,False
framerstatic.com,,,False
framerusercontent.com,,,False
frames-rbc-com-1075192430.us-east-1.elb.amazonaws.com,CDN,"Amazon Technologies, Inc.",False
france24.com.edgekey.net,,Akamai Technologies,False
francetravail.fr,,,False
francetv.fr,,France Televisions S.A.,False
franchising.com,,,False
franke-media.net,,,False
franklintempleton.com.edgekey.net,,Akamai Technologies,False
frantisekfr.github.io,CDN;Non-Tracking,"GitHub, Inc.",False
franzredheadline.com,,,False
fraport.com,,,False
frase.io,,,False
frasersgroup.services,,,False
fraud0.com,,,False
fraudblocker.com,,,False
fraudjs.io,,,False
frc-cappital.co,,,False
frc.org,,,False
frcapi.com,,,False
freditorsuberra.com,,,False
free-datings.com,,,False
freecash.com,,,False
freecaster.com,,Freecaster SPRL,False
freecreditkarmatax.com,,,False
freedom-fatigues.myshopify.com,Analytics;CDN;Embedded Content;Online Payment,Shopify Inc.,False
freedomadnetwork.com,,,False
freefind.com,,FreeFind.com,False
freefiremobile-a.akamaihd.net,CDN,Akamai Technologies,False
freegeoip.app,,,False
freegeoip.net,,apilayer GmbH,False
freeipapi.com,,,False
freelock.com,,,False
freeprivacypolicy.com,,,False
freeshipping-essential-apps.uk,,,False
freesmartphonenow.co,,,False
freespee.com,,Kaisa Technologies AB,False
freespoke.com,,,False
freestar.com,,"Publisher First, Inc. dba Freestar",False
freestrip.chat,,,False
freestyleprovider.abbott,,,False
freeterabox.com,,,False
freevideogames.org,,,False
freeviewplay.tv,,,False
freewill.com,,,False
freizeitanlagen-meiringen.ch,,,False
frenchbee.com.edgekey.net,,Akamai Technologies,False
frend.dev,,,False
frenzy.ai,,,False
frenzyai.click,,,False
fresh8.co,,Sportradar AG,False
freshatl.azurewebsites.net,CDN,Microsoft Corporation,False
freshbots.ai,,,False
freshchat.com,,Freshworks Inc,False
freshclick.co.uk,,,False
freshdesk.com,,Freshworks Inc,False
freshdev.io,,,False
freshify.click,,,False
freshmarketer.com,,,False
freshmarketer.com.au,,,False
freshmarketer.eu,,,False
freshmarketer.in,,,False
freshpaint-cdn.com,,,False
freshpaint-hipaa-maps.com,,,False
freshpaint-hipaa-videos-proxy.com,,,False
freshpaint-impression.com,,,False
freshpaint-proxy.com,,,False
freshpaint-video.com,,,False
freshpair.myshopify.com,Analytics;CDN;Embedded Content;Online Payment,Shopify Inc.,False
freshrelevance.com,,,False
freshservice.com,,,False
freshworks.com,,Freshworks Inc,False
freshworksapi.com,,,False
fressnapf.com,,,False
fribikeshop-cdn-endpoint.azureedge.net,CDN,Microsoft Corporation,False
friendlyanalytics.ch,,,False
friendlycaptcha.com,,,False
friends2follow-us.s3.amazonaws.com,CDN,"Amazon Technologies, Inc.",False
friends2follow.com,,,False
frigidpine.com,,,False
frisbii-media.com,,,False
friv.com,,,False
frizbit.com,,,False
frizzymedia.com,,,False
frmrspply.myshopify.com,Analytics;CDN;Embedded Content;Online Payment,Shopify Inc.,False
frogdr.com,,,False
frojd.se,,,False
fromdoppler.com,,,False
front.ai,,,False
frontapp.com,,,False
frontastic.live,,,False
frontgate.com.edgekey.net,,Akamai Technologies,False
frontier.com,,Frontier Communications,False
frontify.com,,,False
frontnow.app,,,False
frontstagelabs.com,,,False
froomle.com,,,False
froonze.com,,,False
frosmo.com,,Frosmo Ltd,False
frozenpayerpregnant.com,,,False
frpiwik.js,,,False
frspecifics.com,,,False
frstre.com,,,False
frugalfiestas.com,,,False
frvr.com,,,False
fsaptech.com,,,False
fsastech.com,,,False
fsbocloud.net,,,False
fscache.com,,,False
fsdn.com,,,False
fservr.com,,,False
fsh9wdj.com,,,False
fslive.ca,,,False
fsrv.io,,,False
fsspx.org,,,False
fssta.com,,"Twenty-First Century Fox, Inc.",False
fstatic.nl,,,False
fsuwire.com,,,False
ft.com,,The Financial Times Limited,False
ftd.agency,,,False
ftd.com.edgekey.net,,Akamai Technologies,False
ftdx.io,,,False
ftf-gateway.com,,,False
ftfguns.com,,,False
fti.net,,,False
ftlaunchpad.ai,,,False
fts.edgesuite.net,CDN,Akamai Technologies,False
ftscrt.com,,Secret Industries,False
ftspeed.com,,,False
ftstatic.com,,Mediaocean LLC,False
ftven.fr,,,False
ftw.com,,,False
ftwoa.de,,,False
fubo-tv.map.fastly.net,Action Pixels;Ad Motivated Tracking;Advertising;Analytics;CDN;Embedded Content;Session Replay;Third-Party Analytics Marketing,"Fastly, Inc.",True
fuckyoucash.com,,,False
fudge.ai,,,False
fudgegenie.com,,,False
fuego.io,,,False
fuelcdn.com,,"Salesforce.com, Inc.",False
fueldigitalmedia.ca,,,False
fueled.io,,,False
fuelinspector.com,,,False
fuelmedia.io,,,False
fuelx.com,,,False
fugu-it.com,,,False
fulcrumsaas.net,,,False
fullbeaker.com,,,False
fullcircleinsights.com,,,False
fullcontact.com,,,False
fullenrich.com,,,False
fullfatcommerce.com,,,False
fullpath.com,,,False
fullres.net,,,False
fullscript.cloud,,,False
fullscript.com,,,False
fullscript.io,,,False
fullsession.io,,,False
fullstop.ai,,,False
fullstory.com,Analytics;Session Replay,FullStory,False
fulltrack.org,,,False
fullxcinema.cc,,,False
func-komplett-experiment-survey-prod.azurewebsites.net,CDN,Microsoft Corporation,False
functionhealth.com,,,False
functionstring.com,,,False
fundmetric.com,,,False
fundraiseup.com,,,False
fundrazr.com,,ConnectionPoint Systems Inc.,False
fundsxpress.com,,"Fiserv, Inc.",False
fundy.cloud,,,False
funke-dbn.de,,,False
funke-next-level.de,,,False
funkedigital.de,,,False
funkemedien.de,,,False
funnelfuel.io,,,False
funnelytics.io,,,False
funnelytics.workers.dev,,,False
funraise.io,,,False
funsdata.com,,,False
funtrivia.b-cdn.net,CDN,BunnyCDN,False
fuq.com,,,False
furiousexpansion.com,,,False
furnishedbuilding.com,,,False
furnituredealer.net,,Andrew Bernstein,False
fusedeck.net,,,False
fuseignited.com,,,False
fuseplatform.net,,,False
fusepump.com,,,False
fusion-platform.com,,,False
fusioncdn.com,,,False
fusionconnect.com,,,False
futoshiki.com,,,False
futuau.com,,,False
future-publishing.map.fastly.net,Action Pixels;Ad Motivated Tracking;Advertising;Analytics;CDN;Embedded Content;Session Replay;Third-Party Analytics Marketing,"Fastly, Inc.",True
future.net.uk,,,False
futurecdn.net,CDN,Future Plc,False
futurehybrid.tech,,,False
futureplc.com,,Future Plc,False
futureshareai.com,,,False
futustatic.com,,,False
futy.io,,,False
fuzzopoly.com,,,False
fvn-front.s3.amazonaws.com,CDN,"Amazon Technologies, Inc.",False
fvnmm.s3.amazonaws.com,CDN,"Amazon Technologies, Inc.",False
fw-cdn.com,,,False
fwbzswe.x.incapdns.net,CDN,Imperva Inc.,False
fwcdn.pl,,,False
fwcdn2.com,,,False
fwcdn3.com,,,False
fwdcdn.com,,,False
fwmrm.net,Ad Motivated Tracking;Advertising;Analytics;Third-Party Analytics Marketing,FreeWheel,True
fwpixel.com,,,False
fwpub1.com,,,False
fwrdassets.com,,,False
fwscripts.com,,,False
fwtrck.com,,,False
fwusercontent.com,,,False
fxctag.com,,,False
fxnetworks.com.edgekey.net,,Akamai Technologies,False
fxxy.net,,,False
g--o.info,,,False
g-ha-1und1.de,,,False
g-ha-gmx.net,,,False
g-p-static.com,,,False
g.globo,,,False
g.sni.global.fastly.net,Action Pixels;Ad Motivated Tracking;Advertising;Analytics;CDN;Embedded Content;Session Replay;Third-Party Analytics Marketing,"Fastly, Inc.",True
g10102301085.co,,,False
g10300385420.co,,,False
g10498469755.co,,,False
g10696554090.co,,,False
g10894638425.co,,,False
g1188506010.co,,,False
g1386590346.co,,,False
g1584674684.co,,,False
g1782759015.co,,,False
g17media.net,,,False
g1980843350.co,,,False
g1980843351.co,,,False
g1ibtuk.b-cdn.net,CDN,BunnyCDN,False
g2.com,,,False
g2.shared.global.fastly.net,Action Pixels;Ad Motivated Tracking;Advertising;Analytics;CDN;Embedded Content;Session Replay;Third-Party Analytics Marketing,"Fastly, Inc.",True
g2.shared.us-eu.fastly.net,Action Pixels;Ad Motivated Tracking;Advertising;Analytics;CDN;Embedded Content;Session Replay;Third-Party Analytics Marketing,"Fastly, Inc.",True
g2crowd.com,,,False
g2g.com,,,False
g2g.com.edgekey.net,,Akamai Technologies,False
g594253006.co,,,False
g6aze3-rt.myshopify.com,Analytics;CDN;Embedded Content;Online Payment,Shopify Inc.,False
g792337340.co,,,False
g792337341.co,,,False
g7cloud.com,,,False
g9508048080.co,,,False
g9706132415.co,,,False
g9904216750.co,,,False
g9hc4.cn,,,False
ga-server-side-tagging-latam-k6sb2lwzta-ue.a.run.app,,Google LLC,False
gaamess.com,,,False
gaconnector.com,,,False
gacraft.jp,,,False
gadget.app,,,False
gadgethacks.pages.dev,,,False
gadgetreview.dev,,,False
gadgets360.com.edgekey.net,,Akamai Technologies,False
gaiagps.com,,,False
gal-cdn-font.pages.dev,,,False
galada.it,,,False
galaxiemedia.fr,,,False
galaxus.com,,,False
galaxy.tf,,,False
gallerieshub.com,,,False
galleryjs.io,,,False
gallerymediagroup.com,,,False
gallerysites.net,,"Brightcove, Inc.",False
gallup.is,,,False
gamalpha.com,,,False
gambiohub.com,,,False
gambitco.io,,,False
gambly.com,,,False
gambytservices.com,,,False
game-hub-admin-media-library-production.s3.eu-west-2.amazonaws.com,CDN,"Amazon Technologies, Inc.",False
gameanalytics.com,,Mobvista,False
gameboss.com,,,False
gamechanger.io,,Dick's Sporting Goods,False
gamedistribution.com,,,False
gamedock.io,,,False
gameforge.com.edgesuite.net,CDN,Akamai Technologies,False
gamemonkey.org,,,False
gamepulse.live,,,False
gamesatlas.com,,,False
gamesmeter.nl,,,False
gamewatcherstatic.com,,Strategy Informer,False
gamifiera.com,,,False
gaming-assets.com,,,False
gaming-cdn.com,,,False
gammacdn.com,,,False
gammaclown.com,,,False
gammaentertainment.com,,,False
gammaplatform.com,,,False
gamooga.com,,,False
gamoshi.io,,,False
gamsgo2.com,,,False
gamsgocdn.com,,,False
gamurs.group,,,False
gamurs.workers.dev,,,False
gamx.io,,,False
ganalytics.live,,,False
ganjing.world,,,False
ganjingworld.com,,,False
gankana.com,,,False
gannett-cdn.com,CDN,"Gannett Co., Inc.",False
gannett.map.fastly.net,Action Pixels;Ad Motivated Tracking;Advertising;Analytics;CDN;Embedded Content;Session Replay;Third-Party Analytics Marketing,"Fastly, Inc.",True
gannettdigital.com,,"Gannett Co., Inc.",False
ganzworld.com,,,False
gapinc.com,,"The Gap, Inc.",False
gapsoftware.asia,,,False
gardenbuildingsdirect.b-cdn.net,CDN,BunnyCDN,False
gardengatelibrary.com,,,False
gardensalive.com,,Gardens Alive,False
garena.com.akamaized.net,CDN,Akamai Technologies,False
garlicice.store,,,False
garnethill.com.edgekey.net,,Akamai Technologies,False
garnetmarketplace.com,,,False
garpf.com,,,False
gasads.net,,,False
gasbuddy.com,,Gasbuddy LLC,False
gasrv.net,,,False
gatedata.org,,,False
gatedcontent.com,,Esperto Ltd,False
gatekeeper-1082318271.us-east-1.elb.amazonaws.com,CDN,"Amazon Technologies, Inc.",False
gatekeeperconsent.com,,,False
gather.forum,,,False
gathercustomers.com,,,False
gatherup.com,,,False
gator.io,,NetApplications.com,False
gatorapi.com,,,False
gatorleads.co.uk,,,False
gatorswire.com,,,False
gatsby.tech,,,False
gaug.es,,,False
gauthai-us.com,,,False
gauthmath.com.edgekey.net,,Akamai Technologies,False
gauthmath.com.edgesuite.net,CDN,Akamai Technologies,False
gauthstatic-us.com,,,False
gauthstatic.com,,,False
gavinrozzi.com,,,False
gay-beur.com,,,False
gayadnetwork.com,,Gay Ad Network,False
gaycities-wp.b-cdn.net,CDN,BunnyCDN,False
gaydemon.com,,,False
gayporn.com,,,False
gayporn.live,,,False
gays-cruising.es,,,False
gayxnow.com,,,False
gayxo.cam,,,False
gaz-man.myshopify.com,Analytics;CDN;Embedded Content;Online Payment,Shopify Inc.,False
gazelle.nl,,,False
gazeta.pl,,AGORA SA,False
gazeta.press,,,False
gazzetta.it,,La Gazzetta dello Sport Societa' Editrice a r.l.,False
gazzettaobjects.it,,,False
gb-ingest.com,,,False
gbads.io,,,False
gbads.net,,,False
gbadtech.io,,,False
gbdomainapi.xyz,,,False
gblcdn.com,,,False
gbn-production-web-alb-2022967742.eu-north-1.elb.amazonaws.com,CDN,"Amazon Technologies, Inc.",False
gbqofs.com,,Glassbox Ltd.,False
gbqofs.io,,Glassbox Ltd.,False
gbss.io,,Glassbox Ltd.,False
gbst.com,,,False
gc5.in,,,False
gccdn.net,,"CDNetworks Co., LTD.",False
gcdn.co,,G-Core Innovations S.a.r.l,False
gcolle.net,,,False
gcorelabs.com,,,False
gcp.edgekey.net,,Akamai Technologies,False
gcpp.io,,,False
gcprivacy.com,,,False
gcprivacy.id,,,False
gcprivacy.net,,,False
gcs-us-prod.s3.us-west-2.amazonaws.com,CDN,"Amazon Technologies, Inc.",False
gdata-gnudsfcesq-uc.a.run.app,,Google LLC,False
gdaygroup.com.au,,,False
gdc-rad.com,,,False
gdcgroup.io,,,False
gdeslon.ru,,AdTech One Ltd.,False
gdfaic.com,,,False
gdfarg.com,,,False
gdfgsdjkfhgsjdfhg.club,,,False
gdfsntgr.com,,,False
gdlservices.nl,,,False
gdm-universal-media.b-cdn.net,CDN,BunnyCDN,False
gdprcdn.b-cdn.net,CDN,BunnyCDN,False
gdriveplayer.to,,,False
gdriveplayer.us,,,False
gdxtag.com,,,False
ge.ch,,Republique et Canton de Geneve,False
gear4music.com,,,False
gearbubbles.com,,,False
gearlabnw.net,,,False
gearupportal.com,,,False
gecata.com,,,False
geckochat.io,,,False
geckoengage.com,,,False
geckoform.com,,,False
gedi.it,,,False
gedidigital.it,,,False
gedistatic.it,,,False
geekom.es,,,False
geeky-gadgets.net,,,False
geetest.com,,"Wuhan Jiyi Network Technology Co., Ltd.",False
geforce.com,,Nvidia Corporation,False
geico.com,,GEICO,False
geistm.com,,GeistM,False
gelacy.app,,,False
gelato.tech,,,False
gelestatic.it,,Elemedia S.p.A.,False
gelsen.net,,,False
gemcommerce.com,,,False
geminiams.com,,,False
gemius.pl,Ad Motivated Tracking;Advertising;Audience Measurement,Gemius S.A.,True
gempages.net,,,False
gemporia.io,,,False
gen-ref.com,,,False
gendigital.com,,,False
gendiscover.com,,,False
geneacdn.net,,GeneaNet SA,False
genealogybank.com,,NewsBank,False
genealogyinc.com,,,False
generac.com,,"Generac Power Systems, Inc.",False
generateblocks.com,,,False
generatepress.com,,EDGE22 Studios LTD.,False
genesys.com,,,False
geni.us,,GEORIOT,False
geniee-search.net,,,False
geniee.jp,,,False
genieedmp.com,,"Geniee, inc.",False
genieessp.com,,Geniee International Pte.Ltd,False
genieesspv.jp,,"Geniee, inc.",False
geniuslinkcdn.com,,,False
geniusmonkey.com,,Optimize LLC,False
geniussports.com,,,False
geno.me,,,False
geo-1040374038.us-west-2.elb.amazonaws.com,CDN,"Amazon Technologies, Inc.",False
geo-targetly.com,,,False
geo.us-east-1.amazonaws.com,CDN,"Amazon Technologies, Inc.",False
geoapify.com,,,False
geoapp.me,,,False
geocomply.com,,GeoComply Global Inc,False
geodataonline.no,,,False
geodatenzentrum.de,,,False
geoedge.be,,Five Media Marketing Limited,False
geoedge.com,,Five Media Marketing Limited,False
geofabrik.de,,,False
geohb.b-cdn.net,CDN,BunnyCDN,False
geoip-db.com,,,False
geoip-js.com,,MaxMind Inc.,False
geoip-prod-in.trafficmanager.net,CDN,Microsoft Corporation,False
geoiplookup.io,,,False
geoipwebservice.com,,,False
geojs.io,,,False
geolizr.com,,,False
geolocation-db.com,,,False
geomant.cloud,,,False
geometry.today,,,False
geonetric.com,,,False
geopf.fr,,,False
geoplugin.net,,,False
geoproapp.com,,,False
georges-cameras-au.myshopify.com,Analytics;CDN;Embedded Content;Online Payment,Shopify Inc.,False
georgi-ae4.workers.dev,,,False
geosapp.com,,,False
geosolinc.com,,,False
geostock.app,,,False
geotargetly-api-1.com,,,False
geotargetly-api-2.com,,,False
geotargetly-api-4.com,,,False
geotrust.com,,"DigiCert, Inc.",False
geox.com,,Geox Spa,False
geozo.com,,,False
gep-hosting.de,,,False
gerstaecker.rocks,,,False
get-advantage.org,,,False
get-potions.com,,,False
getabetterbrowser.com,,,False
getadigital.cloud,,,False
getadmiral.com,,,False
getalma.eu,,,False
getambassador.com,,ZFERRAL INC,False
getamigo.io,,,False
getandplay.web.id,,,False
getangler.ai,,,False
getback.ch,,adfocus GmbH,False
getbeamer.com,,,False
getbee.io,,,False
getbento.com,,,False
getblue.io,,getblue,False
getblueshift.com,,,False
getbootstrap.com,,,False
getbread.com,,Bread,False
getbring.com,,,False
getbynder.com,,,False
getcam4.com,,,False
getcandid.com,,FIVEACES INC,False
getchacha.com,,,False
getclicky.com,Ad Fraud;Analytics,Roxr Software Ltd,False
getclipara.com,,,False
getcollectr-com.b-cdn.net,CDN,BunnyCDN,False
getcontextual.io,,,False
getcreditone.com,,,False
getdalton.com,,,False
getdeviceinf.com,,,False
getdeviceinfresolver.com,,,False
getdrip.com,,"Avenue 81, Inc.",False
getelevar.com,,,False
getepicapi.com,,,False
getescapehatch.com,,,False
getfastr.com,,,False
getflits.com,,,False
getflowbox.com,,cyon GmbH,False
getfondue.com,,,False
getgist.com,,,False
getgobot.com,,,False
gethatch.com,,,False
gethomesome.com,,,False
gethovr.com,,,False
gethypervisual.com,,Toby Marsden,False
getinline.tech,,,False
getinterlinks.com,,,False
getjad.io,,,False
getjan.io,,,False
getjoy.ai,,,False
getjurni.ai,,,False
getjust.eu,,,False
getkoala.com,,,False
getlasso.co,,"Lasso Analytics, Inc",False
getleadforms.com,,,False
getletterpress.com,,,False
getlighthouse.io,,,False
getlimy.ai,,,False
getlisten2it.com,,,False
getmacha.com,,,False
getmason.io,,,False
getmdl.io,,Google LLC,False
getmetrical.com,,,False
getmetrion.com,,,False
getmodemagic.com,,,False
getmulberry.com,,,False
getn7.io,,,False
getnitropack.com,,,False
getnomad.app,,,False
getnoticed.nl,,,False
getpinwheel.com,,,False
getpocket.com,,"Read It Later, Inc",False
getpostman.com,,,False
getpublica.com,,"Integral Ad Science, Inc.",False
getpurpledot.com,,,False
getqonfi.com,,,False
getrave.com,,Rave Wireless,False
getreditus.com,,,False
getredo.com,,,False
getresponse.com,,,False
getrockerbox.com,,"Rockerbox, Inc.",False
getroster.com,,,False
getscriptjs.com,,,False
getscrolly.com,,,False
getsentry.com,,"Functional Software, Inc.",False
getshopstar.com,,,False
getsitecontrol.com,Ad Motivated Tracking;Analytics;Audience Measurement;Embedded Content;Third-Party Analytics Marketing,GetWebCraft Limited,True
getsitectrl.com,,,False
getskitickets.com,,,False
getsmartacre.github.io,CDN;Non-Tracking,"GitHub, Inc.",False
getsmartcontent.com,,,False
getsnworks.com,,,False
getsontheroad.com,,,False
getsquirrel.co,,,False
getswan.com,,,False
getsyncmatic.com,,,False
gettermscmp.com,,,False
gettopple.com,,,False
gettyimages.com,,"Getty Images, Inc.",False
getuploadkit.com,,,False
getwair.com,,,False
getwarmly.com,,,False
getwhoosh.ai,,,False
getwinback.com,,,False
getwoohoo.com,,,False
getyourguide.com,,GetYourGuide AG,False
getzowie.com,,,False
gexperiments1.com,,,False
gexperiments5.com,,,False
gfgstatic.com,,,False
gfiber.com,,,False
gfinityesports.com,,,False
gfrcdn.net,,GFR Media LLC,False
gfx.no,,,False
gg.edgesuite.net,CDN,Akamai Technologies,False
ggh1tn9y.com,,,False
ggpht.com,,Google LLC,False
ggpt.b-cdn.net,CDN,BunnyCDN,False
ggs-dwh.com,,,False
ggsc.s3.us-west-2.amazonaws.com,CDN,"Amazon Technologies, Inc.",False
gh-bass-admin.myshopify.com,Analytics;CDN;Embedded Content;Online Payment,Shopify Inc.,False
gh-test-site.myshopify.com,Analytics;CDN;Embedded Content;Online Payment,Shopify Inc.,False
ghbtns.com,,,False
ghostbed-cms.com,,,False
ghostbed.myshopify.com,Analytics;CDN;Embedded Content;Online Payment,Shopify Inc.,False
ghostbuster.ai,,,False
ghostery-cdn.b-cdn.net,CDN,BunnyCDN,False
ghostery.net,,,False
ghostmetrics.cloud,,,False
ghostmonitor.com,,ASDF Informatika Kft.,False
ghostplugins.dev,,,False
ghostretail.com,,,False
giant-bicycles.com,,Giant Europe B.V.,False
gibtau.b-cdn.net,CDN,BunnyCDN,False
gibtus.b-cdn.net,CDN,BunnyCDN,False
gideo.video,,,False
gideontaylor.com,,,False
gie.net,,,False
gifsauce.com,,,False
giftadvisor.com,,,False
giftcardpro.app,,,False
giftcards.ca,,,False
giftflick.com.au,,,False
gifts-australia-prod.myshopify.com,Analytics;CDN;Embedded Content;Online Payment,Shopify Inc.,False
giftship.app,,,False
giftup.app,,,False
gigabyte.com,,"Giga-Byte Technology Co., Ltd.",False
gigabyte.com.akamaized.net,CDN,Akamai Technologies,False
gigcasters.com,,,False
gigit-ai.com,,,False
gigmasters-cdn.s3.amazonaws.com,CDN,"Amazon Technologies, Inc.",False
gigya-api.com,,,False
gigya-ext.com,,,False
gigya.com,Analytics;CDN;Embedded Content;SSO;Third-Party Analytics Marketing,Gigya Inc,False
gimii.fr,,,False
gio.com.au,,,False
giosg.com,,giosg.com Ltd.,False
giosgusercontent.com,,,False
gipcdg.fr,,,False
giphy.com,,Giphy LLC,False
giraff.io,,,False
girls.chat,,,False
girlsrimguys.net,,,False
giscus.app,,,False
gismeteo.net,,,False
gismeteo.st,,,False
gist-it.appspot.com,CDN,Google LLC,False
gist-widget.b-cdn.net,CDN,BunnyCDN,False
gist.ai,,,False
gist.build,,,False
gitbook.com,,,False
gitcdn.github.io,CDN;Non-Tracking,"GitHub, Inc.",False
githack.com,,,False
github.blog,,,False
github.com,CDN,"GitHub, Inc.",False
githubassets.com,,"GitHub, Inc.",False
githubfix.myshopify.com,Analytics;CDN;Embedded Content;Online Payment,Shopify Inc.,False
gitlab.net,,,False
giveaway.ninja,,,False
givebutter.com,,,False
givebuttercdn.com,,,False
givechariot.com,,,False
givecloud.co,,,False
givemesportimages.com,,,False
givevacation.com,,"Leven Labs, Inc. DBA Admiral",False
gizapp.b-cdn.net,CDN,BunnyCDN,False
gizmoanalytics.io,,,False
gizokraijaw.net,,,False
gizsite.b-cdn.net,CDN,BunnyCDN,False
gizwww.b-cdn.net,CDN,BunnyCDN,False
gjcdn.net,,"Lucent Web Creative, LLC",False
gjensidige.io,,,False
gjigle.com,,,False
gjirafa.com,,,False
gkdra.b-cdn.net,CDN,BunnyCDN,False
glacialcdn.com,,,False
gladly.com,,"Sagan Systems, Inc.",False
gladysway.com,,,False
glamour.com,,Conde Nast Publications Inc.,False
glance.net,,Glance Networks Inc,False
glancecdn.net,,Glance Networks Inc,False
glassboxcdn.com,,,False
glassboxcloud.com,,,False
glassboxdigital.io,,Glassbox Ltd.,False
glasscoyote.com,,,False
glassdoor.com,,"Glassdoor, Inc.",False
glassesdirect.com,,,False
glasseson.com,,,False
glassesshop.com.edgekey.net,,Akamai Technologies,False
glassesusa.com,,Glasses USA Inc.,False
glauco.it,,,False
glb.network,,,False
glcaapi.com,,,False
gleam-prod-user-assets.s3.amazonaws.com,CDN,"Amazon Technologies, Inc.",False
gleam.io,,,False
gleamjs.io,,,False
gleap.io,,,False
gleen.ai,,,False
glennissolutions.com,,,False
glia.com,,,False
gliacloud.com,,,False
gliastudios.com,,,False
glimg.net,,,False
glimmersmugglingsullen.com,,,False
global-e.com,,,False
global-ecom-solutions.com,,,False
global-entity-service-usa.s3.amazonaws.com,CDN,"Amazon Technologies, Inc.",False
global.abb,,,False
global.brother,,,False
globalauctionplatform.com,,MetroPress Ltd.,False
globalcdn.co,,,False
globalcommercemedia.com,,,False
globalhighlights.com.edgekey.net,,Akamai Technologies,False
globaloliveyoungshop.com,,,False
globalreach.com,,Global Reach,False
globalredundantservers.com,,,False
globalrize.org,,,False
globalshopex.com,,,False
globalsign.com,,"GMO GlobalSign, Inc.",False
globalsiteanalytics.com,,Experian PLC,False
globalsitemonitor.com,,,False
globalsun.io,,,False
globalwebindex.net,,,False
globenewswire.com,,West Corporation,False
globo.com,,Globo Comunicacao e Participacoes S.A.,False
globo.io,,,False
globonet.ch,,,False
glomex.com,,,False
glood.ai,,,False
glopal.com,,,False
glorious-pc-gaming-race.myshopify.com,Analytics;CDN;Embedded Content;Online Payment,Shopify Inc.,False
gloriousbeef.com,,"Leven Labs, Inc. DBA Admiral",False
glossom.jp,,,False
glotgrx.com,,,False
glowfireworks.com,,,False
glsnxt.com,,,False
glssp.net,,,False
gltt.b-cdn.net,CDN,BunnyCDN,False
gm-cdn.com,,,False
gm.com,,General Motors LLC,False
gm.com.edgekey.net,,Akamai Technologies,False
gmass.b-cdn.net,CDN,BunnyCDN,False
gmc-cloud.net,,,False
gmc.com.edgekey.net,,Akamai Technologies,False
gmcard.com,,,False
gmedd.b-cdn.net,CDN,BunnyCDN,False
gmfgcdn.azureedge.net,CDN,Microsoft Corporation,False
gmg.io,,Graham Media Group,False
gminfotech.net,,,False
gmo-cybersecurity.com,,,False
gmo.jp,,,False
gmodules.com,,Google LLC,False
gmossp-sp.jp,,GMO AD Marketing Inc.,False
gmt-service-lb-tagging-2056181623.eu-central-1.elb.amazonaws.com,CDN,"Amazon Technologies, Inc.",False
gmti.b-cdn.net,CDN,BunnyCDN,False
gmxes.com,,,False
gna-online-webstore-prod-we.azurewebsites.net,CDN,Microsoft Corporation,False
gnatta.com,,,False
gnetwork.me,,,False
gnezdo.ru,,,False
gnod.com,,,False
gntn-pgd.it,,,False
gnv2.net,,,False
gnwcdn.com,,,False
go-ahead.com.edgekey.net,,Akamai Technologies,False
go-duquesne.org,,,False
go-fet.ch,,,False
go-mo.ch,,,False
go-mpulse.net,Analytics,Akamai Technologies,False
go-sandiegostate.org,,,False
go-srv.com,,,False
go-uah.org,,,False
go-vip.net,,,False
go.com,,The Walt Disney Company,False
go.com.edgekey.net,,Akamai Technologies,False
go2cloud.org,,Seattle Technology,False
go2net.com.ua,,,False
go2perseo.com,,,False
go2sdk.com,,,False
go7.io,,,False
goaa.aero,,,False
goaaa.com,,,False
goadfuel.net,,,False
goadopt.io,,,False
goadservices.com,,,False
goadx.com,,,False
goaffpro.app,,,False
goaffpro.com,,,False
goaserv.com,,Media Impact Group,False
goatcounter.com,,,False
goaudience.com,,,False
goaudio.ai,,,False
gobankingrates.com,,ConsumerTrack Inc.,False
gocertify.me,,,False
goclicknext.com,,,False
godaddy.com,,GoDaddy Inc.,False
godaddy.com.edgekey.net,,Akamai Technologies,False
godatafeed.com,,,False
godot.foundation,,,False
goelevent.com,,,False
goeuro.com,,GoEuro Travel GmbH,False
gofevo.com,,,False
goflorida.blog,,,False
goformative.com,,,False
gofundme.com,,"GoFundme, Inc.",False
gofuse.com,,,False
gog-statics.com,,,False
gograbon1.azureedge.net,CDN,Microsoft Corporation,False
goheels.com,,"Learfield Communications, Inc.",False
goibibo.com.edgekey.net,,Akamai Technologies,False
goinstore.com,,,False
gojiberry.app,,,False
gokwik.co,,,False
gokwik.io,,,False
gol.bg,,,False
gold-usergeneratedcontent.net,,,False
gold.de,,,False
goldbroker.com,,FDR CAPITAL LIMITED,False
golden-gateway.com,,,False
goldendev.win,,,False
goldinteractive.ch,,,False
goldles.com,,,False
golem.de,,Golem Media GmbH,False
golfchannel.com,,"TGC, LLC",False
golfid.io,,Comcast Corporation,False
golfnow.com.edgekey.net,,Akamai Technologies,False
gomatinequisheoi.com,,,False
gomega.ai,,,False
gometto.com,,,False
gomoxie.solutions,,Moxie Software Inc.,False
gondolagnome.com,,"Leven Labs, Inc. DBA Admiral",False
gonet-ads.com,,,False
gonift.com,,,False
goo.gl,,Google LLC,False
goo999gle-ana999lytics.com,,,False
good-apps.co,,,False
good-loop.com,,,False
goodays.co,,,False
goodcontentservice.top,,,False
gooddevil1.myshopify.com,Analytics;CDN;Embedded Content;Online Payment,Shopify Inc.,False
gooddog-growthbook-cdn.b-cdn.net,CDN,BunnyCDN,False
goodglamm.com,,,False
goodguys.ai,,,False
goodimpressioncrboost.com,,,False
goodmetrics.io,,,False
goodreads.com,,"Amazon Technologies, Inc.",False
goodreels.com,,,False
goodseeco.myshopify.com,Analytics;CDN;Embedded Content;Online Payment,Shopify Inc.,False
goodsmile.jp,,,False
goodvibesmatterforus.com,,,False
goodwaygroup.com,,,False
google-analytics.com,Advertising;Analytics;Audience Measurement;Third-Party Analytics Marketing,Google LLC,True
google-server-side-tag-manager-simpel-5s5tlofmdq-ew.a.run.app,,Google LLC,False
google.ca,,Google LLC,False
google.ch,,Google LLC,False
google.cn,,Google LLC,False
google.co.jp,,Google LLC,False
google.co.uk,,Google LLC,False
google.com,Ad Motivated Tracking;Advertising;CDN;Online Payment,Google LLC,True
google.com.au,,Google LLC,False
google.cz,,Google LLC,False
google.de,,Google LLC,False
google.es,,Google LLC,False
google.fr,,Google LLC,False
google.ie,,Google LLC,False
google.nl,,Google LLC,False
google.no,,Google LLC,False
google.ru,,Google LLC,False
google.se,,Google LLC,False
googleads.github.io,CDN;Non-Tracking,"GitHub, Inc.",False
googleadservices.com,Ad Motivated Tracking;Advertising,Google LLC,True
googlechromelabs.github.io,CDN;Non-Tracking,"GitHub, Inc.",False
googlecommerce.com,,Google LLC,False
googlehosted.com,,Google LLC,False
googleoptimize.com,,Google LLC,False
googles.video,,,False
googlesyndication.com,Ad Motivated Tracking;Advertising,Google LLC,True
googletagmanager.com,Ad Motivated Tracking;Advertising;Analytics;Audience Measurement;Tag Manager;Third-Party Analytics Marketing,Google LLC,True
googletagservices.com,Action Pixels;Ad Motivated Tracking;Advertising;Analytics;Audience Measurement;Third-Party Analytics Marketing,Google LLC,True
googleusercontent.com,CDN,Google LLC,False
googlevideo.com,CDN,Google LLC,False
googlie.vip,,,False
gopf.com,,,False
gopoly.com,,,False
goquiq.com,,,False
gorgias-convert.com,,,False
gorgias.chat,Support Chat Widget,,False
gorgias.help,,,False
gorgias.io,,,False
gorillacdn.com,,,False
gorillatraffic.xyz,,,False
gorunners.com,,,False
goshbobbie.com,,,False
gosimplr.com,,,False
gospringboard.com,,,False
gospringboard.io,,,False
gosquared.com,,,False
gosrv.cl,,,False
gossamer-gear.myshopify.com,Analytics;CDN;Embedded Content;Online Payment,Shopify Inc.,False
gostorezone.cyou,,,False
gosu-noob.com,,,False
gotanda-esthe.jp,,,False
gotanynudes.com,,,False
goto-offer.com,,,False
goto.com,,,False
gotoauction.com,,,False
gotobooking.io,,,False
gotocloud.io,,,False
gotoda.co,,,False
gotohub.online,,,False
gotojs.xyz,,,False
gotolstoy.com,,,False
gotpoem.com,,,False
gotquestions.net,,,False
gotrck.b-cdn.net,CDN,BunnyCDN,False
gotvantage.com,,,False
gouaf.org,,,False
gov-island-site.s3.amazonaws.com,CDN,"Amazon Technologies, Inc.",False
gov.bc.ca,,Government of the Province of British Columbia,False
gov.edgekey.net,,Akamai Technologies,False
gov.ns.ca,,,False
govalos.com,,,False
govdelivery.com,,"Granicus, LLC",False
govedia.com,,,False
govexec.com,,,False
govexperience.org,,,False
govisibl.io,,,False
govmetric.com,,,False
govstack.com,,,False
govstatus.site,,,False
govx.com,,GOVX,False
govx.map.fastly.net,Action Pixels;Ad Motivated Tracking;Advertising;Analytics;CDN;Embedded Content;Session Replay;Third-Party Analytics Marketing,"Fastly, Inc.",True
govx.net,,,False
gow-media-server.herokuapp.com,CDN,"Salesforce.com, Inc.",False
gpcdn.pl,,,False
gphd-cdn.com,,,False
gpm-ssp.ru,,,False
gpmd.net,,,False
gpmdata.ru,,,False
gpmfg.io,,,False
gpp.io,,,False
gpsecureads.com,,,False
gpsites.co,,,False
gpsroot.com,,,False
gpteng.co,,,False
gpxjedw.x.incapdns.net,CDN,Imperva Inc.,False
gq.com,,Conde Nast Publications Inc.,False
gr-assets.com,,"Amazon Technologies, Inc.",False
gr-cdn-e.com,,,False
gr-cdn.com,,GetResponse sp. z o.o.,False
gr-wcon.com,,,False
gr.edgesuite.net,CDN,Akamai Technologies,False
grace-rose-farm-inc.myshopify.com,Analytics;CDN;Embedded Content;Online Payment,Shopify Inc.,False
gracenote.com,,Gracenote,False
gracza.pl,,,False
grade.us,,,False
gradescope-static-assets.s3.amazonaws.com,CDN,"Amazon Technologies, Inc.",False
gradle.com,,,False
grafana.net,,,False
graindata.com,,,False
grainy-gradients.vercel.app,,,False
grandinroad.com.edgekey.net,,Akamai Technologies,False
grandprixgroup.com,,,False
grandtorank.com,,,False
grandvision.io,,,False
granicus.com,,"Granicus, LLC",False
granify.com,,Granify Inc.,False
grantsgovchatwidget.s3.amazonaws.com,CDN,"Amazon Technologies, Inc.",False
grapemedia.cz,,,False
graph8.com,,,False
graphassets.com,,,False
graphcdn.app,,,False
graphcms.com,,,False
graphcomment.com,,,False
graphisoft.no,,,False
graphylabs.com,,,False
grappos.com,,,False
gratisjuridischadvies.com,,,False
graubuenden.ch,,,False
gravatar.com,CDN;Embedded Content;Federated Login;Social Network,"Automattic, Inc.",False
gravitec.media,,,False
gravitec.net,,,False
gravito.fi,,,False
gravito.net,,,False
gravito.network,,,False
gravity-software.com,,,False
gravyty.com,,,False
gray.tv,,Gray Television,False
grayboe.myshopify.com,Analytics;CDN;Embedded Content;Online Payment,Shopify Inc.,False
grcv.io,,,False
greatbritishchefs.com,,Creamer and Lloyd,False
greater-good-2.myshopify.com,Analytics;CDN;Embedded Content;Online Payment,Shopify Inc.,False
greatescape.co,,,False
greatgardenplants.myshopify.com,Analytics;CDN;Embedded Content;Online Payment,Shopify Inc.,False
greatplainsmfg.com,,"Great Plains Mfg., Inc.",False
greekrank.com,,,False
green-acres.com,,,False
green-leaf-babb.workers.dev,,,False
greenbids.ai,,,False
greencolumnart.com,,,False
greencolumnblog.com,,,False
greencolumnhealth.com,,,False
greenfieldpuppies.b-cdn.net,CDN,BunnyCDN,False
greengeeks.com,,GreenGeeks LLC,False
greenhouse.com,,,False
greenhouse.io,,Greenhouse Software,False
greenhouse.map.fastly.net,Action Pixels;Ad Motivated Tracking;Advertising;Analytics;CDN;Embedded Content;Session Replay;Third-Party Analytics Marketing,"Fastly, Inc.",True
greensky.com,,,False
greenstory.ca,,,False
greenvideo.io,,,False
greenweb.org,,,False
greeter.me,,,False
gresrv.com,,,False
grewiabromus.com,,,False
greylabeldelivery.com,,,False
grid.plus,,Kingsoft Corporation,False
gridwork.co,,,False
griffin-communications.akamaized.net,CDN,Akamai Technologies,False
griffin.news,,,False
grimaldispizzeria.b-cdn.net,CDN,BunnyCDN,False
grin.co,,,False
gripi.online,,,False
grit.software,,,False
grizzlyapps.com,,,False
grnhse-marketing-site-assets.s3.amazonaws.com,CDN,"Amazon Technologies, Inc.",False
grocerslist.com,,,False
grocerywebsite.com,,,False
groleegni.net,,,False
grooby.com,,,False
groove-rings.myshopify.com,Analytics;CDN;Embedded Content;Online Payment,Shopify Inc.,False
groovehq.com,Support Chat Widget,Groove Networks LLC,False
groovespacing.com,,,False
groovinads.com,,,False
gropulse.com,,,False
groundtruth.com,,"xAd, Inc. dba GroundTruth",False
group-cdn.one,,,False
group-ib.com,,,False
group-iii-international.myshopify.com,Analytics;CDN;Embedded Content;Online Payment,Shopify Inc.,False
group-mobility-trader.com,,,False
group1auto-eu-prod.azureedge.net,CDN,Microsoft Corporation,False
groupbycloud.com,,,False
groupe-atlantic.com,,,False
groupe-ldlc.com,,Groupe LDLC SA,False
groupe-seloger.com,,PRESSIMMO ON LINE,False
groupe-vyv.fr,,,False
groupefigaro.com,,,False
groupepvcp.com,,,False
groupeseb.com,,,False
groupetva.ca,,Quebecor Media Inc.,False
groupm7.com,,,False
grow.me,,"Mediavine, Inc.",False
growave.io,,,False
growcdnssedge.com,,,False
growi.io,,,False
growify.ai,,,False
growingio.com,,"Beijing Yishu Technology Co., Ltd.",False
growmefrontendassetsstack-growheadlessbucket79e0b0-aqcqbhbrt0qb.s3.amazonaws.com,CDN,"Amazon Technologies, Inc.",False
growplants.b-cdn.net,CDN,BunnyCDN,False
growplow.events,,,False
growsumo.com,,GrowSumo Inc.,False
growsurf.com,,,False
growth.shop,,,False
growthbook.io,,"GrowthBook, Inc.",False
growthelevators.online,,,False
growthhero.io,,,False
growthrx.in,,,False
growthzonecmsprodeastus.azureedge.net,CDN,Microsoft Corporation,False
grp-site.myshopify.com,Analytics;CDN;Embedded Content;Online Payment,Shopify Inc.,False
grsm.io,,GrowSumo Inc.,False
grtech.pl,,,False
grubhub.map.fastly.net,Action Pixels;Ad Motivated Tracking;Advertising;Analytics;CDN;Embedded Content;Session Replay;Third-Party Analytics Marketing,"Fastly, Inc.",True
grubhub2.map.fastlylb.net,,,False
gruener-daumen.b-cdn.net,CDN,BunnyCDN,False
gruenetools.ch,,,False
grundfos.com.edgekey.net,,Akamai Technologies,False
grundschulkoenig-shop.myshopify.com,Analytics;CDN;Embedded Content;Online Payment,Shopify Inc.,False
gruparmf.pl,,,False
grupawp.pl,,,False
grupoadslzone.es,,,False
grupocajarural.es,,,False
grupoelcorteingles.es,,,False
grupofalabella.com,,,False
grupogodo.com,,,False
gruponoticias.eus,,,False
gruppocdt.ch,,,False
grv.media,,GRV Media,False
grv.pub,,,False
grvblog.wpenginepowered.com,,,False
grwapi.net,,,False
grwd.link,,,False
grxchange.gr,,,False
grypowls.sbs,,,False
gs.com,,,False
gscdn.net,,,False
gscienct.b-cdn.net,CDN,BunnyCDN,False
gscontxt.net,,,False
gsecondscreen.com,,,False
gsght.com,,,False
gsight.net,,,False
gsitrix.com,,GP One GmbH,False
gsmoutdoors.com,,,False
gsoi.fr,,,False
gspeech.io,,,False
gsrv.dev,,,False
gsspat.jp,,"Geniee, inc.",False
gsspcln.jp,,"Geniee, inc.",False
gssprt.jp,Ad Motivated Tracking;Advertising;Analytics;Third-Party Analytics Marketing,"Geniee, inc.",True
gsstatic.es,,,False
gstatic.cn,,Google LLC,False
gstatic.com,CDN;Embedded Content,Google LLC,False
gstcpx.site,,,False
gswebapps.net,,,False
gsyndication.com,,,False
gt-cdn.net,,Greentube Internet Entertainment Solutions GmbH,False
gtcdn.info,,,False
gtecht.b-cdn.net,CDN,BunnyCDN,False
gtflixtv.com,,,False
gtimg.com,,Tencent Holdings Ltd.,False
gtimg.com.edgekey.net,,Akamai Technologies,False
gtm-5bj3nql-ytzhz.uc.r.appspot.com,CDN,Google LLC,False
gtm-5d6zm3t-owjmn.uc.r.appspot.com,CDN,Google LLC,False
gtm-5sfrd5q-zjhjm.uc.r.appspot.com,CDN,Google LLC,False
gtm-a2b4.com,,,False
gtm-assistant-live-ap-south-1.s3.ap-south-1.amazonaws.com,CDN,"Amazon Technologies, Inc.",False
gtm-exofficiocom-alb-1243324971.us-east-1.elb.amazonaws.com,CDN,"Amazon Technologies, Inc.",False
gtm-italotreno-com-tagging-server.azurewebsites.net,CDN,Microsoft Corporation,False
gtm-kmp2gjd-nmqzy.uc.r.appspot.com,CDN,Google LLC,False
gtm-kp2q3z4c-ndixm.uc.r.appspot.com,CDN,Google LLC,False
gtm-kps4lx3-zgyyy.uc.r.appspot.com,CDN,Google LLC,False
gtm-m5ktpc5-ywjio.uc.r.appspot.com,CDN,Google LLC,False
gtm-m63b2th9-ywfhn.uc.r.appspot.com,CDN,Google LLC,False
gtm-marmotcom-alb-898210418.us-east-1.elb.amazonaws.com,CDN,"Amazon Technologies, Inc.",False
gtm-mn2dw3g2-mmjhm.uc.r.appspot.com,CDN,Google LLC,False
gtm-mqjzqtl-ywizy.uc.r.appspot.com,CDN,Google LLC,False
gtm-mt7mg3sj-zmnhy.uc.r.appspot.com,CDN,Google LLC,False
gtm-n5h43gw-mwnkz.uc.r.appspot.com,CDN,Google LLC,False
gtm-ndrzb8n-mgzmy.uc.r.appspot.com,CDN,Google LLC,False
gtm-p8ngnn2k-yzdmz.uc.r.appspot.com,CDN,Google LLC,False
gtm-pchlzvs-yzg3y.uc.r.appspot.com,CDN,Google LLC,False
gtm-pd2kwnp-ztziy.uc.r.appspot.com,CDN,Google LLC,False
gtm-pgfg594-ngfly.uc.r.appspot.com,CDN,Google LLC,False
gtm-pkgl432-mje2m.uc.r.appspot.com,CDN,Google LLC,False
gtm-pr7k29l-mzfmy.uc.r.appspot.com,CDN,Google LLC,False
gtm-primary-alb-1654899099.us-east-1.elb.amazonaws.com,CDN,"Amazon Technologies, Inc.",False
gtm-prod-tagging-1648074714.eu-central-1.elb.amazonaws.com,CDN,"Amazon Technologies, Inc.",False
gtm-pw357sn-mzbky.uc.r.appspot.com,CDN,Google LLC,False
gtm-serverside-loadbalancer-2048362944.us-east-1.elb.amazonaws.com,CDN,"Amazon Technologies, Inc.",False
gtm-ss-2024.ew.r.appspot.com,CDN,Google LLC,False
gtm-ss-fram.ew.r.appspot.com,CDN,Google LLC,False
gtm-ss-hoogvliet.nw.r.appspot.com,CDN,Google LLC,False
gtm-t2kdf2r-nzm3y.uc.r.appspot.com,CDN,Google LLC,False
gtm-t8cs6t4-yjrim.uc.r.appspot.com,CDN,Google LLC,False
gtm-tsxlxjl-owy5z.uc.r.appspot.com,CDN,Google LLC,False
gtm-w45f5jc-mgjlm.uc.r.appspot.com,CDN,Google LLC,False
gtm-wgq9r67-ztk4m.uc.r.appspot.com,CDN,Google LLC,False
gtm-wjbr8z7-nzgxy.uc.r.appspot.com,CDN,Google LLC,False
gtm-wlvrtzt-ote5y.uc.r.appspot.com,CDN,Google LLC,False
gtm-wnxzg6g-zjazm.uc.r.appspot.com,CDN,Google LLC,False
gtm-wvzm623x-nmi3n.uc.r.appspot.com,CDN,Google LLC,False
gtm-yccus-alb-580386940.us-east-1.elb.amazonaws.com,CDN,"Amazon Technologies, Inc.",False
gtm.akadns.net,CDN,Akamai Technologies,False
gtmsst-albse-cniksjfq2goj-419326463.eu-west-2.elb.amazonaws.com,CDN,"Amazon Technologies, Inc.",False
gtranslate.io,,,False
gtranslate.net,,,False
gts1668.com,,,False
gtsgapps.com,,,False
gtsgig.com,,,False
gtsstatic.net,,,False
gtv-cdn.com,,,False
gtv-pub.com,,,False
gu-ecom.com,,,False
guance.com,,,False
guance.one,,,False
guarantee-cdn.com,,buySAFE Inc,False
guaranteed-reviews.com,,,False
guardian.map.fastly.net,Action Pixels;Ad Motivated Tracking;Advertising;Analytics;CDN;Embedded Content;Session Replay;Third-Party Analytics Marketing,"Fastly, Inc.",True
gubagoo.io,,"Gubagoo, Inc",False
guccidigital.io,,,False
guest-house.app,,,False
guestplan.com,,,False
guidegeek.com,,,False
guideofus.com,,,False
guidepaparazzisurface.com,,,False
guideprotection.com,,,False
guidestar.org,,"GuideStar USA, Inc.",False
guidle.com,,,False
guidr.io,,,False
guildwars2.com,,NCsoft Corp.,False
guim.co.uk,,Guardian News & Media Limited,False
guinfra.com,,,False
guinness-world-records.myshopify.com,Analytics;CDN;Embedded Content;Online Payment,Shopify Inc.,False
guitar-pro.eu,,,False
gumgum.com,Ad Motivated Tracking;Advertising,GumGum,True
gumlet.com,,,False
gumlet.io,,,False
gumroad.com,,"Gumroad, Inc.",False
gumtree.cloud,,,False
gunosy.com,,Gunosy Inc,False
guoshipartners.com,,,False
gupy.fr,,,False
gurenla.com,,,False
gustygrandmother.com,,"Leven Labs, Inc. DBA Admiral",False
gutknecht-net.com,,,False
guuru.com,,Guuru,False
gvba.b-cdn.net,CDN,BunnyCDN,False
gvt1.com,,Google LLC,False
gw-dv.vip,,"DataVisor, Inc.",False
gwallet.com,Ad Motivated Tracking;Advertising;Third-Party Analytics Marketing,RhythmOne,True
gwbanj-zv.myshopify.com,Analytics;CDN;Embedded Content;Online Payment,Shopify Inc.,False
gwmtracking.com,,,False
gwse-dynmsgservice-prod-1888370230.us-east-1.elb.amazonaws.com,CDN,"Amazon Technologies, Inc.",False
gx85csa.x.incapdns.net,CDN,Imperva Inc.,False
gyant.com,,,False
gyantts.com,,,False
gyldendal.no,,,False
gymreapers.myshopify.com,Analytics;CDN;Embedded Content;Online Payment,Shopify Inc.,False
gymsharkapps.io,,,False
gzhls.at,,Preisvergleich Internet Services AG,False
h-ai.ch,,,False
h-cdn.com,,Hola Networks Ltd.,False
h-resa.com,,,False
h.shared.global.fastly.net,Action Pixels;Ad Motivated Tracking;Advertising;Analytics;CDN;Embedded Content;Session Replay;Third-Party Analytics Marketing,"Fastly, Inc.",True
h1avaamo.s3.us-west-2.amazonaws.com,CDN,"Amazon Technologies, Inc.",False
h1web.dev,,,False
h2.shared.global.fastly.net,Action Pixels;Ad Motivated Tracking;Advertising;Analytics;CDN;Embedded Content;Session Replay;Third-Party Analytics Marketing,"Fastly, Inc.",True
h264.cam,,,False
h5games4u.com,,,False
h5p.com,,,False
h5v.eu,,,False
ha-cdn.de,,,False
haarets.co.il,,Haaretz Daily Newspaper Ltd.,False
habiteo.com,,,False
hachette-livre.fr,,,False
hacker.one,,,False
hackerrank.com.edgekey.net,,Akamai Technologies,False
hadronid.net,,,False
hafas.de,,,False
hagebau-connect.io,,,False
hagebau.com,,,False
hah.su,,,False
hairy.b-cdn.net,CDN,BunnyCDN,False
hakshop.myshopify.com,Analytics;CDN;Embedded Content;Online Payment,Shopify Inc.,False
hakuapp.com,,,False
hakuna-cdn.ch,,,False
halaracdn.com,,,False
halarastatic.com,,,False
halleonard-common.s3.amazonaws.com,CDN,"Amazon Technologies, Inc.",False
hallmark-brightspot-lower.s3.amazonaws.com,CDN,"Amazon Technologies, Inc.",False
hallmark.com.edgesuite.net,CDN,Akamai Technologies,False
hallmarkmoviechecklist.com,,,False
halorangesolutions.com,,,False
hama-boin.com,,,False
hammerjs.github.io,CDN;Non-Tracking,"GitHub, Inc.",False
hamqsl.com,,,False
hamsterspot.com,,,False
hananokai.tv,,,False
hanboji.com,,,False
handeza.com,,,False
handicdn.b-cdn.net,CDN,BunnyCDN,False
handsomelythumb.com,,,False
handyapi.com,,,False
handyfireman.com,,"Leven Labs, Inc. DBA Admiral",False
hankookilbo.com,,,False
hanky-panky-dtc.myshopify.com,Analytics;CDN;Embedded Content;Online Payment,Shopify Inc.,False
hansel.io,,,False
hansgrohe.com,,,False
haplessland.com,,"Leven Labs, Inc. DBA Admiral",False
happedsplays.com,,,False
happierleads.com,,,False
happy-hill-0c4c4691e.azurestaticapps.net,,Microsoft Corporation,False
happydance.love,,,False
happydance.website,,,False
happyfoxchat.com,,HappyFox Inc,False
happygeeks.com,,,False
happyleafmotion.com,,,False
happyrail.com,,HappyRail B.V.,False
haproxy.com,,,False
haproxyedge.net,,,False
harborcaption.com,,"Leven Labs, Inc. DBA Admiral",False
hardexpendstrategy.com,,,False
hardwaresource.myshopify.com,Analytics;CDN;Embedded Content;Online Payment,Shopify Inc.,False
harley-davidson.com,,"H-D U.S.A., LLC",False
harness.io,,,False
harney.myshopify.com,Analytics;CDN;Embedded Content;Online Payment,Shopify Inc.,False
harryonline.net,,,False
hartmannreport.com,,,False
harvest-hosts.com,,,False
hashi.info,,,False
hatena.com,,,False
hatena.ne.jp,,"Hatena Co., Ltd.",False
hatenaapis.com,,,False
hateroll.com,,,False
hats-47b.com,,,False
hatscripts.github.io,CDN;Non-Tracking,"GitHub, Inc.",False
haufe.de,,,False
hausformat.com,,,False
hauspixel.io,,,False
havasedge.com,,,False
hawaiiguide.com,,,False
hawaiiguide.io,,,False
hawkeyeswire.com,,,False
hawksearch.com,,Hawk Search Inc.,False
hawksearch.comwawak,,,False
haymarketmedia.com,,Haymarket Media Group Ltd.,False
haynes-us.myshopify.com,Analytics;CDN;Embedded Content;Online Payment,Shopify Inc.,False
hazardwatch.gov.au,,,False
hazelandolive.myshopify.com,Analytics;CDN;Embedded Content;Online Payment,Shopify Inc.,False
hazmatworkshop.com,,,False
hb-affordablehousing.s3.us-east-2.amazonaws.com,CDN,"Amazon Technologies, Inc.",False
hb-dailydot.s3.us-east-2.amazonaws.com,CDN,"Amazon Technologies, Inc.",False
hb-dot-valuad.appspot.com,CDN,Google LLC,False
hb-estatesales.s3.us-east-2.amazonaws.com,CDN,"Amazon Technologies, Inc.",False
hb-savageventures.s3.us-east-2.amazonaws.com,CDN,"Amazon Technologies, Inc.",False
hb-vntsm-com.global.ssl.fastly.net,Action Pixels;Ad Motivated Tracking;Advertising;Analytics;CDN;Embedded Content;Session Replay;Third-Party Analytics Marketing,"Fastly, Inc.",True
hb.wpmucdn.com,,,False
hbagency.ai,,,False
hbagency.it,,,False
hbayy.com,,,False
hbiq.net,,,False
hbrd.io,,"Hybrid Adtech, Inc.",False
hbwrapper.com,,,False
hbz8v.com,,,False
hbzws.com,,,False
hcadam.com,,,False
hcamerica.com,,,False
hcapp-dc.com,,,False
hcaptcha.com,,"Intuition Machines, Inc.",False
hcc.nl,,,False
hcdna.live,,,False
hcg.cloud,,,False
hclsoftware.cloud,,,False
hcn.health,,,False
hcsb-2.de,,,False
hcsb.digital,,,False
hdbkell.com,,,False
hdmtools.com,,,False
hdnux.com,,Hearst Communications,False
hdpsn21.com,,,False
hdrelay.com,,USRelay Corp,False
hdsex.org,,,False
hdsex2.com,,,False
hdslb.com,,BiliBili Inc.,False
he7ll.com,,,False
headerbidding.services,,,False
headerlift.com,,,False
headliner.link,,,False
headlinesplus.com,,,False
headspin.no,,,False
headway-widget.net,,,False
headwayapp.co,,"Headway App, Inc",False
health-and-life.ch,,,False
health.gov.au,,Department of Health,False
healthandme.com.edgekey.net,,Akamai Technologies,False
healtheintent.com,,,False
healthfusionclaims.com,,,False
healthgrades.com,,,False
healthline.com,,Healthline,False
healthnewshub.org,,,False
healthpoint-ai.com,,,False
healthrangerstore.com,,,False
healthroundprince.com,,,False
healthsafe-id.com,,UnitedHealth Group Inc.,False
healthsparq.com,,,False
healthwise.net,,,False
heap-api.com,,ContentSquare,False
heapanalytics.com,Action Pixels;Analytics;Session Replay,ContentSquare,False
hearsoundly.myshopify.com,Analytics;CDN;Embedded Content;Online Payment,Shopify Inc.,False
hearst-hdm.map.fastly.net,Action Pixels;Ad Motivated Tracking;Advertising;Analytics;CDN;Embedded Content;Session Replay;Third-Party Analytics Marketing,"Fastly, Inc.",True
hearst-newspapers.map.fastly.net,Action Pixels;Ad Motivated Tracking;Advertising;Analytics;CDN;Embedded Content;Session Replay;Third-Party Analytics Marketing,"Fastly, Inc.",True
hearst.io,,Hearst Communications,False
hearstapps.com,,Hearst Communications,False
hearstnp.com,,Hearst Communications,False
heartbreakingmind.com,,"Leven Labs, Inc. DBA Admiral",False
heartlight.org,,Heartlight,False
heartsyncmedia.com,,,False
heatmap.com,,,False
heatmap.it,,,False
heatmapcore.com,,,False
heavy-r.com,,,False
hebcal.com,,,False
hebsdigital.com,,,False
heichat-static.com,,,False
heichat.net,,,False
heise.de,,,False
helcim.app,,,False
heliguy.myshopify.com,Analytics;CDN;Embedded Content;Online Payment,Shopify Inc.,False
helium-seo.com,,,False
heliumads.com,,,False
helixo.co,,,False
hello-charles.com,,,False
hello-cluster.com,,,False
hellobar.com,Action Pixels;Ad Motivated Tracking;Advertising;Analytics;Session Replay,"Crazy Egg, Inc.",True
helloextend-static-assets.s3.amazonaws.com,CDN,"Amazon Technologies, Inc.",False
helloextend.com,,,False
hellofresh.co.uk,,,False
hellofresh.com,,GROCERY DELIVERY E-SERVICES USA INC,False
hellofresh.io,,,False
hellohealthgroup.com,,,False
hellomedian.com,,,False
hellonetcdn.com,,,False
helloretail.com,,,False
helloretailcdn.com,,,False
hellouniweb.com,,,False
hellowork.com,,,False
hellporno.one,,,False
hellweg.digital,,,False
helmethousechat.com,,,False
helmuga.cloud,,,False
helpcenterapp.com,,,False
helpcrunch.com,,,False
helpdocs.io,,,False
helpfulcrowd.com,,,False
helpjuice-static.s3.amazonaws.com,CDN,"Amazon Technologies, Inc.",False
helpjuice.com,,,False
helply.com,,,False
helpmechoose.ai,,,False
helps.live,,,False
helpscout.net,Support Chat Widget,Help Scout Inc.,False
helpshift.com,,"Helpshift, Inc.",False
hemsy.ai,,,False
hengam.io,,,False
henkel-dam.com,,,False
henleyaudio.co.uk,,,False
hentaied-partner.b-cdn.net,CDN,BunnyCDN,False
hepelu.my,,,False
hepsiburada.com.akadns.net,CDN,Akamai Technologies,False
heraldcorp.com,,HERALD CORPORATION,False
heraldscotland.com,,,False
herb-pharm-llc.myshopify.com,Analytics;CDN;Embedded Content;Online Payment,Shopify Inc.,False
herb.co,,Flora Media Inc.,False
herbalife.com,,,False
herbalifenutrition.com,,,False
herbgreencolumn.com,,,False
herbicepscam.com,,Eckstut Enterprises LLC,False
herbstarsbuilding.com,,,False
here.com,CDN;Embedded Content,HERE Global BV,False
hereapi.com,,,False
herefish.com,,,False
hereglb.com,,,False
heretto.com,,,False
hermanmiller.group,,,False
hernandezbastos.es,,,False
heroadblocker.com,,,False
heroadblocker.pro,,,False
herodash.ai,,Callnovo Inc,False
herokudns.com,,,False
herokuspace.com,,,False
herroom-prod.b-cdn.net,CDN,BunnyCDN,False
hersheypa.com,,,False
hertz.com,,The Hertz Corporation,False
hertz.io,,,False
hertzpageo.com,,,False
hestia.immo,,,False
hetlmedia.com,,,False
hetzner.com,,,False
heureka.cz,,"Heureka Shopping, s.r.o.",False
hexaglobe.net,,,False
hexagon-cdn.com,,,False
hexgator.com,,,False
hextom.com,,,False
heyamplify.com,,,False
heyday.io,,,False
heyflow.app,,,False
heyflow.cloud,,,False
heyflow.com,,,False
heyhalda.com,,,False
heylink.com,,,False
heyloyalty.com,,,False
heyoverlay.com,,,False
heyplaybook.com,,,False
heytap.com,,,False
heytapdownload.com,,,False
heytapmobile.com,,,False
heyzine.com,,,False
heyzo.com,,,False
hf-files-oregon.s3.amazonaws.com,CDN,"Amazon Technologies, Inc.",False
hfdstatic.com,,,False
hftcdn.b-cdn.net,CDN,BunnyCDN,False
hghlnd.com,,,False
hglink.to,,,False
hh-content.com,,,False
hhkld.com,,,False
hhm2.s3.amazonaws.com,CDN,"Amazon Technologies, Inc.",False
hht-images.b-cdn.net,CDN,BunnyCDN,False
hi-torque.com,,,False
hibid.com,,,False
hibonsai.com,,,False
hicloud.com,,"Huawei Technologies Co., Ltd.",False
hicyou.com,,,False
hiddenwiki.pw,,,False
hideousplay.com,,,False
hifiklubben.com,,,False
hifiporn.pw,,,False
high-cdn.com,,,False
highcharts.com,,Highsoft AS,False
highereducation.com,,,False
higherlogicdownload.s3.amazonaws.com,CDN,"Amazon Technologies, Inc.",False
highland.tools,,,False
highlandscdn.com,,,False
highlightstravel.com,,,False
highnessdemon.com,,,False
highperformanceformat.com,,,False
highsky.ai,,,False
highstreetapp.com,,,False
hightouch-events.com,,,False
highwebmedia.com,CDN;Embedded Content,"Chaturbate, LLC",False
hijiffy.com,,,False
hikaritube.com,,,False
hikeorders.com,,,False
hiko.link,,,False
hiko.software,,,False
hillspetnutrition.com,,,False
hilostripper.com,,,False
hilti.com,,Hilti Equipment Corporation AG,False
hilti.com.edgekey.net,,Akamai Technologies,False
hilton.com,,Hilton International Holding LLC,False
hiltongrandvacations.com,,,False
hindustantimes.com,,HT Media Ltd.,False
hindustantimes.com.edgekey.net,,Akamai Technologies,False
hindustantimes.com.edgesuite.net,CDN,Akamai Technologies,False
hinet.net,,中華電信股份有限公司,False
hirstart.hu,,,False
hishopcider.com,,,False
histats.com,Analytics;Audience Measurement,wisecode s.r.l.,False
histify.net,,,False
history.co.uk,,,False
history.nl,,,False
historyfiesta.com,,,False
historyquiz.com,,,False
historyuk.s3.eu-west-2.amazonaws.com,CDN,"Amazon Technologies, Inc.",False
hit.ua,,,False
hit360.tech,,,False
hitok.store,,,False
hitslink.com,,,False
hitsprocessor.com,,,False
hitwebcloud.de,,,False
hive.co,,,False
hivecloud.net,,Hive Intelligence Ltd,False
hiverhq.com,,,False
hivestrategy.com,,,False
hivetracking.azurewebsites.net,CDN,Microsoft Corporation,False
hj2i.net,,,False
hktapps.com,,,False
hl.uk,,,False
hlpst.app,,,False
hlserve.com,,Criteo SA,False
hlx.page,,,False
hmgassets.com,,,False
hmgroup.com,,,False
hmhn.org,,,False
hmstats.com,,,False
hmwp.b-cdn.net,CDN,BunnyCDN,False
hobbyco1935.myshopify.com,Analytics;CDN;Embedded Content;Online Payment,Shopify Inc.,False
hobobags.myshopify.com,Analytics;CDN;Embedded Content;Online Payment,Shopify Inc.,False
hocalwire.in,,,False
hockerty.com,,,False
hockeycanada.vercel.app,,,False
hockeystack.com,,,False
hockeytech.com,,,False
hodes.com,,,False
hoka.com,,,False
holahupa.com,,,False
holgersindbaek.com,,,False
holid.io,,,False
holidaycheck.com,,,False
holidayextras.com,,Iconology Ltd,False
holidayhype.co.uk,,,False
holidaypirates.group,,,False
hollandandbarrettimages.co.uk,,Holland & Barrett Retail Limited,False
hollandwatchgroup.com,,,False
holli.nl,,,False
hollowafterthought.com,,"Leven Labs, Inc. DBA Admiral",False
hollywoodbets.net,,,False
holmesmind.com,,,False
hololive.tv,,,False
home-crowd.com,,,False
home24.net,,Home24 AG,False
homeaglow.com.akamaized.net,CDN,Akamai Technologies,False
homecinesolutions.com,,,False
homedepot-static.com,,The Home Depot,False
homedepot.ca,,The Home Depot,False
homedepot.com.edgekey.net,,Akamai Technologies,False
homeexchange.fr,,,False
homeflow.co.uk,,,False
homeownershub.b-cdn.net,CDN,BunnyCDN,False
homepornking.com,,,False
homes.com,,Dominion Enterprises,False
homes.jp,,,False
hometalk.com,,,False
hometownnudes.com,,,False
homeyware.com,,,False
honda.com,,"Honda Motor Co.,Ltd.",False
honda.com.edgekey.net,,Akamai Technologies,False
hondacanada.edgekey.net,,Akamai Technologies,False
honey-birdette-2.myshopify.com,Analytics;CDN;Embedded Content;Online Payment,Shopify Inc.,False
honey-birdette-usa.myshopify.com,Analytics;CDN;Embedded Content;Online Payment,Shopify Inc.,False
honey-buns-shapewear.myshopify.com,Analytics;CDN;Embedded Content;Online Payment,Shopify Inc.,False
honey.io,,,False
honeybadger.io,,Honeybadger Industries,False
honeycomb.io,,,False
hoodamath.com,,,False
hoopsrumors.b-cdn.net,CDN,BunnyCDN,False
hooray.agency,,,False
hootsuite.com,,Hootsuite Inc.,False
hoover-s3-website.s3.us-west-2.amazonaws.com,CDN,"Amazon Technologies, Inc.",False
hopco.com,,,False
hopkinsrheumatology.org,,,False
hoppinger.com,,,False
hoppn-color-overlay.s3.amazonaws.com,CDN,"Amazon Technologies, Inc.",False
hopstudios.com,,,False
horizoncdp.com,,,False
horizonmedia.com,,"Horizon Media, LLC",False
hormel.com,,,False
hornblower.com,,,False
hornet-momentum.akamaized.net,CDN,Akamai Technologies,False
hornynightdate.com,,,False
hospitablehall.com,,"Leven Labs, Inc. DBA Admiral",False
hospitablehat.com,,"Leven Labs, Inc. DBA Admiral",False
hospitalitysem.com,,,False
host-hq.com,,,False
hostadvice.com,,,False
hostave3.net,,,False
hostedlandingpages.net,,,False
hostedpci.com,,,False
hostedstatus.com,,,False
hosting.guru,,,False
hostingersite.com,,,False
hostingradio.ru,,,False
hostsrg.com,,,False
hostvideo.online,,,False
hot-india.com,,,False
hotbxeyira.today,,,False
hotcarsimages.com,,,False
hotel-grimselpass.ch,,,False
hotel-klausenpass.ch,,,False
hotelplan.com,,,False
hotelplanner.com,,Lexyl Travel Technologies LLC,False
hotels.com,,"Expedia Group, Inc.",False
hotels.com.edgekey.net,,Akamai Technologies,False
hotelwebsitedesign.com,,,False
hothomefuck.com,,,False
hotims.com,,,False
hotjar.com,Analytics;Audience Measurement;Session Replay,Hotjar Ltd,False
hotjar.io,,Hotjar Ltd,False
hotmart.com,,,False
hotpkg.com,,,False
hotpornphotos.com,,,False
hotsoz.com,,,False
hotstar.com,,Novi Digital Entertainment Pvt. Ltd.,False
hottopic.com,,"Hot Topic, Inc",False
hotwire.com.edgekey.net,,Akamai Technologies,False
hotyon.com,,,False
hour51.com,,,False
hourmediagroup.com,,,False
hours.com,,,False
house-of-denial.myshopify.com,Analytics;CDN;Embedded Content;Online Payment,Shopify Inc.,False
houseoffraser.co.uk,,SportsDirect.com Retail Limited,False
housingtrap.com,,,False
houzz.com,,Houzz Inc.,False
houzz.map.fastly.net,Action Pixels;Ad Motivated Tracking;Advertising;Analytics;CDN;Embedded Content;Session Replay;Third-Party Analytics Marketing,"Fastly, Inc.",True
hovrapi.com,,,False
howsmyssl.com,,,False
howtoexcel.com,,,False
howtogeekimages.com,,,False
hoyoverse.com,,COGNOSPHERE PTE. LTD.,False
hoyts.com.au,,The Hoyts Corporation,False
hp.com.edgekey.net,,Akamai Technologies,False
hpcisp.com,,,False
hpe.com.edgekey.net,,Akamai Technologies,False
hprofits.com,,,False
hpyjmp.com,,,False
hqmediago.com,,,False
hqq.to,,,False
hqseek.com,,Michal Vodrazka,False
hrbksd.com,,,False
hro.nl,,,False
hrs.com,,Hotel Reservation Service Robert Ragge GmbH,False
hrzn-nxt.com,,"Horizon Media, LLC",False
hrznads.com,,,False
hs-analytics.net,Action Pixels;Analytics;Audience Measurement;Third-Party Analytics Marketing,"HubSpot, Inc.",False
hs-banner.com,,"HubSpot, Inc.",False
hs-data.com,,,False
hs-embed-reporting.com,,,False
hs-scripts.com,Ad Motivated Tracking;Advertising;Analytics;Audience Measurement;CDN;Third-Party Analytics Marketing,"HubSpot, Inc.",True
hs-sites-eu1.com,,,False
hs-sites.com,,,False
hs-website-interactive-analytics.net,,,False
hsadspixel.net,Action Pixels;Ad Motivated Tracking;Advertising;Analytics;Audience Measurement;Third-Party Analytics Marketing,"HubSpot, Inc.",True
hsappstatic.net,,"HubSpot, Inc.",False
hsbc.com,,HSBC Holdings plc,False
hsbrowserreports.com,,,False
hscicdn.com,,,False
hscollectedforms.net,,"HubSpot, Inc.",False
hscookiebanner.pages.dev,,,False
hscta.net,,"HubSpot, Inc.",False
hsforms.com,Analytics;Embedded Content,"HubSpot, Inc.",False
hsforms.net,,"HubSpot, Inc.",False
hshdkshd.com,,,False
hsleadflows.net,Analytics;Audience Measurement;Third-Party Analytics Marketing,"HubSpot, Inc.",False
hsmedia.ru,,"""HS Media"" LLC",False
hsn.com.edgekey.net,,Akamai Technologies,False
hsncdn.com.edgekey.net,,Akamai Technologies,False
hsni.com.edgekey.net,,Akamai Technologies,False
hsprotect.net,,"Human Security, Inc.",False
hswstatic.com,,,False
htagpa.tech,,,False
htlbid.com,,,False
htm1.ch,,,False
htmedia.in,,HT Media Ltd.,False
html-load.cc,,,False
html-load.com,,,False
htmlcommentbox.com,,,False
htmlxm.github.io,CDN;Non-Tracking,"GitHub, Inc.",False
htplayground.com,,,False
http-assets.s3.amazonaws.com,CDN,"Amazon Technologies, Inc.",False
htv-prod-media.s3.amazonaws.com,CDN,"Amazon Technologies, Inc.",False
htvapps.com,,,False
htvapps.net,,,False
hu-manity.co,,,False
huabaike.com,,,False
huawei.com.akadns.net,CDN,Akamai Technologies,False
huaweicloudwaf.com,,,False
hub-b2spin.com,,,False
hubapi.com,Ad Motivated Tracking;Advertising;Analytics;Audience Measurement;Third-Party Analytics Marketing,"HubSpot, Inc.",True
hubbl.com.au,,,False
hubblecommerce.io,,,False
hubhawaii.com,,,False
hubifyapps.com,,,False
hubpeople.com,,,False
hubshop.ly,,Groove Commerce,False
hubspot-forms-static-embed.s3.amazonaws.com,CDN,"Amazon Technologies, Inc.",False
hubspot-no-cache-eu1-prod.s3.amazonaws.com,CDN,"Amazon Technologies, Inc.",False
hubspot-no-cache-na2-prod.s3.amazonaws.com,CDN,"Amazon Technologies, Inc.",False
hubspot.com,Ad Motivated Tracking;Advertising;Analytics;Embedded Content;Third-Party Analytics Marketing,"HubSpot, Inc.",True
hubspot.net,,"HubSpot, Inc.",False
hubspotfeedback.com,,"HubSpot, Inc.",False
hubspotonwebflow.com,,,False
hubspotusercontent-ap1.net,,,False
hubspotusercontent-eu1.net,,,False
hubspotusercontent-na1.net,CDN,,False
hubspotusercontent-na2.net,,,False
hubspotusercontent10.net,,,False
hubspotusercontent20.net,,,False
hubspotusercontent30.net,,,False
hubspotusercontent40.net,,,False
hubspotvideo.com,,,False
hubtype.com,,,False
hubvisor.io,,,False
huckabuy.com,,,False
hudl.com,,"Agile Sports Technologies, Inc",False
huel.io,,,False
huemenar.com,,,False
hugeicons.com,,,False
hugendubel-digital.de,,,False
hugoboss.com.edgekey.net,,Akamai Technologies,False
huiju.cool,,,False
huk-coburg.cloud,,,False
hukcommerce.com,,,False
hulkapps.com,,HulkApps Inc.,False
hulu.com.akadns.net,CDN,Akamai Technologies,False
hulu.map.fastly.net,Action Pixels;Ad Motivated Tracking;Advertising;Analytics;CDN;Embedded Content;Session Replay;Third-Party Analytics Marketing,"Fastly, Inc.",True
huluipv6.com.akadns.net,CDN,Akamai Technologies,False
hum.works,,,False
humana.com,,Humana Inc.,False
humana.com.edgekey.net,,Akamai Technologies,False
humanitix.com,,,False
humanoid.fr,,EXPERTISE ANDROID,False
humanz.com,,,False
humblebundle.com,,,False
humblytics.com,,,False
humdash.com,,,False
humiliatingregion.com,,,False
humix.com,,,False
humm-au.com,,,False
hungama.com.edgesuite.net,CDN,Akamai Technologies,False
hungry-exit.com,,,False
huno.com,,,False
hunterinafarmersworld.com,,,False
huntingtonbank.com,,,False
huracdn.com,,,False
hurriyet.com.tr,,Hurriyet Gazetecilik veMatbaacýlýk A.Þ.,False
hushly.com,,"LeadTip, Inc.",False
huskermax.b-cdn.net,CDN,BunnyCDN,False
huts.lt,,,False
huttsenterprises.com,,,False
huwise.com,,,False
hvacaudience.com,,,False
hwahae.co.kr,,,False
hwlandings-a.akamaihd.net,CDN,Akamai Technologies,False
hwstatic.com,,WRI Nominees Ltd.,False
hxplatform.com,,,False
hxproduction.co.uk,,,False
hybrid.ai,Ad Motivated Tracking;Advertising;Analytics;Audience Measurement,"Hybrid Adtech, Inc.",True
hygglo.com,,,False
hygi.eu,,,False
hyj.mobi,,adrule GmbH,False
hypelab.com,,,False
hypemarks.com,,,False
hyperdx.io,,,False
hyperia.sk,,,False
hyperspeed.me,,,False
hypertune.com,,,False
hypothes.is,,Hypothes.is,False
hyr.so,,,False
hyro.ws,,,False
hyros.com,,,False
hyth.io,,,False
hyundai.com,,Hyundai Motor Company,False
hyvor.com,,,False
hzcdn.com,,Houzz Inc.,False
hzcdn.io,,,False
hzstats.com,,,False
i-mobile.co.jp,,i-mobile co. LTD,False
i-motor.me,,,False
i-run.com,,,False
i-trailer.ru,,,False
i-viaplay-com.akamaized.net,CDN,Akamai Technologies,False
i-web.ch,,,False
i116503.net,,,False
i181536.net,,,False
i271380.net,,,False
i2ad.jp,,,False
i2i.jp,,mfro inc.,False
i305175.net,,,False
i319830.net,,,False
i350665.net,,,False
iaai.com,,"Insurance Auto Auctions, Inc.",False
iaai.map.fastly.net,Action Pixels;Ad Motivated Tracking;Advertising;Analytics;CDN;Embedded Content;Session Replay;Third-Party Analytics Marketing,"Fastly, Inc.",True
iab-category-finder-xddc4j3vva-ey.a.run.app,,Google LLC,False
iadsmedia.com,,,False
iadvize.com,,iAdvize,False
iag.com.au,,,False
iagl.digital,,,False
iambin.eu.org,,,False
iamcdn.net,,,False
iamexpat.com,,,False
iamgoingvegan.b-cdn.net,CDN,BunnyCDN,False
iastate.edu,,Iowa State University of Science and Technology,False
ib-ibi.com,Ad Motivated Tracking;Advertising;Analytics,KBM Group LLC,True
ibanbic.com,,,False
ibautomotive.com,,Internet Brands Inc,False
ibb.co,,ImgBB,False
ibclick.stream,,Internet Brands Inc,False
ibeat-analytics.com,,,False
iberia.com.edgekey.net,,Akamai Technologies,False
iberia2.com.edgekey.net,,Akamai Technologies,False
iberostar.com.edgekey.net,,Akamai Technologies,False
ibi511.com,,IBI Group,False
ibis-cycles.myshopify.com,Analytics;CDN;Embedded Content;Online Payment,Shopify Inc.,False
ibjit1-y6.myshopify.com,Analytics;CDN;Embedded Content;Online Payment,Shopify Inc.,False
ibm.net,,,False
ibmcom.edgekey.net,,Akamai Technologies,False
ibood.io,,,False
ibreader.com,,,False
ibreviary.org,,,False
ibsrv.net,,Internet Brands Inc,False
ibtimes.com,,IBT Media Inc.,False
ibytedapm.com,,,False
ibyteimg.com,,ByteDance Ltd.,False
icagruppen.se,,,False
icanbuy.com,,,False
icanet.se,,,False
icanhascmp.com,,,False
icanhazip.com,,,False
icarol.com,,,False
icc-volt.com,,,False
iccku.com,,,False
icecat.biz,,,False
icegram.com,,,False
iceppsn.com,,,False
icescape.com,,,False
icexyz.com,,,False
icfcdn.com,,"ICF Technology, Inc",False
icfsys.com,,,False
icg-in.com,,,False
ichkoche.at,,Styria Media Group AG,False
ici.fr,,,False
icims.com,,,False
iciparisxl.be,,,False
iclouds.space,,,False
icmedienhaus.de,,,False
icmwebapp.b-cdn.net,CDN,BunnyCDN,False
icnic.co,,,False
icommkt.online,,,False
icomoon.io,,,False
icon-library.com,,,False
iconaircraft.s3.amazonaws.com,CDN,"Amazon Technologies, Inc.",False
iconarchive.com,,,False
iconfinder.com,,Freepik Company,False
iconify.design,,,False
iconmediapixel-ipv4.com,,,False
iconmediapixel.com,,,False
iconnode.com,,,False
icons8.com,,Icons8 LLC,False
iconsax.gitlab.io,,GitLab B.V.,False
iconscout.com,,,False
icontact.com,,iContact LLC,False
iconvert.network,,,False
icony-hosting.de,,,False
icony.com,,ICONY GmbH,False
icorp.ro,,,False
icplcdn-webapi.azureedge.net,CDN,Microsoft Corporation,False
icpro.co,,iContact/Broadwick Corporation,False
id-serienjunkies-production.s3.eu-central-1.amazonaws.com,CDN,"Amazon Technologies, Inc.",False
id-telenor-no.trafficmanager.net,CDN,Microsoft Corporation,False
id5-sync.com,Ad Motivated Tracking;Advertising,ID5 Technology Ltd,True
idahopresscareers.com,,,False
idcdn.de,,,False
idcrealestate.com,,,False
iddataweb.com,,,False
idealmedia.io,,,False
idealo.com,,Idealo Internet GmbH,False
idealo.de,,,False
idealo.net,,Idealo Internet GmbH,False
ideanetwork.site,,,False
ideatek.com,,,False
idengine.ai,,,False
identitymatrix.ai,,,False
identitymgmt.net,,,False
identitypxl.app,,,False
identityservices.io,,,False
identitytoolkit.googleapis.com,CDN;Embedded Content,Google LLC,False
identixweb.com,,,False
ideta.io,,,False
idio.co,,idio,False
idlp.cloud,,,False
idme-marketplace.s3.amazonaws.com,CDN,"Amazon Technologies, Inc.",False
idmnet.pl,,,False
idms-apple.com.akadns.net,CDN,Akamai Technologies,False
idn.media,,,False
idnes.cz,,"MAFRA, a.s.",False
idonate.com,,,False
idp-connect.com,,,False
idpixel.app,,,False
idrove.it,,,False
idsequoia.ai,,,False
idtid.com,,,False
iemiq.com,,,False
ieplsg.com,,,False
iesnare.com,Fraud Prevention,TransUnion LLC,False
ietf.org,,IETF Trust,False
ietp-web-app-global-assets.azurewebsites.net,CDN,Microsoft Corporation,False
iex.nl,,,False
if.eu,,,False
ifawnews.org,,,False
ifiq.net,,,False
ifls-piano.s3.us-east-2.amazonaws.com,CDN,"Amazon Technologies, Inc.",False
ifolor.net,,,False
iframe.ly,,ITTECO,False
iframely.net,,,False
ifsight.net,,,False
igaming-service.io,,,False
igao-prod-herokuapp-com.global.ssl.fastly.net,Action Pixels;Ad Motivated Tracking;Advertising;Analytics;CDN;Embedded Content;Session Replay;Third-Party Analytics Marketing,"Fastly, Inc.",True
igged9trk.com,,,False
iglobalstores.com,,iGlobal Stores,False
ign.com,,Ziff Davis LLC,False
ign.lv,,,False
ign.map.fastly.net,Action Pixels;Ad Motivated Tracking;Advertising;Analytics;CDN;Embedded Content;Session Replay;Third-Party Analytics Marketing,"Fastly, Inc.",True
ignimgs.com,,,False
ignitecampaigns.com,,,False
ignitecdn.com,,,False
igodigital.com,Ad Motivated Tracking;Advertising;Analytics;Audience Measurement;Third-Party Analytics Marketing,"Salesforce.com, Inc.",True
ihealthspot.com,,,False
iheart.com,,"iHM Identity, Inc.",False
iheart.map.fastly.net,Action Pixels;Ad Motivated Tracking;Advertising;Analytics;CDN;Embedded Content;Session Replay;Third-Party Analytics Marketing,"Fastly, Inc.",True
iheartmedia.azureedge.net,CDN,Microsoft Corporation,False
iheartmedia.map.fastly.net,Action Pixels;Ad Motivated Tracking;Advertising;Analytics;CDN;Embedded Content;Session Replay;Third-Party Analytics Marketing,"Fastly, Inc.",True
iherb.com,,"iHerb, LLC",False
ihg.com,,Six Continents Hotels,False
ihg.edgekey.net,,Akamai Technologies,False
ihlasdigitalassets.com,,,False
ihrinferno.map.fastly.net,Action Pixels;Ad Motivated Tracking;Advertising;Analytics;CDN;Embedded Content;Session Replay;Third-Party Analytics Marketing,"Fastly, Inc.",True
ihuaben.com,,,False
ii0.us,,,False
iid-network.jp,,,False
iid.jp,,,False
iinfo.cz,,"Internet Info, s.r.o.",False
iintf.co,,,False
iionads.com,,,False
iiqapps.com,,Almondnet Group,False
iiris.com,,,False
ikhnaie.link,,,False
il-v1.edgekey.net,,Akamai Technologies,False
il.edgekey.net,,Akamai Technologies,False
ilan.gov.tr,,,False
ilfcdn.li,,,False
ilflabs.net,,,False
ilgiorno.it,,MonrifNet Srl,False
iliad.fr,,,False
iljmp.com,,Awio Web Services LLC,False
illinois.edu,,University of Illinois,False
illipro.net,,,False
illiweb.com,,exotikweb,False
illow.io,,,False
illuma-tech.com,,,False
ilnmedia.com,,,False
iloptrex.com,,,False
ilotterycmdus1.com,,,False
ilrestodelcarlino.it,,Monrif Net S.p.A.,False
ilsole24ore.com.edgesuite.net,CDN,Akamai Technologies,False
iltelegrafolivorno.it,,,False
im-apps.net,,"Intimate Merger, Inc.",False
im-g.pl,,,False
ima-usa.myshopify.com,Analytics;CDN;Embedded Content;Online Payment,Shopify Inc.,False
image-gsmpunt-nl.b-cdn.net,CDN,BunnyCDN,False
image-resizer-cloud-api-ahacms.akamaized.net,CDN,Akamai Technologies,False
image-server-601308901.us-east-1.elb.amazonaws.com,CDN,"Amazon Technologies, Inc.",False
imagearchive.com,,,False
imagebam.com,,,False
imagecoco.net,,,False
imagedelivery.net,,,False
imageflux.jp,,,False
imagekit.io,,ImageKit Private Limited,False
imagendigital.com,,"INVENT MX, S.A.P.I. DE C.V.",False
imagerelay.com,,,False
images-apmex.com,,,False
images-dnxlive.com,,,False
images-essentiallysports.b-cdn.net,CDN,BunnyCDN,False
images-home.com,,,False
images-monotaro.com.edgekey.net,,Akamai Technologies,False
images-netflixjunkie.b-cdn.net,CDN,BunnyCDN,False
images-ssl-mars.com,,,False
images4us.com,,,False
imageservera.com,,,False
imageshow.cc,,,False
imagetwist.com,,,False
imagevenue.com,,,False
imagewave.pictures,,,False
imagin.studio,,,False
imaginativeastute.com,,,False
imagino.com,,,False
imagn.com,,,False
imajize.com,,,False
imallcdn.net,,,False
imasdk.googleapis.com,CDN;Embedded Content,Google LLC,False
imb-images.com,,,False
imbox.io,,ImBox Sweden AB,False
imbrace.co,,,False
imcounting.com,,,False
imctransfer.com,,,False
imdb.com,,"Amazon Technologies, Inc.",False
imds-api.com,,,False
imds-cdn.com,,,False
imdserve.com,,,False
imedia.cz,,"Seznam.cz, a.s.",False
imfernsehen.de,,,False
img-ad-nex.com,,,False
img-c.net,,,False
img-kwcdn-com.trafficmanager.net,CDN,Microsoft Corporation,False
img-place.com,,,False
img-prod-cms-rt-microsoft-com.akamaized.net,CDN,Akamai Technologies,False
img-raiadrogasil.s3.amazonaws.com,CDN,"Amazon Technologies, Inc.",False
img-s-msn-com.akamaized.net,CDN,Akamai Technologies,False
imganalytics.com,,,False
imgbolt.de,,,False
imgbox.com,,,False
imgbur.cc,,,False
imgchest.com,,,False
imgcm.com,,,False
imgdn.net,,,False
imgeng.in,,,False
imggaming.com,,,False
imghost.no,,,False
imghosts.com,,,False
imghs.net,,,False
imghst-de.com,,,False
imgi.no,,,False
imgix.net,CDN,Zebrafish Labs,False
imgiz.com,,,False
imgjav.shop,,,False
imgkit.net,,,False
imgless.xyz,,,False
imglnkx.com,,,False
imgoingcalendar.com,,,False
imgpog.com,,,False
imgry.io,,,False
imgsmail.ru,,VK Company Ltd.,False
imgswipe.cc,,,False
imgswipe.com,,,False
imgswipe.xyz,,,False
imgur.com,CDN;Embedded Content;Social Network,MediaLab.Ai,False
imgvc.com,,"ValueCommerce Co., Ltd.",False
imgvdy.com,,,False
imgz.me,,,False
imgzona.video,,,False
imi.chat,,,False
imichat-preprod-app-share.s3.amazonaws.com,CDN,"Amazon Technologies, Inc.",False
imichat-preprod-app-share.s3.us-west-2.amazonaws.com,CDN,"Amazon Technologies, Inc.",False
imiconnect.io,,,False
imiengage.com.au,,,False
imlive.com,,,False
immediate.co.uk,,,False
immergo.tv,,,False
immobilienscout24.de,,,False
imnangua.com,,,False
imobie-resource.com,,,False
imoguia.com,,,False
impact-ad.jp,,Digital Advertising Consortium Inc.,False
impact.com,,Impact,False
impactcdn.com,,Impact,False
impactcommerce.io,,,False
impactify.io,,,False
impactify.it,,,False
impactify.media,,,False
impactradius-event.com,Action Pixels;Ad Motivated Tracking;Advertising;Analytics;Third-Party Analytics Marketing,Impact,True
impactradius-go.com,,,False
impactradius-tag.com,,,False
impactradius.com,,Impact,False
impartmedia.com,,,False
impct.site,,,False
impel.io,,,False
impervadns.net,,,False
impiousdigest.com,,,False
impots.gouv.fr,,DIRECTION GENERALE DES FINANCES PUBLIQUES,False
impresa.pt,,,False
impression-tracker-service-5eimuebuhq-lz.a.run.app,,Google LLC,False
impression.link,,"Branch Metrics, Inc.",False
imprint.co,,,False
improperscrubbedvendor.com,,,False
improvedcontactform.com,,Awio Web Services LLC,False
improvedigital.com,,Improve Digital BV,False
impulsiveappraise.com,,,False
imput.net,,,False
imrworldwide.com,Action Pixels;Ad Motivated Tracking;Advertising;Analytics;Audience Measurement;Third-Party Analytics Marketing,The Nielsen Company,True
imsdks.com,,,False
imsdotcom.azureedge.net,CDN,Microsoft Corporation,False
imtwjwoasak-pmi-pixel-origin.s3.amazonaws.com,CDN,"Amazon Technologies, Inc.",False
imtwjwoasak.com,,Phoenix Marketing International,False
imu.nl,,,False
imvu-customer-sandbox.com,,,False
imyfone.club,,,False
imyfone.com,,,False
imyfone.com.edgesuite.net,CDN,Akamai Technologies,False
in.akamaized.net,CDN,Akamai Technologies,False
in.edgekey.net,,Akamai Technologies,False
in.edgesuite.net,CDN,Akamai Technologies,False
inaproc.id,,,False
inaudience.com,,,False
inbenta.com,,,False
inbenta.io,,,False
inbenta.services,,,False
incdn.pl,,,False
incident.io,,,False
includemodal.com,,,False
includemodal.global.ssl.fastly.net,Action Pixels;Ad Motivated Tracking;Advertising;Analytics;CDN;Embedded Content;Session Replay;Third-Party Analytics Marketing,"Fastly, Inc.",True
incognito.ms,,,False
inconcert.cloud,,,False
inconclusiveaction.com,,,False
inconsequentialdear.com,,,False
incontact.com,,,False
incontact.eu,,,False
increaserev.com,,,False
increasingly.co,,Increasingly Technologies Limited,False
incrowdsports.com,,,False
incubateur.net,,,False
inda.hu,,,False
indapass.hu,,,False
indebergen.nl,,,False
indeed-static-pages.pages.dev,,,False
indeed.com,,"Indeed, Inc.",False
independenceaustralia.com.au,,,False
indevs.in,,,False
index.digital,,,False
index.hu,,,False
indexa.org,,,False
indexanetwork.com.br,,,False
indexpointer.com,,,False
indexvas.hu,,,False
indexww.com,Advertising;Analytics,"Index Exchange, Inc.",True
india.com.edgesuite.net,CDN,Akamai Technologies,False
indianapolismotorspeedway.com,,,False
indianexpress.com.edgekey.net,,Akamai Technologies,False
indianpornempire.com,,,False
indiatimes.com,,Times Internet Ltd,False
indiatimes.com.edgekey.net,,Akamai Technologies,False
indiatimes.com.edgesuite.net,CDN,Akamai Technologies,False
indicative.com,,Indicative Inc.,False
indicedebonheur.com,,,False
indidata.com,,,False
indiegraf.com,,,False
indiewikis.com,,,False
indigitall.com,,,False
indigo-net.com,,,False
indigo.ai,,,False
inditex.com.edgekey.net,,Akamai Technologies,False
indivsurvey.de,,,False
indoleads.com,,,False
ineed2s.ro,,,False
inera.se,,,False
inet-mainz.de,,,False
inews.co.id,,,False
inffuse-platform.appspot.com,CDN,Google LLC,False
infinety.hu,,,False
infiniteapps.net,,,False
infinitiusa.com,,"Nissan North America, Inc.",False
infinity-tracking.com,,,False
infinity-tracking.net,,,False
infinitycorp.tech,,,False
infisecure.com,,InfiSecure Solutions Pvt Ltd,False
inflection.io,,,False
influ2.com,,,False
influence.io,,,False
influencer-hero.com,,,False
info.edgekey.net,,Akamai Technologies,False
info.gouv.fr,,,False
infobip.com,,Zaklada Infobip Foundation,False
infobip.net,,Zaklada Infobip Foundation,False
infochoice.com.au,,,False
infoclimat.net,,ASSOCIATION INFOCLIMAT,False
infoedgeindia.com,,,False
infoglobo.com.br,,EDITORA GLOBO S/A.,False
infogram.com,,,False
infolinks.com,,Infolink Media LLC,False
infomaker.io,,,False
infomaniak.ch,,,False
infomaniak.com,,Infomaniak Network SA,False
infoplaza.com,,,False
infoplaza.io,,,False
infopro-digital.com,,,False
infoprodata.com,,GISI Interactive,False
informa.com,,,False
informaconnect.com,,,False
informafoodservicemedia.com,,,False
informer.rs,,,False
informz.net,,,False
inforum.com,,Forum Communications Company,False
infotop.jp,,,False
infox.sg,,,False
infusionsoft.app,,Infusion Software,False
infusionsoft.com,,Infusion Software,False
ing.com.edgekey.net,,Akamai Technologies,False
ing.de,,,False
ingage.tech,,Insticator,False
ingenie.fr,,,False
ingenious.ai,,,False
ingest-lr.com,,,False
ingramcontent.com,,Ingram Industries Inc.,False
ingress-lb-1371320670.ca-central-1.elb.amazonaws.com,CDN,"Amazon Technologies, Inc.",False
ingrid.com,,,False
inguest.com,,,False
inist.fr,,,False
initaj.com,,,False
initcc.com,,,False
initww.com,,,False
inkeep.com,,,False
inkind.com,,,False
inkindscript.com,,,False
inkitt-rocky-prod-firebase.b-cdn.net,CDN,BunnyCDN,False
inkitt-rocky-prod-gcs.b-cdn.net,CDN,BunnyCDN,False
inkybay.com,,,False
inlinemanual.com,,INLINE MANUAL LTD,False
inlinewarehouse.com,,Sports Warehouse,False
inmar.com,,"Inmar, Inc.",False
inmarkethub.com,,,False
inmobi-choice.io,,,False
inmobi.com,,InMobi Pte Ltd,False
inmoment.com,,"InMoment, Inc.",False
inmoment.com.au,,,False
inmoment.eu,,,False
inn.org,,,False
innity.com,,,False
innity.net,,Innity Sdn Bhd,False
innocode-cdn.com,,,False
innocraft.cloud,,,False
innogames.de,,,False
innogamescdn.com,,,False
innorame.com,,,False
innovation-24-details.com,,,False
innovelabs.com,,,False
innovid.com,Ad Motivated Tracking;Advertising,Innovid Media,True
inntopia.travel,,,False
inplayer.ru,,,False
inppcdn.com,,,False
inpref.com,,,False
inputflow.io,,,False
inpwrd.net,,inPowered,False
inq.com,,"TouchCommerce, Inc",False
inquicker.com,,,False
insa.de,,,False
insanescouter.org,,,False
inscoder.com,,,False
insent.ai,,,False
insentric.net,,,False
inserm.b-cdn.net,CDN,BunnyCDN,False
insert.bg,,,False
inshape-prod-alb-252062907.us-east-1.elb.amazonaws.com,CDN,"Amazon Technologies, Inc.",False
insiad.com,,,False
inside-graph.com,,Michael Browitt,False
inside.chat,,,False
insided.com,,,False
insiderdata360online.com,,,False
insight-x.tech,,,False
insightech.com,,,False
insightexpressai.com,Ad Motivated Tracking;Advertising;Analytics;Audience Measurement,Kantar Operations,True
insightful-datavisionary.com,,,False
insightly.services,,,False
insightsc3m.com,,,False
inskinad.com,,,False
inspectlet.com,Analytics;Session Replay;Third-Party Analytics Marketing,Inspectlet,False
inspektorius.lt,,,False
inspira-education.web.app,,Google LLC,False
inspon-app.com,,,False
inspon.com,,,False
insprd.tech,,,False
insstudy.com,,,False
instabot.io,,,False
instacart.com,,Instacart,False
instagram.com,Ad Motivated Tracking;Advertising;Embedded Content;Social - Share;Social Network,"Facebook, Inc.",True
instagraphe.mobi,,,False
instahomepage.com,,,False
instajob.ai,,,False
instana.io,,"Instana, Inc.",False
instant-system.com,,,False
instant.one,,,False
instant.page,,,False
instantgeo.info,,,False
instantink.com,,,False
instantsearchplus.com,,,False
instaread.co,,,False
instasell.co.in,,,False
instatus.com,,,False
instawidget.net,,,False
insticator.com,,Insticator,False
instiengage.com,,,False
instinct-52corporation.com,,,False
insuit.net,,,False
insurads.com,,InsurAds,False
insurance-widget-prod.pages.dev,,,False
insure.com,,QuinStreet Inc,False
insurify.com,,,False
intake-lr.com,,,False
intaker.azureedge.net,CDN,Microsoft Corporation,False
intaker.com,,,False
inte.net,,,False
integra.fr,,,False
integrate.com,,,False
integrations-itbl.co,,,False
intelli-ua.com,,,False
intelligems.io,,,False
intelligence52.com,,,False
intellij.net,,,False
intellimize.co,,,False
intellimizeio.com,,,False
intellipopup.com,,,False
intelliresponse.com,,IntelliResponse,False
intelliticks.com,,,False
intellitxt.com,,Vibrant Media Limited,False
intellumanalytics.com,,,False
intensedebate.com,,"Automattic, Inc.",False
intent.ai,,,False
intentclientscriptslon.s3.eu-west-2.amazonaws.com,CDN,"Amazon Technologies, Inc.",False
intentful.ai,,,False
intentiq.com,Ad Fraud;Ad Motivated Tracking;Advertising;Analytics;Third-Party Analytics Marketing,Almondnet Group,True
intentwave.com,,,False
inter-connect.world,,,False
interact-loyalfans-com-57399084.us-east-1.elb.amazonaws.com,CDN,"Amazon Technologies, Inc.",False
interactive-circle.jp,,,False
interactive-life-forms.myshopify.com,Analytics;CDN;Embedded Content;Online Payment,Shopify Inc.,False
interactivebrokers.com,,Interactive Brokers LLC,False
interactivebrokers.com.akadns.net,CDN,Akamai Technologies,False
interactivegarage.com,,,False
interactives.dk,,BENJAMIN MEDIA A/S,False
interaid.eu,,,False
intercom.help,,,False
intercom.io,Support Chat Widget,Intercom,False
intercomassets.com,,Intercom,False
intercomcdn.com,CDN;Embedded Content;Non-Tracking,Intercom,False
intercomcdn.eu,,,False
interface.ai,,,False
intergi.com,,Intergi Entertainment,False
intergient.com,,Intergi Entertainment,False
intergies.com,,,False
interia.pl,,Grupa Interia.pl Sp. z o.o. sp. k.,False
intermountainhealthcare.org,,Intermountain Health Care Inc,False
internet-filiale.net,,,False
internetbrands.com,,Internet Brands Inc,False
intershop.com,,,False
intershop.de,,,False
intersport.fr,,Intersport France S.A.,False
intervieweb.it,,,False
intiaro.com,,,False
into-wp.b-cdn.net,CDN,BunnyCDN,False
intriguingajar.com,,,False
introjava.com,,,False
intuit.com,,Intuit Inc.,False
intuit.com.edgekey.net,,Akamai Technologies,False
intuition-agile-7.com,,,False
intuitiv-tourisme.fr,,,False
intuitiv.net,,,False
intuvio.com,,,False
inventorycache.com,,,False
invesco.map.fastly.net,Action Pixels;Ad Motivated Tracking;Advertising;Analytics;CDN;Embedded Content;Session Replay;Third-Party Analytics Marketing,"Fastly, Inc.",True
investcloud.net,,,False
investingchannel.com,,"InvestingChannel, Inc.",False
investis.com,,Investis Ltd.,False
investisdigital.com,,,False
investor.bg,,,False
investor360.com,,,False
investwellguide.com,,,False
invibes.com,,,False
invictaracing.com,,,False
invisioncic.com,,,False
invitemedia.com,,Google LLC,False
invivodigitalfactory.com,,,False
invoca.net,,Invoca,False
invocacdn.com,,Invoca,False
invoicecloud.net,,,False
invol.co,,,False
involve.me,,,False
inxxx.cam,,,False
io.akadns.net,CDN,Akamai Technologies,False
io.akamaized.net,CDN,Akamai Technologies,False
io.edgekey.net,,Akamai Technologies,False
io.edgesuite.net,CDN,Akamai Technologies,False
ioam.de,Audience Measurement,INFOnline GmbH,False
iobit.com.akamaized.net,CDN,Akamai Technologies,False
iocnt.net,,INFOnline GmbH,False
iof-orchids4.s3.amazonaws.com,CDN,"Amazon Technologies, Inc.",False
iol.it,,ItaliaOnLine SpA,False
iolam.it,,ItaliaOnLine SpA,False
iomedia.ch,,,False
ionicframework.com,,Max Lynch,False
ionos.com,,United Internet AG,False
iople.com,,,False
ioriveredge.net,,,False
iosrvcdn.com,,,False
iot.us-east-1.amazonaws.com,CDN,"Amazon Technologies, Inc.",False
iovation.com,,TransUnion LLC,False
ip-188-165-194.eu,,,False
ip-api.com,,Symplify Technologies AB,False
ip-label.net,,IP LABEL,False
ip-lookup-kappa.vercel.app,,,False
ip.sb,,SB Professional Services LLC,False
ip2c.org,,,False
ipaglov.com,,,False
ipaper.io,,,False
ipapi.co,,,False
ipapi.com,,,False
ipbase.com,,,False
ipblocker.io,,,False
ipcache.net,,,False
ipcamlive.com,,,False
ipdata.co,,,False
ipdpx.de,,,False
iperceptions.com,Analytics;Embedded Content,iPerceptions Inc.,False
ipfilter.info,,,False
ipfind.co,,JORDAN CLIST,False
ipfind.com,,,False
ipfly.world,,,False
ipgeolocation.io,,,False
ipi-ecoles.com,,,False
ipify.org,,ipify.org,False
ipinfo.be,,,False
ipinfo.io,,"IDB, LLC",False
ipinyou.com,,Beijing IPinYou Information Technologies Co Ltd,False
iplayerhd.com,,,False
iplocation.net,,,False
iplsc.com,,Grupa Interia.pl Sp. z o.o. sp. k.,False
iplt20.com.edgesuite.net,CDN,Akamai Technologies,False
ipmeta.io,,,False
ipn-assets.com,,,False
iponweb.net,,IPONWEB GmbH,False
iportal.ru,,,False
ipost.com,,,False
ippen.space,,,False
ipredictive.com,Ad Motivated Tracking;Advertising,"Adelphic, Inc.",True
ipregistry.co,,,False
ipresso.pl,,,False
iprima.cz,,,False
iprom.net,,"IPROM, d.o.o.",False
ipromcloud.com,,"IPROM, d.o.o.",False
ipromote.com,,"2KDirect, Inc.",False
iprsoftwaremedia.com,,,False
ips.photos,,,False
ipsosinteractive.com,,,False
ipstack.com,,apilayer GmbH,False
iptrack.io,,,False
iptv-playoutcenter.de,,,False
ipua.io,,,False
ipv4.edgekey.net,,Akamai Technologies,False
ipv6test.com,,,False
ipv6test.net,,,False
ipwho.is,,,False
ipwhois.app,,,False
ipwhois.pro,,,False
ipxserve.com,,,False
iq.com.edgekey.net,,Akamai Technologies,False
iq.com.edgesuite.net,CDN,Akamai Technologies,False
iqair.cn,,,False
iqair.com,,,False
iqdigital.de,,,False
iqiyi.com.akadns.net,CDN,Akamai Technologies,False
iqiyi.com.edgekey.net,,Akamai Technologies,False
iqiyiweb.akadns.net,CDN,Akamai Technologies,False
iqm.com,,,False
iqun.org,,,False
iqzone.com,,IQzone Inc.,False
iqzonertb.live,,,False
iraiser.eu,,,False
irdu.s3.amazonaws.com,CDN,"Amazon Technologies, Inc.",False
iris-direct-billing-prod.edgekey.net,,Akamai Technologies,False
iris-interactive.fr,,,False
iris.edu,,,False
iris.tv,,"Iris.TV, Inc.",False
irishexaminer.com,,,False
irobotweb.com,,,False
ironpla.net,,IronPlanet,False
ironplanet.com,,,False
irs.gov,,,False
irs03.com,,iResearch Consulting Group,False
irvinecompany.com,,,False
is.fi,,Sanoma Corporation,False
iseaskies.com,,,False
isg.us,,,False
isgengine.com,,,False
ishotmyself-backend-9thxd.ondigitalocean.app,,,False
ishoutbox.com,,,False
isimarkets.com,,,False
isitetv.com,,,False
islive.nl,,,False
ismapps.io,,,False
ismcdn.jp,,"Japan Business Press Co.,Ltd.",False
isolatedovercomepasted.com,,,False
isostech.com,,,False
isp-lookup-prod-x5b7jhrkea-ew.a.run.app,,Google LLC,False
ispot.tv,Advertising;Analytics;Audience Measurement,iSpot.tv,True
isstarsbuilding.com,,,False
issuewireassets.s3-us-west-2.amazonaws.com,CDN,"Amazon Technologies, Inc.",False
issuu.com,,Bending Spoons S.p.A.,False
ist-track.com,,Intelligentreach,False
istats.nl,,,False
istefr.fr,,,False
isu.pub,,Issuu ApS,False
isy-teamblue.services,,,False
it-cclz-sitecore-prod-236910-cdn-endpoint.azureedge.net,CDN,Microsoft Corporation,False
it-finance.com,,,False
it.com,,,False
it.edgekey.net,,Akamai Technologies,False
it.edgesuite.net,CDN,Akamai Technologies,False
it4media.de,,,False
italia.it,,,False
italotreno.com.edgekey.net,,Akamai Technologies,False
itautomotive.fr,,,False
itc.zappos,,,False
itch.io,,Leaf Corcoran,False
itch.zone,,,False
itemfix.com,,,False
itemkg.de,,,False
itemwi.se,,,False
itemwise.com,,,False
iterable.com,,"Iterable, Inc.",False
iteras.dk,,,False
iteratehq.com,,Pickaxe LLC,False
iterwebcms.com,,,False
itftennis-ep.azureedge.net,CDN,Microsoft Corporation,False
itmwpb.com,,,False
itoris.com,,,False
itransitauthority.com,,,False
itroom.fr,,,False
its-mo.com,,,False
its123.nl,,,False
itsdcdn.com,,,False
itsfogo.com,,,False
itsmart.info,,,False
itstarsbuilding.com,,,False
itunes-apple.com.akadns.net,CDN,Akamai Technologies,False
itv.com.edgekey.net,,Akamai Technologies,False
itxuc.com,,,False
itzbund.de,,Informationstechnikzentrum Bund (ITZBund),False
iubenda.com,Badge;Embedded Content;Non-Tracking,iubenda s.r.l.,False
iuknyw5evnygw9v.nl,,,False
iurnetwork.de,,,False
ivanhoe.io,,,False
ivastudio.ai,,,False
ivi.ru,,"LLC ""Ivi.ru""",False
iviewanalytics.com,,,False
ivisionmobile.com,,,False
ivitrack.com,Ad Motivated Tracking;Advertising;Analytics,Ividence,True
ivlv.me,,,False
ivy-cdn.com,,,False
ivy.ai,,,False
ivydigitalmarketing.nl,,,False
iw.ro,,,False
iw0.net,,,False
iwantmature.b-cdn.net,CDN,BunnyCDN,False
iwantmature.com,,,False
iwara.shop,,,False
iwara.tv,,,False
iwink.nl,,,False
iws-dziennik-pl.b-cdn.net,CDN,BunnyCDN,False
ixl.com,,"IXL Learning, Inc",False
ixspublic.com,,,False
iyfubh.com,,,False
izooto.com,,,False
j-a-net.jp,,,False
j-server.com,,,False
j.sni.global.fastly.net,Action Pixels;Ad Motivated Tracking;Advertising;Analytics;CDN;Embedded Content;Session Replay;Third-Party Analytics Marketing,"Fastly, Inc.",True
j8me.com,,,False
j93557g.com,,"Leven Labs, Inc. DBA Admiral",False
jackarcher.myshopify.com,Analytics;CDN;Embedded Content;Online Payment,Shopify Inc.,False
jackbox-games.myshopify.com,Analytics;CDN;Embedded Content;Online Payment,Shopify Inc.,False
jackbox.tv,,"Jackbox Games, Inc.",False
jackofftome.com,,,False
jacquieetmichel.net,,ARTEMIS,False
jacquieetmichellive.com,,,False
jads.co,,JuicyAds,False
jafolders.com,,,False
jagran.com,,,False
jagran.com.edgekey.net,,Akamai Technologies,False
jagranimages.com,,,False
jaguarlandrover.com,,,False
jakala.it,,,False
jakala.services,,,False
jalaunbf.cc,,,False
jalousiescout.at,,,False
jam.dev,,,False
jambojar.com,,,False
jamesallen.com,,,False
jampack.com,,,False
janesweather.net,,,False
janieandjack.uk,,,False
janitorprecisiontrio.com,,,False
janrain.com,,Akamai Technologies,False
janssenos.com,,,False
janusaent.com,,,False
japanesebeauties.one,,,False
japanhighlights.com.edgekey.net,,Akamai Technologies,False
japfg-trending-content.appspot.com,CDN,Google LLC,False
japfg-trending-content.uc.r.appspot.com,CDN,Google LLC,False
jarabot.com,,,False
jared.com.edgekey.net,,Akamai Technologies,False
jarvisml.com,,,False
jase-staging.myshopify.com,Analytics;CDN;Embedded Content;Online Payment,Shopify Inc.,False
jasminka.cz,,,False
jasongo.net,,,False
jasperplayer.com,,,False
javdatabase.com,,,False
javfun.me,,,False
javhd.com,,OVERUS SERVICES LIMITED,False
javhd3x.tv,,,False
javhdhello.com,,,False
javhdporn.live,,,False
javhdz.today,,,False
javseenz.tv,,,False
javsubthai2.com,,,False
javtopxx2.com,,,False
javym.net,,,False
javzero.xyz,,,False
jaxforms.com,,,False
jaywing.com,,,False
jazelc.com,,,False
jbhcdn.azureedge.net,CDN,Microsoft Corporation,False
jbl.com.au,,,False
jblinks.cz,,,False
jbnhzq4n2jx.com,,,False
jbs.al,,,False
jbteen.cc,,,False
jcjpf.com,,,False
jcp.com,,,False
jcpclick.com,,,False
jcpenney.com.edgekey.net,,Akamai Technologies,False
jcphi.com,,,False
jcrew.com.edgekey.net,,Akamai Technologies,False
jd.com,,"Beijing Jingdong Century Trading Co., Ltd.",False
jdmagicbox.com,,,False
jdmesh.co,,JD Sports Fashion Plc,False
jdplc.com,,JD Sports Fashion Plc,False
jdsports-client-resources.co.uk,,JD Sports Fashion Plc,False
jdsports-client-resources.s3.amazonaws.com,CDN,"Amazon Technologies, Inc.",False
jdsports.com.edgekey.net,,Akamai Technologies,False
jebbit-r-and-d.s3.amazonaws.com,CDN,"Amazon Technologies, Inc.",False
jebbit.com,,,False
jediapps.com,,,False
jeeng-api-prod.azureedge.net,CDN,Microsoft Corporation,False
jeeng.com,,,False
jeengapis.com,,,False
jeffbenner.net,,,False
jeinzmaciass.biz,,,False
jememontre.com,,,False
jemogfix.dk,,jem&fix,False
jennydanny.com,,,False
jerkmate.com,,,False
jernia-cdn.no,,,False
jet-external.com,,,False
jetblue.com,,JetBlue Airways Corporation,False
jetboost.io,,,False
jetinteractive.com.au,,,False
jetpackdigital.com,,"Jetpack Digital, LLC",False
jetshop.io,,,False
jetstar.com.edgekey.net,,Akamai Technologies,False
jewelml.io,,,False
jewishadgroup.com,,,False
jewishcontentnetwork.com,,,False
jguery.com,,,False
jhmt.cz,,,False
jhnwr.com,,,False
jibecdn.com,,,False
jibeno.xyz,,,False
jifo.co,,,False
jimcdn.com,,Jimdo GmbH,False
jimcontent.com,,,False
jimdo.com,,Jimdo GmbH,False
jimdo.systems,,,False
jimstatic.com,,Jimdo GmbH,False
jioadsweb.akamaized.net,CDN,Akamai Technologies,False
jiosaavn.com.akamaized.net,CDN,Akamai Technologies,False
jipcam.com,,,False
jishiyuchat.com,,,False
jit.si,,,False
jitsu.com,,,False
jive.com,,,False
jivosite.com,,,False
jivox.com,,Jivox Corp,False
jixie.io,,,False
jixie.media,,,False
jjill.com.edgekey.net,,Akamai Technologies,False
jlabgrabbag.myshopify.com,Analytics;CDN;Embedded Content;Online Payment,Shopify Inc.,False
jlbfyh.com,,,False
jlcpcb.com,,,False
jllivetx.cc,,,False
jllivetx.com,,,False
jmlp.app,,,False
jmosl.com,,,False
jmty.jp,,"Jimoty, Inc.",False
jnbhi.com,,,False
jnm.digital,,,False
jnn-pa.googleapis.com,CDN;Embedded Content,Google LLC,False
joada.net,,,False
joaia.app,,,False
job-room.ch,,,False
jobadx.com,,,False
jobbio.com,,,False
jobcase.com,,,False
jobcloud.services,,,False
jobmittelland.ch,,,False
jobs.com,,,False
jobs2web.com,,,False
jobsyn.org,,,False
jobteasercdn.com,,,False
joefresh.com.edgekey.net,,Akamai Technologies,False
johan-cruijff-arena.b-cdn.net,CDN,BunnyCDN,False
johndeere.com,,,False
johndeerecloud.com,,,False
johnlewiscontent.com,,,False
johnstonandmurphy-email.com,,,False
join-stories.com,,,False
joinabound.com,,,False
joinclyde.com,,,False
joinfella.com,,,False
joinground.com,,,False
joinlede.com,,,False
joins.net,,,False
joint-club.com,,,False
jointcommerce-files.s3-us-west-2.amazonaws.com,CDN,"Amazon Technologies, Inc.",False
jointcommerce.com,,,False
jointcommerce.herokuapp.com,CDN,"Salesforce.com, Inc.",False
jointrybe.com,,,False
jokerly.com,,Markelys Interactive,False
jolect.com,,,False
jollibee-prod-media.s3.us-west-2.amazonaws.com,CDN,"Amazon Technologies, Inc.",False
jollyoutdoorjogger.com,,,False
jollyroom.se,,,False
jomashop.ghost.io,,,False
jomodns.com,,,False
jon-0c8.workers.dev,,,False
jonathangreen.b-cdn.net,CDN,BunnyCDN,False
joom.it,,,False
joporn.tube,,,False
joshuarms.com,,,False
jotbird.com,,,False
jotfor.ms,,,False
jotform.com,,,False
jotform.io,,,False
journaldemontreal.com.edgekey.net,,Akamai Technologies,False
journaldesfemmes.com.edgesuite.net,CDN,Akamai Technologies,False
journaldunet.com.edgesuite.net,CDN,Akamai Technologies,False
journaldunet.fr,,,False
journalofaccountancy.com,,,False
journeydns.com,,,False
journeyfinder.ai,,,False
journeymv.com,,,False
journity-images.s3.amazonaws.com,CDN,"Amazon Technologies, Inc.",False
journity.com,,Five Q,False
joy.so,,,False
joybuy.com,,"Beijing Jingdong Century Trading Co., Ltd.",False
joyclub.de,,,False
joyn.ch,,,False
joyn.de,,,False
joyouspool.com,,,False
joyreactor.cc,,,False
jp.edgekey.net,,Akamai Technologies,False
jp1media.com,,,False
jpbgdigital.com,,,False
jpg4.quest,,,False
jpg6.su,,,False
jpmm.com.akadns.net,CDN,Akamai Technologies,False
jpr-production-alb-2124348319.ap-southeast-1.elb.amazonaws.com,CDN,"Amazon Technologies, Inc.",False
jpwindustries.com,,,False
jquery-plugins.net,,,False
jquery.bond,,,False
jquery.com,CDN,OpenJS Foundation,False
jqueryscript.net,,,False
js-bn.com.edgekey.net,,Akamai Technologies,False
js7k.com,,Yahoo Inc.,False
jsbxklr.x.incapdns.net,CDN,Imperva Inc.,False
jscache.com,,TripAdvisor LLC,False
jscaddy.com,,,False
jscloud.net,,,False
jscount.com,,,False
jscrambler.com,,,False
jsdeliver.cloud,,,False
jsdeliver.link,,,False
jsdelivr.b-cdn.net,CDN,BunnyCDN,False
jsdelivr.com,,Prospect One,False
jsdelivr.net,CDN,Prospect One,False
jsfixer.com,,,False
jsflxr.com,,,False
jsma.s3.us-west-2.amazonaws.com,CDN,"Amazon Technologies, Inc.",False
jsmog.com,,,False
jsmsat.com,,,False
jsmuz.com,,,False
jsonip.com,,,False
jspm.dev,,,False
jspm.io,,,False
jsrdn.com,,,False
jsspmedia.com,,,False
jst.ai,,,False
jsuol.com.br,,Universo Online S.A.,False
jsx.com.edgekey.net,,Akamai Technologies,False
jtgt-static.b-cdn.net,CDN,BunnyCDN,False
jtvnw.net,,"Amazon Technologies, Inc.",False
jublo.net,,,False
judge.me,,Judge.me Ltd,False
juegosonce.edgesuite.net,CDN,Akamai Technologies,False
juicer-lift.s3-ap-northeast-1.amazonaws.com,CDN,"Amazon Technologies, Inc.",False
juicer-vri.s3-ap-northeast-1.amazonaws.com,CDN,"Amazon Technologies, Inc.",False
juicer.cc,,"Logly, Inc.",False
juicer.io,,SaaS.group LLC,False
juicingoasis.com,,,False
juicyads.com,Ad Motivated Tracking;Advertising;Malware,JuicyAds,True
juicyads.me,,,False
juicycamgirls.com,,,False
juicycash.net,,,False
jukeboxfield.com,,,False
jula.com,,,False
julephosting.de,,,False
jumpers-fitness.com,,,False
jumpers-fitness.de,,,False
jumplisting.com,,Alaia Technologies Inc,False
junghans-schneider.de,,,False
junioreinstein.nl,,,False
juniphq.com,,,False
juphy.com,,,False
jupiter.co,,,False
jupiter.shop,,,False
jura-contactless.com,,,False
jura-live.com,,,False
jusbr.com,,Azion Technologies,False
just.promo,,,False
justanswer.com,,JustAnswer LLC,False
justapinch.com,,"Just A Pinch Recipe Club, LLC",False
justatic.com,,,False
justbaat-ads.com,,,False
justbetter.nl,,,False
justcdn.xyz,,,False
justfly.com,,,False
justfor.fans,,,False
justhost-cdn.com,,,False
justid.io,,,False
justinguitarassets.b-cdn.net,CDN,BunnyCDN,False
justone.ai,,,False
justpremium.com,Ad Motivated Tracking;Advertising,JustPremium,True
justsell.live,,,False
justservingfiles.net,,,False
justuno.com,,,False
justwatch.com,,JustWatch GmbH,False
jw-cdn.org,,,False
jwdpug.com,,,False
jwpcdn.com,Advertising;CDN;Embedded Content,"LongTail Ad Solutions, Inc.",True
jwplatform.com,Advertising;CDN;Embedded Content,"LongTail Ad Solutions, Inc.",True
jwplayer.com,Action Pixels;Ad Motivated Tracking;Analytics;CDN;Embedded Content,"LongTail Ad Solutions, Inc.",True
jwpltx.com,,"LongTail Ad Solutions, Inc.",False
jwpsrv.com,CDN;Embedded Content,"LongTail Ad Solutions, Inc.",False
jwwb.nl,,,False
jysk.com,,,False
jysk.io,,,False
jyxo.net,,,False
jyzkut.com,,,False
jzkts.xyz,,,False
k-net.io,,,False
k-tiramisu.com,,,False
k-words.io,,,False
k.global-ssl.fastly.net,Action Pixels;Ad Motivated Tracking;Advertising;Analytics;CDN;Embedded Content;Session Replay;Third-Party Analytics Marketing,"Fastly, Inc.",True
k.sni.global.fastly.net,Action Pixels;Ad Motivated Tracking;Advertising;Analytics;CDN;Embedded Content;Session Replay;Third-Party Analytics Marketing,"Fastly, Inc.",True
k12insight.com,,,False
k2pf5eb.x.incapdns.net,CDN,Imperva Inc.,False
k2s.cc,,,False
k3.shared.global.fastly.net,Action Pixels;Ad Motivated Tracking;Advertising;Analytics;CDN;Embedded Content;Session Replay;Third-Party Analytics Marketing,"Fastly, Inc.",True
k5a.io,,Kilkaya AS,False
k8s-citrixprod-0003217529-1081058841.us-west-2.elb.amazonaws.com,CDN,"Amazon Technologies, Inc.",False
k8s-cloudbridgeingres-060e06d403-1419986395.us-west-2.elb.amazonaws.com,CDN,"Amazon Technologies, Inc.",False
k8s-cloudbridgeingres-222371c9aa-865562290.us-east-1.elb.amazonaws.com,CDN,"Amazon Technologies, Inc.",False
k8s-cloudbridgeingres-4bcf0d52eb-1682700801.us-east-1.elb.amazonaws.com,CDN,"Amazon Technologies, Inc.",False
k8s-cloudbridgeingres-70840a908c-1539380178.us-east-1.elb.amazonaws.com,CDN,"Amazon Technologies, Inc.",False
k8s-cloudbridgeingres-9a05dff67b-1318801425.us-east-1.elb.amazonaws.com,CDN,"Amazon Technologies, Inc.",False
k8s-cloudbridgeingres-b0cbb46ca2-1687109881.us-east-2.elb.amazonaws.com,CDN,"Amazon Technologies, Inc.",False
k8s-cloudbridgeingres-baaee29bec-1684238010.ap-southeast-2.elb.amazonaws.com,CDN,"Amazon Technologies, Inc.",False
k8s-cloudbridgeingres-c1bf1a6c84-1555281059.us-east-1.elb.amazonaws.com,CDN,"Amazon Technologies, Inc.",False
k8s-cloudbridgeingres-eba323b709-1022251590.us-east-2.elb.amazonaws.com,CDN,"Amazon Technologies, Inc.",False
k8s-cloudbridgeingres-fb246208c5-178640128.us-east-1.elb.amazonaws.com,CDN,"Amazon Technologies, Inc.",False
k8s-ingress-clustera-3b0f1f476e-1394983659.eu-central-1.elb.amazonaws.com,CDN,"Amazon Technologies, Inc.",False
k8s-ingressn-ingressn-48441d652c-1509626358.eu-central-1.elb.amazonaws.com,CDN,"Amazon Technologies, Inc.",False
k8s-ingresspl2-08eda73da1-375984102.eu-central-1.elb.amazonaws.com,CDN,"Amazon Technologies, Inc.",False
k8s-liveodds-liveodds-220c9e2ed7-473238106.us-east-1.elb.amazonaws.com,CDN,"Amazon Technologies, Inc.",False
k8s-nmco-nmxedgee-370129f2ad-2123946051.us-east-1.elb.amazonaws.com,CDN,"Amazon Technologies, Inc.",False
k8s-prodghin-frontend-56ba363157-1340840720.us-east-1.elb.amazonaws.com,CDN,"Amazon Technologies, Inc.",False
k8s-producti-omniaapi-9ee0cbc64f-437312373.us-east-2.elb.amazonaws.com,CDN,"Amazon Technologies, Inc.",False
k8s-productionwootrac-a7bf098e9c-807149376.eu-west-3.elb.amazonaws.com,CDN,"Amazon Technologies, Inc.",False
k8s-publicprod-a7a2763b4b-1958408074.us-east-1.elb.amazonaws.com,CDN,"Amazon Technologies, Inc.",False
k8s-restprod-restprod-d41e0d3751-1982150143.us-east-1.elb.amazonaws.com,CDN,"Amazon Technologies, Inc.",False
kab-megamenu-prod.netlify.app,,,False
kabloom-agency.com,,,False
kaching.eu.com,,,False
kachingappz.app,,,False
kad.systems,,,False
kaeufersiegel.de,,Haendlerbund Management AG,False
kaeyou-dm.com,,,False
kaggle.com,,Google LLC,False
kahalamgmt.com,,,False
kahoona.io,,,False
kaithink.de,,,False
kaitphotography.com.au,,,False
kaiu-marketing.com,,,False
kaizenplatform.net,,"Kaizen Platform, Inc.",False
kajabi-cdn.com,,,False
kajabi.com,,,False
kajomigenerator.de,,,False
kakao.com,,Kakao Corp.,False
kakaocdn.net,,Kakao Corp.,False
kaktusapp.com,,,False
kakuros.com,,,False
kalaiwa.de,,,False
kaldagan.tv,,,False
kaliber.io,,,False
kalkomey.com,,,False
kalshi-public-docs.s3.amazonaws.com,CDN,"Amazon Technologies, Inc.",False
kaltura.com,,Kaltura Inc,False
kamado-joe.myshopify.com,Analytics;CDN;Embedded Content;Online Payment,Shopify Inc.,False
kameleoon.com,,Kameleoon,False
kameleoon.eu,,Kameleoon,False
kameleoon.io,,,False
kampyle.com,Embedded Content;Third-Party Analytics Marketing,Medallia Inc.,False
kanal75-cdn.akamaized.net,CDN,Akamai Technologies,False
kanes-furniture.myshopify.com,Analytics;CDN;Embedded Content;Online Payment,Shopify Inc.,False
kangarooapis.com,,,False
kanojotoys.com,,,False
kansascitysteaks.b-cdn.net,CDN,BunnyCDN,False
kapa.ai,,,False
kapetracking.com,,,False
kapitaliser.com,,,False
kaptcha.com,,Equifax Inc.,False
karakuri.ai,,,False
kardia.com,,,False
kargo.com,Ad Fraud;Ad Motivated Tracking;Advertising,"Kargo Global, Inc.",True
karlachat.com,,,False
karte-edge.io,,,False
karte.io,,Plaid Inc,False
kartify.herokuapp.com,CDN,"Salesforce.com, Inc.",False
kartra.com,,,False
kaspersky.de,,AO Kaspersky Lab,False
katalon.com,,,False
katapult.com,,,False
kataweb.it,,,False
kate.com.edgekey.net,,Akamai Technologies,False
katespade.com,,Kate Spade LLC,False
katogroup.eu,,,False
katynationalbaseball.org,,,False
kauf-beratung.org,,,False
kauz.ai,,,False
kawasaki-global-admin.com,,,False
kaxcdn.com,,,False
kaxmedia.com,,,False
kay.com.edgekey.net,,Akamai Technologies,False
kayak.ch,,,False
kayak.com,,KAYAK SOFTWARE CORPORATION,False
kayak.com.au,,,False
kayak.nl,,,False
kayak.no,,,False
kayako.com,,Aurea Software,False
kayako.net,,,False
kayakocdn.com,,Aurea Software,False
kayofthejungle.com,,,False
kb.nl,,,False
kbb.com,,"KELLEY BLUE BOOK CO., INC.",False
kbos.net,,,False
kbs-crm.de,,,False
kbs.de,,,False
kbv.de,,,False
kc-usercontent.com,,,False
kcc0.com,,Online Media Solutions Ltd. dba Brightcom,False
kcelections.azureedge.net,CDN,Microsoft Corporation,False
kcmg.nl,,,False
kcp-prod-engage.s3.amazonaws.com,CDN,"Amazon Technologies, Inc.",False
kcpglob.com,,,False
kctag.net,,,False
kdata1.com,,,False
kdfw.edgesuite.net,CDN,Akamai Technologies,False
ke-pixel.netlify.app,,,False
keen.io,,Keen.io LLC,False
keenesdepot.io,,,False
keenquill.com,,,False
keep2share.cc,,,False
keepandroidopen.org,,,False
keepcart.co,,,False
kellymadisonmedia.com,,,False
kendall.ai,,,False
kendostatic.com,,Telerik EAD,False
kenect.com,,,False
kenga.tech,,,False
kenmaybepublisher.com,,,False
kenmore-interim-image-store.s3.us-east-2.amazonaws.com,CDN,"Amazon Technologies, Inc.",False
kensiumcommerce.com,,,False
kenticoprod.azureedge.net,CDN,Microsoft Corporation,False
kentstateinfo.org,,,False
kentucky.gov,,Commonwealth of Kentucky,False
kentuckyderby.com,,,False
kentuckytourism.com,,,False
kenwheeler.github.io,CDN;Non-Tracking,"GitHub, Inc.",False
kering.com,,,False
kerzner.com,,,False
keskofiles.com,,,False
ketchcdn.com,,"Ketch Kloud, Inc.",False
ketchjs.com,,"Ketch Kloud, Inc.",False
kettledroopingcontinuation.com,,,False
keurig.com.edgekey.net,,Akamai Technologies,False
kevel.com,,,False
keycloak-alb-prod-conv-1430470243.us-east-1.elb.amazonaws.com,CDN,"Amazon Technologies, Inc.",False
keydatadashboard.com,,,False
keytiles.com,,Flan-Technologies Kft.,False
keywee.co,Ad Motivated Tracking;Advertising;Analytics;Third-Party Analytics Marketing,Keywee,True
kfc-digital.io,,,False
kfc.com.edgekey.net,,Akamai Technologies,False
kgdata.dev,,,False
kgnow.com,,,False
kgns1.com,,,False
kgns3.com,,,False
kgnvry-ns1p.b-cdn.net,CDN,BunnyCDN,False
khabarindiatv.com,,Independent News Services,False
khoros.com,,,False
khtsdev.com,,,False
kia.ca,,,False
kia.ch,,,False
kia.fr,,,False
kib.hu,,,False
kibibe.com,,,False
kibocloud.com,,,False
kichijoji-fuzoku.jp,,,False
kichijoji-hitozuma.jp,,,False
kickbite.io,,,False
kickbooster.me,,,False
kicker.de,,Olympia - Verlag GmbH,False
kickfire.com,,,False
kickscrewshop.myshopify.com,Analytics;CDN;Embedded Content;Online Payment,Shopify Inc.,False
kickstarter.com,,Kickstarter,False
kidnapproductions.com,,,False
kidneycancerresourcecenter.org,,,False
kidsafe.com,,"Samet Privacy, LLC",False
kidsafeseal.com,,"Samet Privacy, LLC",False
kieselcustomguitars.myshopify.com,Analytics;CDN;Embedded Content;Online Payment,Shopify Inc.,False
kieskeurig.nl,,,False
kiki18.com,,,False
kilatechapps.com,,,False
kilathoki.info,,,False
kilo6alga.com,,,False
kiloutou.com,,,False
kimberlite.io,,,False
kimmelcenter.org,,,False
kimonix.com,,,False
kimootoko.net,,,False
kinderzeitmaschine.de,,,False
kindful.com,,,False
kindlycdn.com,,,False
kindred-bravely.myshopify.com,Analytics;CDN;Embedded Content;Online Payment,Shopify Inc.,False
kinesis.us-east-1.amazonaws.com,CDN,"Amazon Technologies, Inc.",False
kingbokep.cc,,,False
kinghub.vn,,,False
kingsisle.com,,,False
kinokordon.link,,,False
kinoserial.online,,,False
kinow.io,,,False
kinshicho-esthe.jp,,,False
kinship.co,,,False
kinship.engineering,,,False
kinsta.cloud,,,False
kiprotect.com,,,False
kirim.email,,,False
kirklandapps.com,,,False
kiskoo.com,,,False
kiss-production-app-alb-v2-1344741801.eu-central-1.elb.amazonaws.com,CDN,"Amazon Technologies, Inc.",False
kisskh.co,,,False
kissmetrics.com,,"Space Pencil, Inc.",False
kissmetrics.io,,,False
kit.com,,"Kit, Inc.",False
kitconet.com,,,False
kitewheel.com,,,False
kitsys.net,,,False
kittentacos.com,,,False
kittygruff.com,,,False
kiwisizing.com,,,False
kiyoh.com,,DTG B.V.,False
kizi-loadb-19ez0jq1oq6rm-763854774.eu-west-1.elb.amazonaws.com,CDN,"Amazon Technologies, Inc.",False
kjur.github.io,CDN;Non-Tracking,"GitHub, Inc.",False
kk-resources.com,,,False
kk.pt,,,False
kkeu.de,,,False
kl-youniverse.com,,,False
klangoo.com,,Klangoo Inc,False
klantenvertellen.nl,,,False
klara.com,,,False
klarinsights.net,,,False
klarna.app,,Klarna Bank AB,False
klarna.com,,Klarna Bank AB,False
klarna.net,,,False
klarnacdn.net,,Klarna Bank AB,False
klarnaevt.com,,Klarna Bank AB,False
klarnapayments.com,,Klarna Bank AB,False
klarnaservices.com,,Klarna Bank AB,False
klarschiff.de,,,False
klaviyo-frameiteasy.s3.amazonaws.com,CDN,"Amazon Technologies, Inc.",False
klaviyo.com,Ad Motivated Tracking;Advertising;Analytics;Audience Measurement;Embedded Content;Third-Party Analytics Marketing,Klaviyo,True
klaviyoforneto.com,,,False
klck.dev,,,False
klear.com,,,False
kleecks-stats.com,,,False
kleekr.com,,,False
kleep.ai,,,False
klei.com,,,False
kleintools.io,,,False
klevu.com,,Klevu Oy,False
klickly.com,,,False
klikbos.me,,,False
klikk.no,,,False
klikxxi.net,,,False
klimg.com,,KAPANLAGI NETWORK,False
klinio.com,,,False
klink.cloud,,,False
klinkcx.com,,,False
klook.com,,Klook Travel Technology Limited,False
klru-images.s3.us-west-2.amazonaws.com,CDN,"Amazon Technologies, Inc.",False
klujo.com,,,False
kmalgo.com,,,False
kmblabs.com,,,False
kmphangareuelb001-1376415603.eu-west-1.elb.amazonaws.com,CDN,"Amazon Technologies, Inc.",False
kmsmep.com,,,False
kmsp.edgesuite.net,CDN,Akamai Technologies,False
knightlab.com,,Northwestern University,False
knipex.com,,,False
knitstamp.com,,"Leven Labs, Inc. DBA Admiral",False
knmi.nl,,KNMI (Koninklijk Nederlands Meteorologisch Instituut),False
knmp.nl,,,False
knock2-frontend.web.app,,Google LLC,False
knock2.ai,,,False
knotch-cdn.com,,,False
knotch.com,,,False
knotch.it,,,False
knowledgehut.com,,,False
knowledgeowl.com,,,False
knownagents.com,,,False
knoxville.org,,,False
kntxy.com,,,False
knxs.net,,,False
ko-fi.com,,Ko-Fi Labs Limited,False
koah.ai,,,False
koala.sh,,,False
kobo.com,,"Rakuten, Inc.",False
kochava.com,,Kochava,False
koddi.com,,,False
kode24-image-cache.onrender.com,,,False
kodif.ai,,,False
kodif.io,,,False
kodikplayer.com,,,False
kodikres.com,,,False
kodir2.github.io,CDN;Non-Tracking,"GitHub, Inc.",False
koelnmesse.io,,,False
koentools.com,,,False
kohler.com,,Kohler Co.,False
kohls.com,,"Kohl's, Inc.",False
kollus.com,,"Catenoid, Inc.",False
kombinat.digital,,,False
komito.net,,,False
komm.one,,,False
kommunicate.io,,,False
komoot.io,,,False
kompas.com,,,False
kompas.id,,,False
kompaspublishing.nl,,,False
kona-bicycle-company-usa.myshopify.com,Analytics;CDN;Embedded Content;Online Payment,Shopify Inc.,False
konfidency.com.br,,,False
kongregate.map.fastly.net,Action Pixels;Ad Motivated Tracking;Advertising;Analytics;CDN;Embedded Content;Session Replay;Third-Party Analytics Marketing,"Fastly, Inc.",True
konnektu.ru,,,False
konradin.de,,,False
kontainer.com,,,False
kontent.ai,,,False
kore.ai,,,False
koreanair.com.edgekey.net,,Akamai Technologies,False
koredge.website,,,False
koreessentials.myshopify.com,Analytics;CDN;Embedded Content;Online Payment,Shopify Inc.,False
korfo.org,,,False
korio.fr,,,False
korlumo.com,,,False
koro-cdn.com,,,False
koro.com,,,False
kostprice.com.edgekey.net,,Akamai Technologies,False
kotus.fi,,,False
kounelipublishing.de,,,False
kount.net,,,False
kp.house,,,False
kpcdn.net,,,False
kpn.com,,,False
kr3m.com,,,False
krafton.com,,,False
krakenoptimize.com,,,False
kreatio.net,,Kreatio Software Pvt Ltd,False
krfb.de,,,False
krgv.s3.amazonaws.com,CDN,"Amazon Technologies, Inc.",False
kriv.edgesuite.net,CDN,Akamai Technologies,False
krn-media.edgekey.net,,Akamai Technologies,False
kroger.com,,The Kroger Co.,False
kruidvat.nl,,,False
krushmedia.com,,,False
krxd.net,Ad Motivated Tracking;Advertising;Audience Measurement,"Salesforce.com, Inc.",True
kryo-gear.myshopify.com,Analytics;CDN;Embedded Content;Online Payment,Shopify Inc.,False
ks4pdkw.x.incapdns.net,CDN,Imperva Inc.,False
ksapisrv.com,,Beijing Kuaishou Technology Ltd.,False
ksaz.edgesuite.net,CDN,Akamai Technologies,False
ksearchnet.com,,,False
ksgct.de,,,False
kshsaa-api.azurewebsites.net,CDN,Microsoft Corporation,False
ksldigital.media,,,False
ksrndkehqnwntyxlhgto.com,,,False
kstatesports.com,,,False
ktbc.edgesuite.net,CDN,Akamai Technologies,False
ktcloudcdn.com,,,False
kthome-prd-front-ext-alb-1729947870.ap-northeast-2.elb.amazonaws.com,CDN,"Amazon Technologies, Inc.",False
ktndashboard.azurewebsites.net,CDN,Microsoft Corporation,False
kts.fox,,,False
kttv.edgesuite.net,CDN,Akamai Technologies,False
ktvu.com.edgesuite.net,CDN,Akamai Technologies,False
ktvz.b-cdn.net,CDN,BunnyCDN,False
ktxlytics.io,,,False
ku42hjr2e.com,,,False
kuaizao.org,,,False
kubico.com,,,False
kubra.io,,,False
kucoin.plus,,,False
kudobuzz.com,,Kudobuzz Inc,False
kudosi.ai,,,False
kueezrtb.com,,,False
kueezssp.com,,,False
kueskipay.com,,,False
kuf.by,,,False
kuiu-shop.myshopify.com,Analytics;CDN;Embedded Content;Online Payment,Shopify Inc.,False
kujiale.com,,,False
kumcams.com,,,False
kumed.com,,,False
kumulos.com,,,False
kundo.se,,,False
kunlunar.com,,,False
kunluncan.com,,,False
kunlungr.com,,,False
kunlunsl.com,,,False
kununu.cz,,,False
kuow.io,,KUOW News and Information,False
kuponacdn.de,,,False
kuroco-img.app,,,False
kurogame.xyz,,,False
kurogames.net,,,False
kurufootwear.myshopify.com,Analytics;CDN;Embedded Content;Online Payment,Shopify Inc.,False
kustom.co,,,False
kustomcdn.co,,,False
kustomerapp.com,,"Kustomer, Inc.",False
kustomerhostedcontent.com,,,False
kutk.myshopify.com,Analytics;CDN;Embedded Content;Online Payment,Shopify Inc.,False
kutoku.com,,,False
kuvio.io,,,False
kuvirixa.com,,,False
kv-safenet.de,,,False
kwai-pro.com,,,False
kwai.net,,Beijing Kuaishou Technology Ltd.,False
kwai.net.akadns.net,CDN,Akamai Technologies,False
kway.co.il,,,False
kwikmotion.com,,,False
kwipped.com,,,False
kwiziq.com,,,False
kx1.co,,,False
kxcdn.com,CDN,proinity GmbH,False
ky27ltm.x.incapdns.net,CDN,Imperva Inc.,False
kybolabs.co.uk,,,False
kyluat.com,,,False
kym-cdn.com,,Literally.Media,False
kyruus.com,,,False
l-x.fr,,,False
l.shared.us-eu.fastly.net,Action Pixels;Ad Motivated Tracking;Advertising;Analytics;CDN;Embedded Content;Session Replay;Third-Party Analytics Marketing,"Fastly, Inc.",True
l1native.com,,,False
l2.shared.global.fastly.net,Action Pixels;Ad Motivated Tracking;Advertising;Analytics;CDN;Embedded Content;Session Replay;Third-Party Analytics Marketing,"Fastly, Inc.",True
l3.shared.us-eu.fastly.net,Action Pixels;Ad Motivated Tracking;Advertising;Analytics;CDN;Embedded Content;Session Replay;Third-Party Analytics Marketing,"Fastly, Inc.",True
l5id.com,,,False
l7cdn.com,,,False
la.gov,,,False
lab-p-apise-ikxmro5ihv8j-742745541.us-east-1.elb.amazonaws.com,CDN,"Amazon Technologies, Inc.",False
labacchanale.fr,,,False
labadena.com,,,False
labamplify.com,,,False
lablpx.com,,,False
labocleo.org,,,False
laboredlocket.com,,"Leven Labs, Inc. DBA Admiral",False
labrador.media,,,False
labrmngp.fr,,,False
labs.google,,,False
lacity.org,,City of Los Angeles,False
lacoste.com.edgekey.net,,Akamai Technologies,False
lacrosse-technology.myshopify.com,Analytics;CDN;Embedded Content;Online Payment,Shopify Inc.,False
ladbiblegroup.com,,,False
ladesk.com,,Quality Unit LLC,False
ladies-cdn.de,,,False
ladigitale.dev,,,False
ladmedia.fr,,Hachette Filipacchi Presse,False
ladsp.com,Ad Motivated Tracking;Advertising;Analytics,So-net Media Networks Corporation.,True
laetis.fr,,,False
laetis.net,,,False
lafourche.tech,,,False
lafranceinsoumise.fr,,,False
lag.azureedge.net,CDN,Microsoft Corporation,False
lagofast.com.edgesuite.net,CDN,Akamai Technologies,False
lahuashanbx.com,,,False
laiye.com,,,False
lakefrontexpo.com,,,False
lakehouse.com,,Lakehouse.com,False
lakemchenryscanner.b-cdn.net,CDN,BunnyCDN,False
lakesonline.com,,,False
lakeumbraco.azurewebsites.net,CDN,Microsoft Corporation,False
lakexboats.com,,,False
lalamasa.b-cdn.net,CDN,BunnyCDN,False
laleynext.es,,,False
lambdatest.com,,,False
lambemu.eu.org,,,False
lampenwelt.com,,,False
lampenwelt.de,,Lampenwelt GmbH,False
lamudi.com,,,False
lanazione.it,,Monrifnet,False
land.com,,,False
land24.de,,,False
landbot.io,,HELLO UMI S.L.,False
landbw.de,,Landesoberbeoerde IT Baden-Wuerttemberg (BITBW),False
landerlab.io,,,False
landing-page-system.web.app,,Google LLC,False
landingi.com,,,False
landleven.nl,,,False
landscape.co.jp,,,False
langimg.com,,Times Internet Ltd,False
langshop.app,,,False
langwill.com,,,False
lannonceur.com,,,False
lapublicite.ch,,,False
larapush.com,,,False
larksuite.com,,,False
lascana.com.edgekey.net,,Akamai Technologies,False
lasso.link,,,False
lassocrm.com,,Lasso Data Systems Inc,False
lassomarketing.io,,,False
lastampastatic.it,,,False
lastpass.com.edgekey.net,,Akamai Technologies,False
latamairlines.edgekey.net,,Akamai Technologies,False
latinon.com,,,False
latitude-standard-pull-zone-1.b-cdn.net,CDN,BunnyCDN,False
latitudefinancial.com,,,False
latitudepayapps.com,,,False
launchdarkly.com,,Catamorphic Co.,False
launchdarkly.us,,,False
launchjack.com,,,False
launchnotes.io,,,False
launchthatapps.com,,,False
launtel.net.au,,,False
laurageller.myshopify.com,Analytics;CDN;Embedded Content;Online Payment,Shopify Inc.,False
lavanguardia.com,,,False
lavazza.it,,,False
lavita.io,,,False
law.com,,"ALM Media, LLC",False
law360news.com,,,False
lawdroid.com,,,False
lawfare-assets-new.azureedge.net,CDN,Microsoft Corporation,False
lawful-relation.com,,,False
lay-buys.com,,,False
laya-media.de,,,False
layarkaca21indo.info,,,False
layarwibu.com,,,False
laybuy.com,,,False
layer.swiss,,,False
layerfive.com,,,False
laylo.com,,,False
layouthub.com,,,False
lazcdn.com,,,False
lazychord.com,,,False
lb-apps-media.s3.amazonaws.com,CDN,"Amazon Technologies, Inc.",False
lb-army-prod-ads-1740583376.us-east-1.elb.amazonaws.com,CDN,"Amazon Technologies, Inc.",False
lb-army-prod-shared1-197054447.us-east-1.elb.amazonaws.com,CDN,"Amazon Technologies, Inc.",False
lb-cms-application-1313595828.eu-west-2.elb.amazonaws.com,CDN,"Amazon Technologies, Inc.",False
lb-iam-application-573334647.eu-west-2.elb.amazonaws.com,CDN,"Amazon Technologies, Inc.",False
lbe-city-track-060916-1394388322.us-east-1.elb.amazonaws.com,CDN,"Amazon Technologies, Inc.",False
lc-api.net,,,False
lcloud.com,,Lithium Technologies,False
lcmagentportal.appspot.com,CDN,Google LLC,False
lcmark.net,,,False
lconsent.ch,,,False
lcsc.com.akamaized-staging.net,,Akamai Technologies,False
lcsc.com.edgesuite.net,CDN,Akamai Technologies,False
ldaz.net,,,False
ldgslb.com,,,False
ldmnq.com,,,False
ldnlyap.com,,,False
ldrelayproxy-1230587618.us-west-2.elb.amazonaws.com,CDN,"Amazon Technologies, Inc.",False
ldrescdn.com,,,False
ldrws.com,,,False
ldsdaily.s3.us-west-2.amazonaws.com,CDN,"Amazon Technologies, Inc.",False
lduhtrp.net,,Conversant LLC,False
ldv-svcs.live,,,False
leadconnectorhq.com,,,False
leaddyno.com,,,False
leadfamly.com,,,False
leadforensics.com,,,False
leadfusion.com,,,False
leadid.com,,"Lead Intelligence, Inc.",False
leadinfo.com,,,False
leadinfo.net,,,False
leadintel.io,,,False
leadlab.click,,wiredminds GmbH,False
leadlabs.tv,,,False
leadmanagementlab.com,,,False
leadmanagerfx.com,,WebpageFX,False
leadoo.com,,,False
leadpages.com,,,False
leadpages.io,,"Avenue 81, Inc.",False
leadpages.net,,"Avenue 81, Inc.",False
leadpipe.com,,,False
leadplace.fr,,LEADPLACE,False
leadscloud.com,,,False
leadsmartinc.com,,,False
leadsmonitor.io,,REEPERF,False
leadspace.com,,,False
leadsrx.com,,"Sargents, Inc.",False
leadsy.ai,,,False
leadtrackingdata.com,,,False
leadventure.dev,,,False
leafhome.com,,,False
leaflets.schwarz,,,False
leafletscdn.com,,,False
leafsignal.app,,,False
leafsignal.tech,,,False
leandata.com,,,False
leanlab.co,,,False
leapmotor-international.com,,,False
learnobesity.com,,,False
learnosity.com,,,False
leasing.com,,LEASING.COM GROUP LTD,False
leati.com,,,False
leatt.org,,,False
lecs-viewer-web-components.s3.amazonaws.com,CDN,"Amazon Technologies, Inc.",False
lectura.de,,,False
lecyclo-prod.myshopify.com,Analytics;CDN;Embedded Content;Online Payment,Shopify Inc.,False
ledoceanled.com,,,False
leeep.jp,,,False
leememorial.org,,,False
lefebvre-dalloz.fr,,,False
lefigaro.fr,,SOCIETE DU FIGARO,False
legacy-webservers-548252457.eu-west-2.elb.amazonaws.com,CDN,"Amazon Technologies, Inc.",False
legacy.com,,,False
legacy.net,,,False
legal-cdn.com,,,False
legalmatch.com,,LegalMatch.com,False
legalmente.net,,,False
legalzoom.com,,Leaf Group LTD,False
legalzoomcdn.net,,,False
legejobber.no,,,False
legendsglobal.com,,,False
legitscript.com,,LegitScript LLC,False
lego-ideas-infra.net,,,False
lego.com,,LEGO System A/S,False
leidenspecialcollectionsblog.nl,,,False
leisurepro.com,,,False
lekane.net,,Lekane Oy,False
lekkerads.nl,,,False
lemans.org,,,False
lemon8-app.us,,,False
lemonadds.com,,,False
lemonpi.io,,,False
lemonsqueezy.com,,,False
lemrock.com,,,False
lendingtree.com,,"LENDINGTREE, LLC",False
lenmit.com,,,False
lenovo.com,,Lenovo (Beijing) Limited,False
lenovo.com.akadns.net,CDN,Akamai Technologies,False
lenovo.com.edgekey.net,,Akamai Technologies,False
lenovomm.com,,,False
lenscrafters.com,,Luxottica Group SpA,False
lepida.it,,,False
lescote.in,,,False
leseweb.dk,,,False
lesindesradios.fr,,,False
leslibraires.b-cdn.net,CDN,BunnyCDN,False
lesmobiles.com.edgesuite.net,CDN,Akamai Technologies,False
lessonup.com,,,False
letmejizz.co,,,False
lets.shop,,,False
letsconnect.at,,,False
letslinc.com,,"Linc Global, Inc",False
letterrecoveryunplanted.com,,,False
lettherebeads.io,,,False
letzchat.com,,,False
letzchat.pro,,,False
leukeleu.nl,,,False
levelaccess.net,,,False
leveldevil-game.io,,,False
leveldevil.vip,,,False
leveldevilgame.com,,,False
leveldevilnotatrollgame.io,,,False
levelshealth.com,,,False
levexis.com,,"Ensighten, Inc",False
lexer.io,,,False
lexicon.gg,,,False
lexipoort.nl,,,False
lexisai.com,,,False
lexisnexis.com,,RELX Group,False
lexuslxforum.com,,,False
lexusowners.b-cdn.net,CDN,BunnyCDN,False
lezhin.com,,Lezhin Entertainment,False
lezyne.myshopify.com,Analytics;CDN;Embedded Content;Online Payment,Shopify Inc.,False
lf-discover.com,,,False
lfeeder.com,,,False
lfi.media,,,False
lfp.fr,,Ligue de Football Professionnel,False
lfr.cloud,,,False
lfucg.github.io,CDN;Non-Tracking,"GitHub, Inc.",False
lg.com.edgekey.net,,Akamai Technologies,False
lgbtqnation-wp.b-cdn.net,CDN,BunnyCDN,False
lge.com,,,False
lgforbes.akamaized.net,CDN,Akamai Technologies,False
lgl-bw.de,,,False
lgrckt-in.com,,,False
lh-prod-oper-pub-opercenter.s3.amazonaws.com,CDN,"Amazon Technologies, Inc.",False
lhmos.com,,,False
li-apps.com,,,False
liabots.ai,,,False
liadm.com,Ad Motivated Tracking;Advertising;Audience Measurement;Third-Party Analytics Marketing,LiveIntent Inc.,True
libanswers.com,,,False
libapps.com,,,False
libapps.s3.amazonaws.com,CDN,"Amazon Technologies, Inc.",False
libcal.com,,,False
libertyballers.com,,,False
libertymutual-cdn.com,,,False
libertymutual.com,,Liberty Mutual Group,False
libertymutual.com.edgekey.net,,Akamai Technologies,False
libguides.com,,,False
libhunt.b-cdn.net,CDN,BunnyCDN,False
liblynx.com,,,False
libnet.info,,,False
libpx.com,,,False
libraryaware.com,,,False
libraryfacts.com,,,False
libraryh3lp.com,,,False
librarything.com,,,False
libreriascolastica.it,,webster Srl,False
libretexts.net,,,False
libsyn.com,,Liberated Syndication,False
licdn.com,Analytics;Audience Measurement;CDN,Microsoft Corporation,False
licensebuttons.net,CDN;Embedded Content;Non-Tracking,Creative Commons,False
licensing.app,,,False
lidl-reisen.de,,,False
lidl-shop.com,,,False
lidstatic.com,,,False
lifeextension.com.edgekey.net,,Akamai Technologies,False
lifefit-group-digital.com,,,False
lifeinside.io,,,False
lifeisgood-prod.myshopify.com,Analytics;CDN;Embedded Content;Online Payment,Shopify Inc.,False
lifekit.pro,,,False
lifemart.com,,,False
lifeofsvea.se,,,False
liferay.com,,,False
lifesight.io,,,False
lifetimefitness.com,,,False
lifetimefitness.map.fastly.net,Action Pixels;Ad Motivated Tracking;Advertising;Analytics;CDN;Embedded Content;Session Replay;Third-Party Analytics Marketing,"Fastly, Inc.",True
lifevent.lpages.co,,,False
liftdsp.com,,,False
lifteragecheck.com,,,False
lifterapps.com,,,False
liftoff.io,,"Liftoff Mobile, Inc.",False
liftoffintl.io,,,False
lifull.jp,,,False
lightboxapi.azurewebsites.net,CDN,Microsoft Corporation,False
lightboxcdn.com,Action Pixels;Ad Motivated Tracking;Advertising;Analytics;Audience Measurement;CDN;Embedded Content;Third-Party Analytics Marketing,"Digioh, LLC",True
lightcast.com,,,False
lightcastcc.com,,,False
lighthouselabs.eu,,,False
lightinthebox.com,,"LITB, Inc.",False
lightinthebox.com.edgekey.net,,Akamai Technologies,False
lightlabs.com,,,False
lightsite.ai,,,False
lightstream.com.edgekey.net,,Akamai Technologies,False
lightwidget.com,,,False
ligonierministries.myshopify.com,Analytics;CDN;Embedded Content;Online Payment,Shopify Inc.,False
liine.com,,,False
liink.ai,,,False
liip.ch,,,False
liipgpt.ch,,,False
lijit.com,Action Pixels;Ad Motivated Tracking;Advertising;Analytics;Audience Measurement;Third-Party Analytics Marketing,Sovrn Holdings,True
like-video.com,,,False
like.video,,,False
likebtn.com,,,False
likeshop.me,,,False
liketoknow.it,,"rewardStyle, Inc.",False
likr.com.tw,,,False
likr.tw,,,False
lilly360.com,,,False
lilly360.com.br,,,False
lillycares.com,,,False
lillyclinic.com.sg,,,False
lillydigitalmedia.com,,,False
lillyinvestigatorresearch.com,,,False
lillyloxooncologypipeline.com,,,False
lillyoncology.com,,,False
lillyoncologypipeline.com,,,False
lillyoncologysupport.com,,,False
lillypatientesign.com,,,False
lillypatientsupport.com,,,False
lillyrsvp.com,,,False
lillytempo.com,,,False
lilstts.com,,,False
lilysilk.org,,,False
lilystyle.ai,,,False
limango.com,,,False
limaps.org,,,False
lime-forms.se,,,False
limewire.com,,,False
limitlessgadget.b-cdn.net,CDN,BunnyCDN,False
lincoln.com.edgekey.net,,Akamai Technologies,False
lindblad.com,,,False
lindenlab.com,,,False
line-apps.com,,LY-Corporation,False
line-scdn.net,,LY-Corporation,False
line-website.com,,LY-Corporation,False
line-zero.akadns.net,CDN,Akamai Technologies,False
line.me,,LY-Corporation,False
linearicons.com,,,False
lineicons.com,,,False
lineomni.jp,,,False
lingolia.cloud,,,False
linguatec.org,,Linguatec GmbH,False
linguee.com,,,False
linguise.com,,,False
link-ag.net,,,False
link-url.io,,,False
link11.com,,,False
linkbot.com,,,False
linkby.com,,,False
linkconnector.com,,LinkConnector Corporation,False
linkedin.com,Action Pixels;Ad Motivated Tracking;Advertising;Analytics;Embedded Content;Social - Share;Social Network,Microsoft Corporation,True
linkengine.io,,,False
linkeo.com,,LINKEO.COM,False
linker-network.com,,,False
linker-network.me,,,False
linker.ba,,,False
linker.hr,,,False
linkfire.com,,,False
linkgraph.com,,,False
linklyhq.com,,,False
linkplay.com,,,False
linkssp.ru,,,False
linkster.co,,,False
linkstorm.io,,,False
linksynergy.com,Ad Motivated Tracking;Advertising,"Rakuten, Inc.",True
linksys-apps.com,,,False
linksys.hopto.org,,,False
linktr.ee,,,False
linkvertise.com,,,False
linkwi.se,,,False
linnk.ai,,,False
linode.com.edgekey.net,,Akamai Technologies,False
linternaute.com.edgekey.net,,Akamai Technologies,False
linternaute.com.edgesuite.net,CDN,Akamai Technologies,False
linux-community.de,,,False
linux-magazin.de,,,False
lion-brand-yarn.myshopify.com,Analytics;CDN;Embedded Content;Online Payment,Shopify Inc.,False
lipis.dev,,,False
liplesssaligot.com,,,False
lipscore.com,,,False
liquidcheckout.com,,,False
liquidus.net,,,False
liquidweb.services,,,False
liqwid.net,,,False
lisaeldridgejewels.com,,,False
lisio-solution.com,,,False
list-manage.com,Embedded Content;Third-Party Analytics Marketing,Intuit Inc.,False
lista10.dev,,,False
listen360.com,,"Listen360, Inc.",False
listenlayer.com,,,False
listenlive.co,,"Triton Digital, Inc.",False
listenloop.com,,LISTENLOOP by SR SOLUTIONS,False
listglobally.com,,,False
listhub.net,,Listhub,False
listonce.com.au,,,False
listrak.com,Action Pixels;Ad Motivated Tracking;Advertising;Audience Measurement;Third-Party Analytics Marketing,Listrak,True
listrakbi.com,Action Pixels;Ad Motivated Tracking;Advertising;Analytics;Audience Measurement;Third-Party Analytics Marketing,Listrak,True
listtrac.com,,,False
litehttpd.com,,,False
literatur-couch.de,,,False
lithia.com,,,False
lithia.dev,,,False
lithium.com,CDN,Lithium Technologies,False
litimgs.com,,,False
litix.io,,"Mux, Inc.",False
litres.io,,,False
litres.ru,,LitRes Ltd,False
litter-robot.com,,,False
littlebesidesme.com,,,False
littledata.io,,,False
liturgie-server.de,,,False
liv-group.myshopify.com,Analytics;CDN;Embedded Content;Online Payment,Shopify Inc.,False
live-baseball-america.pantheonsite.io,,"Pantheon Systems, Inc.",False
live-bf-html5-goodgamestudios-com.b-cdn.net,CDN,BunnyCDN,False
live-ep-html5-goodgamestudios-com.b-cdn.net,CDN,BunnyCDN,False
live-essenceweb.s3.amazonaws.com,CDN,"Amazon Technologies, Inc.",False
live-mdmcom.pantheonsite.io,,"Pantheon Systems, Inc.",False
live-tfs-omnilytics.azurewebsites.net,CDN,Microsoft Corporation,False
live-video.net,,,False
live-visitor-counts.herokuapp.com,CDN,"Salesforce.com, Inc.",False
live.com,,Microsoft Corporation,False
live.com.akadns.net,CDN,Akamai Technologies,False
live.net,,Microsoft Corporation,False
live2support.com,,,False
liveagent.se,,,False
liveauctioneers.b-cdn.net,CDN,BunnyCDN,False
livebuy.io,,,False
livechat-files.com,,,False
livechat-static.com,,,False
livechatinc.com,Embedded Content;Support Chat Widget,LiveChat Inc,False
livedoor.com,,Naver Corporation,False
livedoor.jp,,Naver Corporation,False
livedoor.net,,Naver Corporation,False
livefyre.com,,Adobe Inc.,False
livehelpnow.net,,"LiveHelpNow, Inc",False
livejasmin.com,,DOCLER IP S.A R.L.,False
livemarketshoppers.com,,,False
livemediahost.com,,,False
livemint.com.edgesuite.net,CDN,Akamai Technologies,False
livenationcdn.com,,,False
livenationinternational.com,,Live Nation Entertainment,False
livenowfox.com.edgesuite.net,CDN,Akamai Technologies,False
liveoauth.com,,,False
liveperson.com,Support Chat Widget,"LivePerson, Inc",False
liveperson.net,Ad Motivated Tracking;Analytics;Embedded Content;Support Chat Widget,"LivePerson, Inc",True
liveplatforms-production.b-cdn.net,CDN,BunnyCDN,False
livescore.com,,LiveScore Limited,False
liveservices.fr,,,False
livesession.io,,,False
livesoccertv.com,,,False
livesportmedia.eu,,LiveSport Media Ltd,False
livestory.io,,,False
livestream.com,,"Vimeo, LLC",False
livetrafficfeed.com,,,False
livex.ai,,,False
livhospital.b-cdn.net,CDN,BunnyCDN,False
livigno.eu,,,False
livingproof.co.uk,,,False
lj-toys.com,,,False
ljsw.b-cdn.net,CDN,BunnyCDN,False
lk-cs.com,,,False
lkq544l.x.incapdns.net,CDN,Imperva Inc.,False
lkqd.net,Ad Motivated Tracking;Advertising;Audience Measurement;Third-Party Analytics Marketing,Nexstar Media Group,True
llamamegratis.es,,,False
llbean.net,,"L. L. BEAN, INC",False
lleana.com,,,False
lloydsbank.co.uk,,,False
lloydsbankinggroup.com,,,False
lltrck.com,,,False
llvpn.com,,,False
llycw.com,,,False
lmadps.jp,,,False
lmg-technologynetworks.s3.amazonaws.com,CDN,"Amazon Technologies, Inc.",False
lmnd-images.s3.amazonaws.com,CDN,"Amazon Technologies, Inc.",False
lmsqueezy.com,,,False
lndg.page,,,False
lndo.site,,,False
lne.es,,EDITORIAL PRENSA ASTURIANA SA,False
lngtd.com,,"Longitude Ads, LLC",False
lngtdv.com,,"Longitude Ads, LLC",False
load-balancer-scaling-pvcatch-1174142562.us-east-1.elb.amazonaws.com,CDN,"Amazon Technologies, Inc.",False
load-res-static.lol,,,False
loadbee.com,,,False
loadedhearts.com,,,False
loadedmedia.com,,,False
loadingtest.com,,Safe Download Ltd.,False
loberon.at,,,False
loblaw.ca,,,False
loblaw.digital,,,False
loblaws.ca,,Loblaws Inc.,False
lobster-staging.herokuapp.com,CDN,"Salesforce.com, Inc.",False
loc.kr,,,False
local-marketing-reports.com,,,False
localimpact.com,,,False
localiq.com,,,False
localist-images.azureedge.net,CDN,Microsoft Corporation,False
localist.com,,,False
localization-873827793.us-east-1.elb.amazonaws.com,CDN,"Amazon Technologies, Inc.",False
localizeapi.com,,,False
localizecdn.com,,,False
localizer.co,,,False
localizercdn.com,,Ashop,False
locallabs.com,,,False
locally.com,,,False
locally.nl,,,False
localnews8.b-cdn.net,CDN,BunnyCDN,False
localnewslab.io,,,False
localota.com,,,False
localpoint.ch,,Consenda AG,False
localytics.com,,Upland Software Inc.,False
location3.com,,,False
locationiq.com,,,False
locatorsearch.net,,,False
lochby.myshopify.com,Analytics;CDN;Embedded Content;Online Payment,Shopify Inc.,False
locize.app,,,False
locize.io,,inweso,False
locker2.com,,,False
lockerdome.com,Ad Motivated Tracking;Advertising,"LockerDome, LLC",True
lockerdomecdn.com,,"LockerDome, LLC",False
lockerimage.com,,,False
locotomato.com,,,False
locuslabs.com,,"Acuity Brands, Inc.",False
lodeo.io,,,False
logbase.io,,,False
logbor.com,,,False
logger.co.kr,,BizSpring Inc.,False
logging-proxy-ca-production-170512-af60esna.uc.gateway.dev,,,False
loggly.com,,"SolarWinds Worldwide, LLC",False
logic4.nl,,,False
logic4cdn.azureedge.net,CDN,Microsoft Corporation,False
logico3c.com,,,False
login-seconnecter.ca,,,False
loginfra.com.akadns.net,CDN,Akamai Technologies,False
loginradius.com,,"LoginRadius, Inc.",False
loginwithamazon.com,,,False
logly.co.jp,,"Logly, Inc.",False
logmycalls.com,,,False
logora.com,,,False
logora.fr,,,False
logoscdn.com,,"Logos Research Systems, Inc.",False
logoshowcase.co,,,False
logpoint-2145780063.eu-west-1.elb.amazonaws.com,CDN,"Amazon Technologies, Inc.",False
logr-in.com,,,False
logr-ingest.com,,,False
logrocket.io,,,False
logrocket.network,,,False
logtrackback.com,,,False
logwork.com,,,False
lokalbank.github.io,CDN;Non-Tracking,"GitHub, Inc.",False
lolm.eu.org,,,False
loloyal.com,,,False
lolstatic-a.akamaihd.net,CDN,Akamai Technologies,False
lolstatic.com.edgekey.net,,Akamai Technologies,False
lomadee.com.br,,,False
longleafservices.org,,,False
looedmisersexuvium.cyou,,,False
lookbookhq.com,,,False
loom-app.com,,,False
loom.com,,,False
loomi-prod.xyz,,Visually CRM,False
loop11.com,,Loop11,False
loopa.net.au,,Signifi Media Pty Ltd,False
loopaautomate.com,,,False
loopanalytics.com,,,False
loopclub.io,,,False
loopearplugs.myshopify.com,Analytics;CDN;Embedded Content;Online Payment,Shopify Inc.,False
looper-static.s3.amazonaws.com,CDN,"Amazon Technologies, Inc.",False
loopi-velo.fr,,,False
loopme.com,,Online Media Solutions Ltd. dba Brightcom,False
loopme.me,Action Pixels;Ad Motivated Tracking;Advertising;Analytics;Audience Measurement;Third-Party Analytics Marketing,Online Media Solutions Ltd. dba Brightcom,True
loopmertb.com,,Online Media Solutions Ltd. dba Brightcom,False
loopreturns.com,,,False
loopwidget.com,,,False
loopwork.co,,,False
loosekid.myshopify.com,Analytics;CDN;Embedded Content;Online Payment,Shopify Inc.,False
lootly.io,,,False
loox.io,,,False
loquis.com,,,False
lordicon.com,,,False
lordoftheentertainingostriches.com,,,False
lordofthequietbadgers.com,,,False
lordofthesuperfrogs.com,,,False
lotlinx.com,,,False
lotteryservices.net,,,False
lottie.host,,,False
lottielab.com,,,False
lotus-dsp.ru,,,False
loudcrowd.com,,,False
loudecho.ai,,,False
louhu.com,,,False
louisvuitton.com.edgekey.net,,Akamai Technologies,False
lovable.app,,,False
lovecrafts.co,,,False
lovegirls.cam,,,False
lovehoney.com,,Lovehoney LTD,False
lovehoney.com.edgekey.net,,Akamai Technologies,False
lovehoneyassets.com,,,False
loveimages.b-cdn.net,CDN,BunnyCDN,False
lovely-app.com,,,False
lovelyish.b-cdn.net,CDN,BunnyCDN,False
lovemycreditunion.org,,,False
lovense-api.com,,,False
loverad.io,,,False
lovescape.com,,,False
lovetoknow.com,,LoveToKnow,False
lovisa-com.myshopify.com,Analytics;CDN;Embedded Content;Online Payment,Shopify Inc.,False
lowes.com,,"Lowe's Companies, Inc.",False
lowescdn.com,,"Lowe's Companies, Inc.",False
lowescdn.com.edgekey.net,,Akamai Technologies,False
lowfruitsolutions.com,,,False
loxacover.com,,,False
loyalhealth.com,,,False
loyaltykey.com,,,False
loyaltylion.com,,Prizgo,False
loyaltylion.net,,Prizgo,False
loyco.io,,,False
loyjoy.com,,,False
loyolamedicineorlandpark.org,,,False
loyolapress.com,,Chicago Province Of The Society Of Jesus,False
loyoly.io,,,False
lpage.co,,,False
lpcdn.ca,,La Presse (2018) Inc.,False
lpcontent.net,,,False
lpgs.io,,,False
lpjjoki7htrk.com,,,False
lpsnmedia.net,Ad Motivated Tracking;Analytics;Embedded Content;Support Chat Widget,"LivePerson, Inc",True
lputil.com,,,False
lqm.io,,LiquidM Technology GmbH,False
lr-digital.de,,,False
lr-in-prod.com,,,False
lr-in.com,,,False
lr-ingest.io,,,False
lr-wa.com,,,False
lrcontent.com,,,False
lrkt-in.com,,,False
lrlscience.com,,,False
lsco-dockers.myshopify.com,Analytics;CDN;Embedded Content;Online Payment,Shopify Inc.,False
lsdm.co,,,False
lsistatic.com,,,False
lsm.al,,,False
lt02.net,,,False
ltba.io,,,False
ltdcdn.org,,,False
ltg-b2c-us.myshopify.com,Analytics;CDN;Embedded Content;Online Payment,Shopify Inc.,False
ltguevmavv.com,,,False
lthumb.b-cdn.net,CDN,BunnyCDN,False
ltje.nl,,,False
ltkcdn.net,,LoveToKnow,False
ltmsphrcl.net,,,False
ltn.is,,,False
lto-karriere.trafficmanager.net,CDN,Microsoft Corporation,False
lts.it,,,False
ltv.ai,,,False
ltwebstatic.com,,"ZOETOP Business Co., Limited",False
ltwebstatic.com.edgekey.net,,Akamai Technologies,False
ltyxxcvshscx.com,,,False
lucasentertainment.com,,,False
lucid.app,,,False
lucid.co,,,False
lucidchart.com.edgekey.net,,Akamai Technologies,False
lucidworks.com,,,False
luckmedia.link,,,False
luckycrush.live,,,False
luckylabs.io,,,False
luckyorange.com,,Lucky Orange LLC,False
luckyorange.net,,Lucky Orange LLC,False
luckyreferrals.com,,,False
luckysportsgear.com,,,False
ludicrous.cloud,,,False
lugusa.myshopify.com,Analytics;CDN;Embedded Content;Online Payment,Shopify Inc.,False
luigisbox.com,,"Luigi's Box, s.r.o.",False
luigisbox.tech,,,False
lukmanierpass.ch,,,False
lulucdn.com,,,False
luluvid.com,,,False
lumahealth.io,,,False
lumahealthstatic.com,,,False
lumen.com,,,False
lumeniq.io,,,False
lumiere-a.akamaihd.net,CDN,Akamai Technologies,False
lumindigitalhosting.com,,,False
lumithera.com,,,False
lumories.ch,,,False
lunalift.ai,,,False
lunamedia.live,,,False
lunarclientcdn.com,,,False
lunarclientprod.com,,,False
lunchroomlock.com,,"Leven Labs, Inc. DBA Admiral",False
lunio.ai,,,False
luralmicks.com,,,False
lusthaus.cc,,,False
lustre.ai,,,False
lux-eu.b-cdn.net,CDN,BunnyCDN,False
luxcdn.com,,,False
luxottica.com,,Luxottica Group SpA,False
luxottica.com.edgesuite.net,CDN,Akamai Technologies,False
luxuryhotel.guru,,,False
luxuryhotelsguides.com,,,False
luxurylust.net,,,False
luyten-98c.com,,,False
lv.de,,,False
lvuv.net,,,False
lw-cdn.com,,,False
lw.direct,,,False
lwadm.com,,,False
lwcal.com,,,False
lwcdn.com,,,False
lwgadm.com,,,False
lwjs.azureedge.net,CDN,Microsoft Corporation,False
lxstat.com,,,False
ly200-cdn.com,,,False
ly200.com,,,False
lyfnh.io,,,False
lynkco.biz,,,False
lyon-france.com,,,False
lyreco.com,,,False
lyricsmeanings.com,,,False
lyteflo.tech,,,False
lytho.us,,,False
lytics.io,,Lytics,False
lyvecom.com,,,False
m-cloud.io,,,False
m-m-m.de,,,False
m-pages.com,,,False
m-w.com,,,False
m.shared.global.fastly.net,Action Pixels;Ad Motivated Tracking;Advertising;Analytics;CDN;Embedded Content;Session Replay;Third-Party Analytics Marketing,"Fastly, Inc.",True
m.sni.global.fastly.net,Action Pixels;Ad Motivated Tracking;Advertising;Analytics;CDN;Embedded Content;Session Replay;Third-Party Analytics Marketing,"Fastly, Inc.",True
m0mentum.net,,Momentum Inc,False
m10s.io,,,False
m129.b-cdn.net,CDN,BunnyCDN,False
m1das.app,,,False
m2.ai,,eSell Solutions Ltd. DBA MonetizeMore,False
m2.shared.global.fastly.net,Action Pixels;Ad Motivated Tracking;Advertising;Analytics;CDN;Embedded Content;Session Replay;Third-Party Analytics Marketing,"Fastly, Inc.",True
m32.media,,,False
m32connect.com,,,False
m3pd.com,,,False
m6r.eu,Ad Motivated Tracking;Advertising;Analytics,Ströer Group,True
m6tech.net,,OXYGEM OWNER,False
m7cdn.io,,,False
ma-tag.com,,,False
ma3ion.com,,,False
maatoo.io,,,False
macbooster.net,,,False
maccosmetics.co.uk,,,False
maccosmetics.com,,Make-up Art Cosmetics Inc,False
macdiscount.com,,,False
macheforum.com,,,False
macly.co,,,False
macpaw.com,,MacPaw Inc.,False
macphersoncc.com,,,False
macromill.com,,"Macromill, Inc.",False
macroplant.com,,,False
macsales.com,,"Other World Computing, Inc.",False
macsales.com.edgekey.net,,Akamai Technologies,False
macys.com.edgekey.net,,Akamai Technologies,False
macysassets.com.edgekey.net,,Akamai Technologies,False
mad-rabbit.myshopify.com,Analytics;CDN;Embedded Content;Online Payment,Shopify Inc.,False
madatapro.com,,,False
madcheddar.net,,,False
maddencdn.com,,,False
made.porn,,,False
madebyhighland.com,,,False
madeincucina.com,,,False
madeinwork.com,,,False
madewell.com.edgekey.net,,Akamai Technologies,False
madewithcircuit.com,,,False
madewithintent.ai,,,False
madewithintent.com,,,False
madgex.com,,,False
madgicx.ai,,,False
madgicx.cc,,,False
madington.com,,,False
madison-river-fishing-company.myshopify.com,Analytics;CDN;Embedded Content;Online Payment,Shopify Inc.,False
madlab.ch,,,False
madrigall.fr,,,False
madup.com,,,False
maersk.io,,,False
maestra-static.io,,,False
maestra.io,,,False
mag-dxp.com,,,False
magazine-des-notaires.com,,,False
magazines.com,,"Magazines.com, LLC",False
magazvonit.pro,,,False
magecomp.us,,,False
magefan.top,,,False
magento-ds.com,,,False
magentocloud.map.fastly.net,Action Pixels;Ad Motivated Tracking;Advertising;Analytics;CDN;Embedded Content;Session Replay;Third-Party Analytics Marketing,"Fastly, Inc.",True
mageworx.com,,,False
magic-mirror.biz,,,False
magicbox.tools,,,False
magiccandles.eu,,,False
magicform-router-5ceqolkjaq-uc.a.run.app,,Google LLC,False
magisto.com,,,False
maglr.com,,,False
magnetis.io,,,False
magnetmail.net,,Higher Logic,False
magnific.com,,,False
magnite-audience-prod.com,,,False
magnobase.com,,,False
magnolia-platform.com,,,False
magsrv.com,,,False
magzter.com.akamaized.net,CDN,Akamai Technologies,False
mail.com.edgekey.net,,Akamai Technologies,False
mail.ru,Action Pixels;Ad Motivated Tracking;Advertising;Analytics;Embedded Content;Social - Share,VK Company Ltd.,True
mailcampaigns.nl,,,False
mailchimp.com,Advertising;Embedded Content;Third-Party Analytics Marketing,Intuit Inc.,True
mailchimpapp.com,,Intuit Inc.,False
mailercloud.com,,,False
mailerlite.com,,"MailerLite, Inc.",False
mailflix.com,,,False
mailinblue.com,,,False
mailjet.com,,Mailjet SAS,False
maillist-manage.com,,ZOHO Corporation,False
maillist-manage.eu,,ZOHO Corporation,False
maillist-manage.net,,,False
mailmojo.no,,,False
mailmunch.co,,SixMix LLC,False
mailmunch.com,,,False
mailo.com,,,False
mailocator.com,,,False
mailperformance.com,,,False
mailplus.co.uk,,,False
mailplus.nl,,,False
mailsendr.com,,,False
mailsturbo.com,,,False
mailxpert.ch,,,False
main--rps-3.netlify.app,,,False
main-bvxea6i-ofhh6mjkfbmf6.us-2.platformsh.site,,,False
main-spitze.de,,,False
mainadv.com,,MainADV,False
maine.gov,,,False
mainehealth.io,,,False
mainroll.com,,Blue Billywig bv,False
mainstay.com,,,False
mairdumont.io,,,False
mais.social,,,False
majelan.com,,,False
makaira.io,,marmalade GmbH,False
makaira.media,,,False
make.com,,,False
makebecool.com,,,False
makecode-prod-tm-cdn.trafficmanager.net,CDN,Microsoft Corporation,False
makecode.com,,,False
makehook.ws,,,False
makeitfree.com,,,False
makemula.ai,,,False
makeofferapp.com,,,False
makeprosimp.com,,,False
maker.co,,,False
maker.pro,,,False
makeronline.com,,,False
makeship-store.myshopify.com,Analytics;CDN;Embedded Content;Online Payment,Shopify Inc.,False
makestories.io,,,False
maketiina.com,,,False
makeupar.com,,,False
makeuseofimages.com,,,False
makeweb.dev,,,False
mako.co.il,,Keshet Broadcasting Ltd.,False
makostorepdl-a.akamaihd.net,CDN,Akamai Technologies,False
malihu.github.io,CDN;Non-Tracking,"GitHub, Inc.",False
malsup.github.io,CDN;Non-Tracking,"GitHub, Inc.",False
maltertech.com,,,False
mam.dev,,,False
mamamia.b-cdn.net,CDN,BunnyCDN,False
mambasms.com,,,False
mana.wiki,,,False
managemailing.com,,,False
manatee.io,,,False
mandarin-medien.de,,,False
mandg.com,,,False
mangahere.com,,,False
mangak.io,,,False
mangapicgallery.com,,,False
mangazoneapp.com,,,False
mangiro.com,,,False
mango.com.edgekey.net,,Akamai Technologies,False
manh.cloud,,,False
manhattan-institute.org,,,False
manhattan.institute,,,False
mannixmarketing.com,,,False
manoramaonline.com,,The Malayala Manorama Company Limited,False
manoramaonline.com.edgekey.net,,Akamai Technologies,False
manscaped-production.myshopify.com,Analytics;CDN;Embedded Content;Online Payment,Shopify Inc.,False
manscaped.io,,,False
mansionglobal.com,,"Dow Jones & Company, Inc.",False
mantis-intelligence.com,,,False
mantis.marketing,,,False
mantisadnetwork.com,,,False
mantl.com,,,False
manual.co,,,False
manualepdf.it,,,False
manufactum.de,,,False
manus-analytics.com,,,False
manutantraders.com,,,False
manychat.com,,,False
map-m.com,,,False
mapandroute.de,,Mueller Marken GmbH & Co. Betriebs-KG,False
mapbox.com,CDN;Embedded Content,Mapbox Inc.,False
mapcommand.com,,,False
mapixl.com,,,False
maplemedia.tech,,,False
maplin-uk.myshopify.com,Analytics;CDN;Embedded Content;Online Payment,Shopify Inc.,False
mapme.com,,,False
mapmyfitness.com,,,False
mapmyindia.com,,,False
mapmyvisitors.com,,,False
mapotechnology.com,,,False
mappca.com,,,False
mappedin.com,,,False
mapq.st,,,False
mapquest.com,,"System1, LLC",False
mapquestapi.com,,"System1, LLC",False
maps.googleapis.com,CDN;Embedded Content,Google LLC,False
mapsresources-pa.googleapis.com,CDN;Embedded Content,Google LLC,False
maptiler.com,,,False
maptoolkit.net,,,False
maputnik.github.io,CDN;Non-Tracking,"GitHub, Inc.",False
mapy.cz,,"Seznam.cz, a.s.",False
marathondataco.com,,,False
marathonsports.myshopify.com,Analytics;CDN;Embedded Content;Online Payment,Shopify Inc.,False
marchex.io,,"Marchex, Inc.",False
marchforbabies.org,,,False
marcjacobs.com.edgekey.net,,Akamai Technologies,False
marfeelrev.com,,,False
marghoobsuleman.com,,,False
mariefrance.fr,,,False
marinetraffic.com,,Maltenoz Limited,False
marinsm.com,Ad Motivated Tracking;Advertising;Analytics;Third-Party Analytics Marketing,Sharpspring Inc,True
marinsoftware.com,,,False
marionnaud.at,,,False
markallengroup.com,,,False
markandmini.com,,,False
marker.io,,,False
marketcarpenter.com,,,False
markethype.io,,,False
marketia.io,,,False
marketingautomation.services,,Sharpspring Inc,False
marketingcloudfx.com,,,False
marketingsuite.jp,,,False
marketiq.com,,,False
marketlinc.com,,,False
marketnewsvideo.com,,,False
marketo.com,Ad Motivated Tracking;Advertising;Embedded Content;Third-Party Analytics Marketing,Adobe Inc.,True
marketo.net,Ad Motivated Tracking;Advertising;Embedded Content;Third-Party Analytics Marketing,Adobe Inc.,True
marketscreener.com.edgekey.net,,Akamai Technologies,False
marketwatch.com,,"Dow Jones & Company, Inc.",False
markitcdn.com,,,False
markitdigital.com,,,False
markitondemand.com,,Markit Group Limited,False
marks.com.edgekey.net,,Akamai Technologies,False
marksandspencer.app,,,False
marksandspencer.com.edgekey.net,,Akamai Technologies,False
markt.de,,markt.de GmbH & Co. KG,False
marktjagd.com,,,False
marktjagd.de,,,False
marmiton.fr,,,False
marphezis.com,,Online Media Solutions Ltd. dba Brightcom,False
marqo-ep.ai,,,False
marquiz.io,,,False
marriott.com,,Marriott International Inc.,False
marriott.com.edgekey.net,,Akamai Technologies,False
marriottvacationclub.com,,,False
marriottvacationsworldwide.com,,,False
marscloud.dev,,,False
marsello.app,,,False
marsello.com,,,False
marsflag.com,,"MARS FLAG Co., Ltd.",False
marshalcurve.com,,,False
marvellousmachine.net,,,False
marvelpixel.io,,,False
marvelsnapzone.com,,,False
marykaycdn.com,,Mary Kay Inc,False
maryland.gov,,,False
maryruth-organics.myshopify.com,Analytics;CDN;Embedded Content;Online Payment,Shopify Inc.,False
marzaent.com,,,False
mas2trk.com,,,False
mashery.com,,,False
mass-hype.com,,,False
massarius.workers.dev,,,False
massariuscdn.com,,,False
masslytics.io,,,False
massmutual.com.edgekey.net,,Akamai Technologies,False
master-7rqtwti-4k3jgtfrxmruy.au.platformsh.site,,,False
master-7rqtwti-e5mttlqo4yzy4.us.platform.sh,,,False
master-7rqtwti-zhchxc2a6laac.au.platformsh.site,,,False
mastercard.com,,MasterCard International Incorporated,False
mastercard.com.edgekey.net,,Akamai Technologies,False
masterlock.com,,Master Lock Company,False
masterpiecevex.com,,,False
mastersoftgroup.com,,,False
masterworks.digital,,,False
masutabe.info,,,False
matador.ai,,,False
matas.dk,,,False
match2one.net,,,False
matchem.fr,,,False
matelso.de,,,False
materialdesignicons.com,,,False
materialisticmoon.com,,"Leven Labs, Inc. DBA Admiral",False
mateti.net,,Webtrekk GmbH,False
mathcord.com,,,False
mathcord.de.com,,,False
matheranalytics.com,,Mather Economics,False
mathgames.de.com,,,False
mathilde-ads.com,,,False
mathjax.org,,,False
mathplayground.com,,,False
mathtag.com,Ad Motivated Tracking;Advertising;Third-Party Analytics Marketing,"MediaMath, Inc.",True
matomo-alb-1841731790.us-east-1.elb.amazonaws.com,CDN,"Amazon Technologies, Inc.",False
matomo-com-unige.ch,,,False
matomo.cloud,,Matomo,False
matrixni.org,,,False
mattel-creations-searchspring-proxy.netlify.app,,,False
mattel.com.edgekey.net,,Akamai Technologies,False
mattel.net,,,False
matter.design,,,False
matterport.com,,,False
matycube.net,,,False
mauijim.com.edgekey.net,,Akamai Technologies,False
mautic.net,,,False
mavenoid.com,,,False
mavenoidfiles.com,,,False
mavrtracktor.com,,,False
maxaccess.io,,,False
maxai-imf.org,,,False
maxcdn.com,,"StackPath, LLC",False
maxconnector.com,,,False
maxepv.com,,,False
maxetise.net,,,False
maxfullad.com,,,False
maxmind.com,Ad Fraud;Ad Motivated Tracking;Analytics;Audience Measurement,MaxMind Inc.,True
maxpreps.com,,Paramount Global,False
maxpreps.io,,,False
maxvaluead.com,,,False
maxx-xs.nl,,,False
maxxton.net,,,False
maxymiser.net,Ad Motivated Tracking;Advertising;Third-Party Analytics Marketing,Oracle Corporation,True
mayatravel.ai,,,False
mayo.edu,,Mayo Foundation for Medical Education and Research,False
mayoclinic.org,,Mayo Foundation for Medical Education and Research,False
mayocliniclabs.com,,,False
mazda.media,,Mazda Motor Logistics Europe NV,False
mazdatalkforum.com,,,False
maze.co,,,False
mb-richtexteditor.s3-eu-west-1.amazonaws.com,CDN,"Amazon Technologies, Inc.",False
mb1-cdn.com,,,False
mbc-stats.fr,,,False
mbddip.com,,,False
mbdippex.com,,,False
mbidadm.com,,,False
mbidinp.com,,,False
mbidpp.com,,,False
mbidtg.com,,,False
mbirdcdn.net,,,False
mblock.cc,,,False
mbtace.com,,,False
mbusa-server-side-tagging-ydw2gpju5q-ue.a.run.app,,Google LLC,False
mbusa.com.edgekey.net,,Akamai Technologies,False
mbvans-server-side-tagging-ydw2gpju5q-ue.a.run.app,,Google LLC,False
mc-22d65c2d-9cd3-404b-a7f4-0c1e-cd.azurewebsites.net,CDN,Microsoft Corporation,False
mc-34647c8d-0ad3-4e6c-832a-7092-cdn.azureedge.net,CDN,Microsoft Corporation,False
mc-94e3429a-5144-4f3e-a4b8-2423-cdn-endpoint.azureedge.net,CDN,Microsoft Corporation,False
mc-a85c8764-3d51-42b1-8600-7409-cdn-endpoint.azureedge.net,CDN,Microsoft Corporation,False
mc-cdn.io,,,False
mc-content.com,,,False
mc-ui-components.netlify.app,,,False
mcafeeassets.com,,,False
mcangelus.com,,,False
mcanism.com,,,False
mcc-cms-s3.s3.amazonaws.com,CDN,"Amazon Technologies, Inc.",False
mcc.org.au,,,False
mccdn.me,,,False
mcclatchy.com,,,False
mcclatchyinteractive.com,,The McClatchy Company,False
mcizas.com,,,False
mcl.io,,,False
mcmaster.com.edgekey.net,,Akamai Technologies,False
mcn-repo-prod-a73854fc-f800204e.s3.amazonaws.com,CDN,"Amazon Technologies, Inc.",False
mcps-solution.com,,,False
mcpuwpsh.com,,,False
mcstats.com,,,False
mcusercontent.com,,,False
mczbf.com,,Conversant LLC,False
md-cdn.com,,,False
md-nx.com,,,False
md-static.com,,,False
md.gov,,State of Maryland,False
mdbootstrap.com,,"StartupFlow Dawid Adach, Michał Szymański s.c.",False
mdcourts.gov,,,False
mdgms.com,,FactSet Digital Solutions GmbH,False
mdhv.io,,,False
mdlzapps.cloud,,,False
mdpcdn.com,,,False
mdpi-res.com,,,False
mdpi.com.edgekey.net,,Akamai Technologies,False
mdr.de,,Mitteldeutscher Rundfunk,False
mdscpxchg.com,,,False
mdstats.info,,,False
mdt-visitmo-cdn.s3.amazonaws.com,CDN,"Amazon Technologies, Inc.",False
mdt-visitmo-cdn.s3.us-east-2.amazonaws.com,CDN,"Amazon Technologies, Inc.",False
me-talk.ru,,,False
meandem.com.akamaized.net,CDN,Akamai Technologies,False
meaningfulfunerals.net,,,False
measmerize.com,,,False
measureadv.com,,,False
meateater-api.herokuapp.com,CDN,"Salesforce.com, Inc.",False
mecatran.com,,,False
medallia.ca,,,False
medallia.com,,Medallia Inc.,False
medallia.com.au,,,False
medallia.eu,,Medallia Inc.,False
medaviebcca-staging-alb-498491078.ca-central-1.elb.amazonaws.com,CDN,"Amazon Technologies, Inc.",False
medbridge.com,,,False
medchatapp.com,,,False
medcity.net,,,False
medfoodsafety.com,,,False
media-amazon.com,CDN,"Amazon Technologies, Inc.",False
media-bh.b-cdn.net,CDN,BunnyCDN,False
media-lab.ai,,,False
media-platform.com,,mediagene.inc.,False
media-rockstargames-com.akamaized.net,CDN,Akamai Technologies,False
media.edgesuite.net,CDN,Akamai Technologies,False
media.fi,,,False
media.net,Ad Motivated Tracking;Advertising,Media.net Advertising FZ-LLC,True
media.nic.in,,,False
media01.eu,,Dynamic 1001 GmbH,False
media6degrees.com,Ad Motivated Tracking;Advertising;Analytics;Audience Measurement,Dstillery Inc.,True
mediaalpha.com,,"QuoteLab, LLC",False
mediacategory.com,,"Inrifle Co., Ltd.",False
mediacdn.vn,,,False
mediacliphub.com,,,False
mediacnt.com,,,False
mediacorp.sg,,MEDIACORP PTE. LTD.,False
mediadash.ru,,,False
mediadatacapi.com,,,False
mediadecathlon.com,,Wedia,False
mediadelivery.net,,,False
mediaeyes.vn,,,False
mediaferry.com,,,False
mediaflow.com,,,False
mediafuse.com,,,False
mediagene.co.jp,,,False
mediageuzen.com,,,False
mediago.io,,"Baidu, Inc.",False
mediagotechnology.com,,,False
mediahawk.co.uk,,,False
mediahuis.be,,,False
mediahuis.com,,,False
mediahuisgroup.com,,,False
mediahuisradio.nl,,,False
mediaindustry.org,,,False
mediaintelligence.de,,,False
mediaiqdigital.com,,,False
mediakiosque.com,,,False
medialaben.no,,,False
medialabtc.it,,,False
medialead.de,,,False
medialgc.fr,,,False
medialiance.com,,,False
mediamathrdrt.com,,,False
mediamond.it,,ARNOLDO MONDADORI EDITORE SpA,False
medianord.de,,,False
mediaplex.com,Action Pixels;Ad Motivated Tracking;Advertising;Third-Party Analytics Marketing,Conversant LLC,True
mediaprimaplus.com.my,,,False
mediapulse.com.au,,,False
mediards.com,,,False
mediarithmics.com,Ad Fraud;Ad Motivated Tracking;Advertising;Analytics;Embedded Content;Third-Party Analytics Marketing,mediarithmics SAS,True
medias-boutique.b-cdn.net,CDN,BunnyCDN,False
mediascdn.net,,,False
mediaset.es,,MEDIASET ESPANA COMUNICACION SA,False
mediaset.it,,Mediaset S.p.A.,False
mediaset.net,,R.T.I S.p.A.,False
mediasoep.nl,,,False
mediasquare.fr,,La Place Media,False
mediatoday.ru,,Media Today,False
mediatradecraft.com,,,False
mediav.com,,上海聚效广告有限公司,False
mediavalet.com,,,False
mediavine-tracker.vercel.app,,,False
mediavine.com,Ad Motivated Tracking;Advertising;Audience Measurement,"Mediavine, Inc.",True
mediavoice.com,,Polar,False
mediawallahscript.com,Ad Motivated Tracking;Audience Measurement;Third-Party Analytics Marketing,MediaWallah LLC,True
mediawiki.org,Non-Tracking,"Wikimedia Foundation, Inc.",False
medicalnewstoday.com,,,False
medien-systempartner.de,,,False
medietall.no,,,False
medievalkin.com,,,False
mediocrecliffschangeless.com,,,False
medion.com.edgekey.net,,Akamai Technologies,False
medium.com,,A Medium Corporation,False
medmate.com.au,,,False
medscape.com,,"WebMD, LLC",False
medscapestatic.com,,"WebMD, LLC",False
medtargetsystem.com,,MedTargetSystem,False
medyanetads.com,,Dogan Internet Yayinciligi ve Yatirim A.S.,False
meetac.com,,,False
meetami.ai,,,False
meetbot.biz,,,False
meetsoci.com,,,False
meetsocial.com,,,False
meetyou.me,,,False
mega.co.nz,,Mega Limited,False
megadata.co.kr,,"Megadata Korea Co., Ltd.",False
megafon.ru,,PJSC MegaFon,False
meganewsspace.my,,,False
megaphone.fm,,Spotify AB,False
megpxs.com,,,False
meh.com,,,False
meilisearch.io,,,False
meine-vrm.de,,,False
melcocloud.com,,,False
melenlab.com,,,False
melhorplano.net,,,False
melia.com,,Melia Hotels International S.A.,False
melia.services,,,False
melibo.de,,,False
melisten.sg,,,False
meltwaternews.com,,"Meltwater News US1, Inc.",False
melvoriando.com,,,False
membercentral.org,,,False
memberful.com,,"Patreon, Inc.",False
membership.io,,,False
memberspace.com,,,False
memberstack.com,,,False
memberstack.io,,,False
membrana.media,,,False
memfirstweb.net,,,False
menardc.com,,,False
mention-me.com,,Mention Me Ltd,False
mentionlink.com,,,False
mentormedier.no,,,False
mentorsticks.com,,"Leven Labs, Inc. DBA Admiral",False
meraki.com,,"Meraki, Inc.",False
mercadopago.cl,,,False
mercadopago.com,Analytics;Embedded Content;Online Payment,MercadoLibre Inc.,False
mercari.com,,"Mercari, Inc.",False
mercedes-benz.com,,Daimler AG,False
mercedes-benz.com.edgekey.net,,Akamai Technologies,False
mercent.com,,,False
merchant-center-analytics.goog,,,False
merchantyard.com,,,False
merck-animal-health.com,,,False
mercola.com,,,False
mercury.akamaized.net,CDN,Akamai Technologies,False
mercuryace.com,,,False
mercuryhealthcare.com,,,False
merequartz.com,,"Leven Labs, Inc. DBA Admiral",False
merge-digital.com,,,False
meride.tv,,,False
meritb2b.com,,,False
meritbeauty.myshopify.com,Analytics;CDN;Embedded Content;Online Payment,Shopify Inc.,False
meritpages.com,,,False
merklesearch.com,,Merkle Inc,False
merklespaintech.es,,,False
merlincdn.net,,,False
mermaid.live,,,False
merudata.app,,,False
meshki-us.myshopify.com,Analytics;CDN;Embedded Content;Online Payment,Shopify Inc.,False
meshki.com.au,,,False
message-business.com,,,False
messengerpeople.com,,,False
met.no,,Meteorologisk Institutt,False
metabet.io,,,False
metadata.io,,,False
metaffiliation.com,,c2b s.a.,False
metamanager.io,,,False
metamorphosis.com,,,False
metart.network,,,False
metartnetwork.com,,"SARJ, LLC",False
metatruemedia.com,,,False
metd11gim.com,,,False
metd12gim.com,,,False
meteo-oberwallis.ch,,,False
meteobelgium.org,,LIZIN XAVIER,False
meteoblue.com,,,False
meteociel.fr,,Ano Nymous,False
meteoconsult-prod-static.edgesuite.net,CDN,Akamai Technologies,False
meteoearth.com,,,False
meteofor.com,,,False
meteofor.st,,,False
meteofrance.com,,Meteo France,False
meteor.com,,,False
meteored.com,,"Alpred, S.L.",False
meteotest.ch,,,False
method-race-wheels.myshopify.com,Analytics;CDN;Embedded Content;Online Payment,Shopify Inc.,False
metizapps.com,,,False
metorik.com,,,False
metricool.com,,,False
metrics-bunny.net,,,False
metricsengine.io,,,False
metricswpsh.com,,,False
metrilo.com,,Metrilo LTD,False
metro-online.com,,,False
metro.co.uk,,Associated Newspapers Limited,False
metrobyt-mobile.com,,,False
metrobyt-mobile.com.edgekey.net,,Akamai Technologies,False
metrolinx.com,,,False
metropolis.co.uk,,,False
metv.com,,Weigel Broadcasting Co,False
metype.com,,,False
mexc.com.edgesuite.net,CDN,Akamai Technologies,False
mezereon.net,,,False
mezmo.com,,"Mezmo, Inc.",False
mf8.biz,,,False
mfadsrvr.com,Ad Fraud;Ad Motivated Tracking;Advertising,IPONWEB GmbH,True
mfbcdn.net,,,False
mfcimg.com,,"YOUR.ORG, INC.",False
mfd.azureedge.net,CDN,Microsoft Corporation,False
mfe-prod.edgekey.net,,Akamai Technologies,False
mff-rockport.myshopify.com,Analytics;CDN;Embedded Content;Online Payment,Shopify Inc.,False
mfgroup.ch,,,False
mfmcdn.com,,,False
mfstatic.com,,,False
mgaru.dev,,,False
mgid.com,Ad Fraud;Ad Motivated Tracking;Advertising;Analytics;Audience Measurement;Third-Party Analytics Marketing,MGID Inc,True
mgln.ai,,,False
mgm.com,,,False
mgmotor.eu,,,False
mgmresorts.com.edgekey.net,,Akamai Technologies,False
mgmresorts.edgekey.net,,Akamai Technologies,False
mgpd.de,,,False
mgroupweb.com,,,False
mgslb.com,,,False
mgsreops.com,,,False
mgstage.com,,"Media Global Stage Co., Ltd.",False
mgtmod01.com,,,False
mh-n.nl,,,False
mhcache.com,,MyHeritage Ltd.,False
mhsdigital.de,,,False
mhtr.be,,,False
mhub2.b-cdn.net,CDN,BunnyCDN,False
mhvassetspro.b-cdn.net,CDN,BunnyCDN,False
mi-content.com,,,False
mi-prd-east-1-1587998068.us-east-1.elb.amazonaws.com,CDN,"Amazon Technologies, Inc.",False
mi.com,,Xiaomi Corporation,False
miaa.live,,,False
miam.tech,,,False
miamidade.gov,,Miami-Dade County,False
miaozhen.com,,Miaozhen Systems,False
micasa-main.myshopify.com,Analytics;CDN;Embedded Content;Online Payment,Shopify Inc.,False
michaelkors.com.edgekey.net,,Akamai Technologies,False
michaels.com,,Michaels Stores Inc.,False
michaels.com.edgekey.net,,Akamai Technologies,False
michelin-guide-web.nw.r.appspot.com,CDN,Google LLC,False
michelin.com,,Compagnie Generale des Etablissements Michelin,False
michiganrobotflower.com,,,False
micpn-eu.com,,,False
micpn.com,Ad Motivated Tracking;Advertising;Audience Measurement,Movable Ink,True
microad.jp,Ad Motivated Tracking;Advertising,"MicroAd, Inc.",True
microad.net,,"MicroAd, Inc.",False
microcast.ai,,,False
microdinc.com,,,False
microminimus-production.b-cdn.net,CDN,BunnyCDN,False
microsoft.com,Ad Motivated Tracking;Advertising;Analytics;CDN,Microsoft Corporation,True
microsoft.com.edgekey.net,,Akamai Technologies,False
microsoft.us,,,False
microsoftonline.com,,Microsoft Corporation,False
microsoftonline.us,,,False
microsofttranslator.com,,Microsoft Corporation,False
mid-day.com.akamaized.net,CDN,Akamai Technologies,False
mid-day.com.edgesuite.net,CDN,Akamai Technologies,False
mida-app.io,,,False
mida.so,,,False
midas-network.com,,,False
midbound.net,,,False
middaymishapnotice.com,,,False
middycdn-a.akamaihd.net,CDN,Akamai Technologies,False
mideaamerica.myshopify.com,Analytics;CDN;Embedded Content;Online Payment,Shopify Inc.,False
midnight-hour-clothing.myshopify.com,Analytics;CDN;Embedded Content;Online Payment,Shopify Inc.,False
midwesternmac.com,,,False
miele.com,,Miele & Cie. KG,False
miele.com.akamaized.net,CDN,Akamai Technologies,False
mieru-ca.com,,"Faber Technology,inc",False
mifadnetwork.com,,,False
migros.ch,,Migros-Genossenschafts-Bund,False
migros.cloud,,,False
migrowthlab.com,,,False
migstat.com,,,False
miixdrop.net,,,False
mijnmagazines.be,,,False
mijnwoordenboek.nl,,,False
mikle.com,,,False
mikmak.ai,,,False
mil.movie,,,False
milbstatic.com,,,False
milesplit.com.edgesuite.net,CDN,Akamai Technologies,False
milestoneinternet.com,,,False
military.pl,,,False
milkymouse.com,,,False
mimeanalytics.com,,,False
mimecast.com,,,False
mimecastprotect.com,,,False
min-cdn.net,,,False
min30327.github.io,CDN;Non-Tracking,"GitHub, Inc.",False
mindbehind.com,,,False
mindbox.cloud,,,False
mindbox.ru,,Mindbox Ltd.,False
minddnd.com,,,False
mindmup.github.io,CDN;Non-Tracking,"GitHub, Inc.",False
mindsay.com,,,False
mindtrip.ai,,,False
minecraft-services.net,,,False
minibc.com,,Better Commerce Group,False
minijuegos.com,,Moosite SL,False
minijuegosgratis.com,,,False
minimax.chat,,,False
minimaxau.myshopify.com,Analytics;CDN;Embedded Content;Online Payment,Shopify Inc.,False
mining-technology.com,,,False
minint.chat,,,False
minisforum.myshopify.com,Analytics;CDN;Embedded Content;Online Payment,Shopify Inc.,False
minitool.com,,MINITOOL SOLUTION LTD,False
minkch.com,,,False
minmaxify.com,,,False
minneapolis-2021.s3.amazonaws.com,CDN,"Amazon Technologies, Inc.",False
minnesider.no,,,False
minochinos.com,,,False
mintcdn.com,,,False
mintegral.com,,Mobvista,False
mintlify-assets.b-cdn.net,CDN,BunnyCDN,False
mintousa.com,,,False
minute-ly.com,,,False
minute.ly,,Minute Spoteam Ltd.,False
minutemedia-prebid.com,,,False
minutemediacdn.com,,Pro Sportority (Israel) Ltd,False
minutemediaservices.com,,Pro Sportority (Israel) Ltd,False
miqcommerce.com,,,False
miqdigital.com,,,False
mir-porno.top,,,False
mira-dsp.com,,,False
mirabelanalytics.com,,Magazine Manager,False
mirabelpages.com,,,False
mirabelsmarketingmanager.com,,Magazine Manager,False
mirage-analytics.com,,,False
miraheze.org,,,False
mirakl.net,,,False
mirando.de,,,False
miro.com,,,False
miros.services,,,False
mirror.co.uk,,Reach plc,False
missena.io,,,False
missy-gibbons.myshopify.com,Analytics;CDN;Embedded Content;Online Payment,Shopify Inc.,False
misterspex.com,,,False
misumi-ec.com.edgekey.net,,Akamai Technologies,False
mitel.io,,,False
mito.hu,,,False
mittatb.no,,,False
mitula.net,,,False
miui.com,,Xiaomi Corporation,False
mixcloud.com,,Mixcloud,False
mixi.jp,,"mixi, Inc.",False
mixi.media,,,False
mixlogue.jp,,,False
mixpanel-nginx-alb-631654012.us-east-1.elb.amazonaws.com,CDN,"Amazon Technologies, Inc.",False
mixpanel-tracking-proxy-x4jwavb3wq-uc.a.run.app,,Google LLC,False
mixpanel.com,Action Pixels;Analytics;Audience Measurement;Session Replay;Third-Party Analytics Marketing,"Mixpanel, Inc.",False
mixpo.com,,Mixpo Inc.,False
miyuki-web.net,,,False
mizoneservice.com,,,False
mj-snowplow-static-js.s3.amazonaws.com,CDN,"Amazon Technologies, Inc.",False
mjca-yijws.global.ssl.fastly.net,Action Pixels;Ad Motivated Tracking;Advertising;Analytics;CDN;Embedded Content;Session Replay;Third-Party Analytics Marketing,"Fastly, Inc.",True
mjedge.net,,,False
mjt.lu,,,False
mk-a1.freetls.fastly.net,Action Pixels;Ad Motivated Tracking;Advertising;Analytics;CDN;Embedded Content;Session Replay;Third-Party Analytics Marketing,"Fastly, Inc.",True
mkl-sitecore102-prod-326360-cdn-endpoint.azureedge.net,CDN,Microsoft Corporation,False
mks98.com,,,False
mkt-jcpenney.com,,,False
mkt932.com,,International Business Machines Corporation,False
mktdplp102cdn.azureedge.net,CDN,Microsoft Corporation,False
mktgcdn.com,,,False
mktoresp.com,Ad Motivated Tracking;Advertising;Embedded Content;Third-Party Analytics Marketing,Adobe Inc.,True
mktoweb.com,,Adobe Inc.,False
mktplatforms.com,,,False
ml-api.io,,,False
ml-attr.com,,"Warner Bros. Discovery, Inc.",False
ml.com,,Bank of America Corporation,False
ml314.com,Action Pixels;Ad Motivated Tracking;Advertising;Analytics;Audience Measurement;Session Replay,Bombora Inc.,True
mlb-tls.map.fastly.net,Action Pixels;Ad Motivated Tracking;Advertising;Analytics;CDN;Embedded Content;Session Replay;Third-Party Analytics Marketing,"Fastly, Inc.",True
mlb.com,,"MLB Advanced Media, LP",False
mlb.com.edgesuite.net,CDN,Akamai Technologies,False
mlb.map.fastly.net,Action Pixels;Ad Motivated Tracking;Advertising;Analytics;CDN;Embedded Content;Session Replay;Third-Party Analytics Marketing,"Fastly, Inc.",True
mlbinfra.com,,,False
mlbstatic.com,,"MLB Advanced Media, LP",False
mlbtraderumors.b-cdn.net,CDN,BunnyCDN,False
mlbtraderumors.com,,,False
mlcdn.com,,,False
mlslmedia.com,,,False
mlsmatrix.com,,,False
mlssoccer.com,,Major League Soccer LLC.,False
mltimages.com,,,False
mlytics.com,,,False
mm-prod-app-lb-1098421956.us-east-1.elb.amazonaws.com,CDN,"Amazon Technologies, Inc.",False
mm-uxrv.com,,,False
mmapiws.com,,,False
mmcdn.com,,,False
mmctsvc.com,,,False
mmganalytics.com,,,False
mmi-systems.de,,,False
mmmdn.net,,,False
mmonline.io,,,False
mmsrg.com,,,False
mmst.eu,,,False
mmstat.com,,Alibaba Group,False
mmtro.com,,1000mercis,False
mmvideocdn.com,,,False
mn-tz.com,,,False
mn-tz.ltd,,,False
mnaspm.com,,,False
mnater.github.io,CDN;Non-Tracking,"GitHub, Inc.",False
mncdn.com,,Medianova Internet Hizmetleri A.S.,False
mncportal.id,,,False
mng-digisubs-prod.com,,,False
mngdigisubs.com,,,False
mnixdata.com,,,False
mnpa6gtrk.com,,,False
mns2-sentry-alb-584228475.ap-northeast-1.elb.amazonaws.com,CDN,"Amazon Technologies, Inc.",False
mntd.net,,,False
mntzco.com,,,False
mo.gov,,,False
moatads.com,Action Pixels;Ad Fraud;Ad Motivated Tracking;Advertising;Analytics;Audience Measurement;Third-Party Analytics Marketing,Oracle Corporation,True
mobify-storefront.com,,,False
mobildev.in,,,False
mobilebanner.ru,,,False
mobiledition.com,,,False
mobilefuse.com,,MobileFuse LLC,False
mobilegtm.akadns.net,CDN,Akamai Technologies,False
mobileimageslowes.com.edgekey.net,,Akamai Technologies,False
mobilemonkey.com,,,False
mobilewallet.cards,,,False
mobilistics.io,,,False
mobilize-mapbox-web-component.vercel.app,,,False
mobiloud.com,,,False
mobkoi.com,,,False
mobon.net,,"Inrifle Co., Ltd.",False
mobtop.com,,,False
mobuppsx.site,,,False
mobwithad.com,,,False
mobylog.jp,,,False
mocafirst.at,,,False
mocka-au.myshopify.com,Analytics;CDN;Embedded Content;Online Payment,Shopify Inc.,False
mocortech.com,,,False
mocospace.b-cdn.net,CDN,BunnyCDN,False
moda-cdp-message-prd-7jirubb0.uc.gateway.dev,,,False
modapps.com.au,,THE TRUSTEE FOR POH FAMILY TRUST,False
modeflow.app,,,False
modelcentro.com,,,False
moderncampus.net,,,False
modernimpact.com,,"ModernImpact, LLC",False
modernwebstudios.com,,,False
modoro360.com,,,False
modulecall.fr,,,False
modules4u.biz,,,False
moe.video,,,False
moen.com,,Moen Incorporated,False
moengage.com,,"MoEngage, Inc.",False
mofoprod.net,,,False
moin.ai,,,False
mojoactive.com,,,False
mol.im,,,False
molin.ai,,,False
mollie.com,,,False
moloco.com,,Moloco Inc.,False
molsoftapps.com,,,False
moltin.com,,,False
moltriven.info,,,False
moma-design-store.myshopify.com,Analytics;CDN;Embedded Content;Online Payment,Shopify Inc.,False
momboy.love,,,False
momcozy.com,,,False
momentfeed-visionworks-assets.s3.amazonaws.com,CDN,"Amazon Technologies, Inc.",False
momentfeed.com,,,False
momentjs.com,,,False
momently.info,,,False
momo-jp-ecdmp-track-lb-1244729043.ap-northeast-1.elb.amazonaws.com,CDN,"Amazon Technologies, Inc.",False
momondo.co.uk,,,False
momondo.no,,,False
momox-fashion.myshopify.com,Analytics;CDN;Embedded Content;Online Payment,Shopify Inc.,False
monacobeatles.com,,,False
monday.com,,,False
mondo.chat,,,False
monecole.fr,,Ano Nymous,False
moneris.com,,,False
monetate.net,Action Pixels;Ad Motivated Tracking;Advertising;Analytics;Audience Measurement;Embedded Content;Third-Party Analytics Marketing,"Monetate, Inc.",True
monetico-retail.com,,,False
monetico-services.com,,,False
monetixads.com,,,False
monetizationos.com,,,False
monetizer101.com,,,False
monetumo.com,,,False
money.com,,,False
moneycontrol.com,,Network18 Media And Investments Ltd,False
moneyrates.com,,,False
moneytadz.com,,,False
moneytag.tech,,,False
monhub.eu,,,False
monitoragc.xyz,,,False
monitorchecker.com,,,False
monitoringsolutions.sky,,,False
monitormagnet.com,,,False
monk-protect-shopify.s3.amazonaws.com,CDN,"Amazon Technologies, Inc.",False
monkcommerce.app,,,False
monkey.cool,,,False
monkeyapes.com,,,False
monkeymartgame.org,,,False
monkeymartonline.org,,,False
monkprotect.com,,,False
monks.de,,,False
monmatomo.com,,,False
monocle-search.com,,,False
monohost.com,,,False
monotype.com,,Monotype Imaging Inc.,False
monroe-components.netlify.app,,,False
monsido-consent.com,,,False
monsido.com,,Monsido Inc.,False
monsoonlassi.com,,,False
monster-upsells-images-prod.s3.us-east-2.amazonaws.com,CDN,"Amazon Technologies, Inc.",False
monstercampaigns.com,,Retyp LLC,False
monstermuleys.com,,,False
montana-knife-company.myshopify.com,Analytics;CDN;Embedded Content;Online Payment,Shopify Inc.,False
montlusa.top,,,False
monto.io,,,False
montsapa.top,,,False
monu.delivery,,"Monumetric (The Blogger Network, LLC)",False
monuments-nationaux.fr,,,False
monygroup.com,,,False
moodecx.ch,,,False
moodiday.com,,,False
mookie1.com,Action Pixels;Ad Motivated Tracking;Advertising;Analytics;Audience Measurement;Third-Party Analytics Marketing,WPP plc,True
mooncrustpizza.com,,,False
moonmap.ai,,,False
moonmodule.com,,,False
moonshot-ai.com,,,False
moonshot-marketing.com,,,False
mooo.com,,,False
moosend.com,,,False
moosite.com,,,False
moovit.com,,Moovit App Global LTD.,False
mopinion.com,,,False
morayne.ai,,,False
morayne.com,,,False
morefriendly.com,,,False
morganstanley.com,,Morgan Stanley,False
morganstanleyclientserv.com.edgekey.net,,Akamai Technologies,False
morimotopaidtotrade.com,,,False
morphify.net,,,False
mortgagebutterfly.com,,,False
mortgagecalculator.org,,,False
mortgageresearchcenter.com,,,False
mos.ru,,Department of Information Technology of Moscow,False
mosaiq.com,,,False
moscarossa.b-cdn.net,CDN,BunnyCDN,False
moshimo.com,,,False
motherlessmedia.com,,,False
mothership-cdn.co.nz,,,False
motioncxapps.com,,,False
motionworld.com,,,False
motive.co,,,False
motoblouz.com,,D3T DISTRIBUTION,False
motoguzzi.com.edgekey.net,,Akamai Technologies,False
motomate123.com,,,False
motominer.com,,,False
motor1.com,,Green Venture LLC,False
motorcyclespecs.b-cdn.net,CDN,BunnyCDN,False
motorola.com.edgekey.net,,Akamai Technologies,False
motorpresse.de,,,False
motorsport.com,,Green Venture LLC,False
motorsportmagazine.b-cdn.net,CDN,BunnyCDN,False
motorsportnetwork.com,,Green Venture LLC,False
motorsportswire.com,,,False
motortrend.com,,TEN  A Discovery Communications Company,False
motosport.com.akamaized.net,CDN,Akamai Technologies,False
mottandbowstore.myshopify.com,Analytics;CDN;Embedded Content;Online Payment,Shopify Inc.,False
motu-teamblue.services,,,False
mountain.com,,"Mountain Digital, Inc.",False
mountainside-medical-equipment.myshopify.com,Analytics;CDN;Embedded Content;Online Payment,Shopify Inc.,False
mountnittany.org,,,False
mous.co,,,False
mouseflow.com,Action Pixels;Ad Motivated Tracking;Analytics;Session Replay;Third-Party Analytics Marketing,Mouseflow,True
moustacheai.com,,,False
movad.net,,Virtual Minds AG,False
movadocompanystore.com,,,False
movavi.de,,,False
movavi.id,,,False
moveaws.com,,Move Inc.,False
movetv.com,,,False
moviead55.ru,,,False
moviefap.com,,Ventiv media,False
movieguide.b-cdn.net,CDN,BunnyCDN,False
movienewsletters.net,,,False
moviesstatic.b-cdn.net,CDN,BunnyCDN,False
moviestillsdb.b-cdn.net,CDN,BunnyCDN,False
moviexchange.com,,,False
movingimage.com,,,False
movingstory.com.au,,,False
movio.co,,Movio,False
mowell.tech,,,False
mowgoats.com,,,False
mowplayer.com,,,False
mox.tv,,,False
moxiworks.com,,,False
mozgcp.net,,,False
mozilla.map.fastly.net,Action Pixels;Ad Motivated Tracking;Advertising;Analytics;CDN;Embedded Content;Session Replay;Third-Party Analytics Marketing,"Fastly, Inc.",True
mozilla.org,,Mozilla Foundation,False
mozu.com,,"Kibo Software, Inc.",False
mparticle.com,,"mParticle, Inc",False
mparticle.map.fastly.net,Action Pixels;Ad Motivated Tracking;Advertising;Analytics;CDN;Embedded Content;Session Replay;Third-Party Analytics Marketing,"Fastly, Inc.",True
mpartner.digital,,,False
mpc-prod-23-s6uit34pua-ue.a.run.app,,Google LLC,False
mpc-prod-24-s6uit34pua-uw.a.run.app,,Google LLC,False
mpc-prod-25-s6uit34pua-wl.a.run.app,,Google LLC,False
mpc-prod-27-s6uit34pua-uk.a.run.app,,Google LLC,False
mpc-prod-29-s6uit34pua-rj.a.run.app,,Google LLC,False
mpc2-prod-21-is5qnl632q-uc.a.run.app,,Google LLC,False
mpc2-prod-23-is5qnl632q-ue.a.run.app,,Google LLC,False
mpc2-prod-24-is5qnl632q-uw.a.run.app,,Google LLC,False
mpc2-prod-25-is5qnl632q-wl.a.run.app,,Google LLC,False
mpc2-prod-26-is5qnl632q-uc.a.run.app,,Google LLC,False
mpc2-prod-27-is5qnl632q-uk.a.run.app,,Google LLC,False
mpc2-prod-28-is5qnl632q-ue.a.run.app,,Google LLC,False
mpc2-prod-29-is5qnl632q-uc.a.run.app,,Google LLC,False
mpeasylink.com,,DigitalPoint,False
mpio.io,,,False
mplat-ppcprotect.com,,,False
mplxtms.com,,Conversant LLC,False
mpncdn.com,,,False
mpod.ch,,,False
mps-gba.de,,,False
mpsuadv.ru,,,False
mpsvc.com.br,,,False
mqcdn.com,,Yahoo Inc.,False
mql5.com,,MQL5 Ltd.,False
mr-in.com,,,False
mradx.net,,VK Company Ltd.,False
mrc7.s3.amazonaws.com,CDN,"Amazon Technologies, Inc.",False
mrcashnetwork.com,,,False
mrcvideo.org,,,False
mrdmca.com,,,False
mrf.io,,"Marfeel Solutions, S.L.",False
mrforeskin.com,,,False
mrgeek.link,,,False
mrgr.me,,,False
mrkhub.com,,,False
mrktmtrcs.net,,,False
mrmixer.dev,,,False
mrmnd.com,,,False
mrp.network,,,False
mrskincdn.com,,SK Intertainment,False
mrtnsvr.com,,,False
ms-cms.com,,,False
ms-programs.de,,,False
ms.akadns.net,CDN,Akamai Technologies,False
ms.now,,,False
msappproxy.net,,,False
msauth.net,,Microsoft Corporation,False
msccruises.com,,,False
msccruises.com.edgekey.net,,Akamai Technologies,False
msccruises.eu,,,False
msccruisesusa.com,,MSC Cruises SA,False
msd-animal-health.com,,,False
msecnd.net,Ad Motivated Tracking;Analytics;CDN,Microsoft Corporation,True
msftauth.akadns.net,CDN,Akamai Technologies,False
msftauth.net,,Microsoft Corporation,False
msftauthimages.net,,,False
msg.com,,The Madison Square Garden Company,False
msgapp.com,,,False
msgboxx.io,,,False
msgfocus.com,,,False
msgsndr.com,,,False
msi.akamaized.net,CDN,Akamai Technologies,False
msidentity.com,,,False
mslc-prod-herokuapp-com.global.ssl.fastly.net,Action Pixels;Ad Motivated Tracking;Advertising;Analytics;CDN;Embedded Content;Session Replay;Third-Party Analytics Marketing,"Fastly, Inc.",True
mslotteryhome.com,,,False
msn.com,,Microsoft Corporation,False
msocdn.com,,Microsoft Corporation,False
mss.ba,,,False
msvdn.net,,,False
mt.googleapis.com,CDN;Embedded Content,Google LLC,False
mt0.googleapis.com,CDN;Embedded Content,Google LLC,False
mt1.googleapis.com,CDN;Embedded Content,Google LLC,False
mt2.googleapis.com,CDN;Embedded Content,Google LLC,False
mt3.googleapis.com,CDN;Embedded Content,Google LLC,False
mtb-news.de,,,False
mtcaptcha.com,,,False
mtechapis.com,,,False
mtg-api.com,,Modern Times Group MTG AB,False
mtnhp.org,,,False
mtnpowder.com,,,False
mtracks.azureedge.net,CDN,Microsoft Corporation,False
mtrl.me,,,False
mts-web-app.s3.us-east-2.amazonaws.com,CDN,"Amazon Technologies, Inc.",False
mts.ru,,Mobile TeleSystems Public Joint Stock Company,False
mtstatic.com,,,False
mtvnservices.com,,Paramount Global,False
mtvnservices.com.edgekey.net,,Akamai Technologies,False
mueller-dam-bucket.s3.eu-central-1.amazonaws.com,CDN,"Amazon Technologies, Inc.",False
mueller.de,,Mueller Ltd. & Co. KG,False
muenchen.travel,,,False
muffingroup.com,,,False
mufg.com,,,False
muicss.com,,,False
muji-us.myshopify.com,Analytics;CDN;Embedded Content;Online Payment,Shopify Inc.,False
mulchimbiber.com,,,False
multi-pixels.com,,,False
multiads.net,,,False
multichannelacd.de,,,False
multiloca.info,,,False
multimirror.io,,,False
multiorders.app,,,False
multisafepay.com,,,False
multiscreensite.com,,,False
multiship.app,,,False
multitracks.com,,,False
multivariants.com,,,False
multiview.com,,,False
mundialmedia.dev,,,False
mundopsicologos.com,,,False
munich-airport.de,,Flughafen Muenchen GmbH,False
munrofootweargroup.com.au,,,False
muscache.com,,"Airbnb, Inc.",False
musculahq.appspot.com,CDN,Google LLC,False
musely.edgekey.net,,Akamai Technologies,False
musely.org,,,False
musement.com,,,False
musicarts.com.edgekey.net,,Akamai Technologies,False
musiciansfriend.com.edgekey.net,,Akamai Technologies,False
musicindustryhowtoimages.s3.amazonaws.com,CDN,"Amazon Technologies, Inc.",False
musicrad.io,,,False
musicradio.com,,Global Radio UK Limited,False
musicstore.de,,MUSIC STORE professional GmbH,False
musicwebinternational.com,,,False
musora-image-processing-cdn.s3.us-east-2.amazonaws.com,CDN,"Amazon Technologies, Inc.",False
musti.media,,,False
mutinycdn.com,,,False
mutinyhq.io,,,False
mutualdocs.com,,,False
mux.com,,"Mux, Inc.",False
muy-porno.com,,,False
mvp.fan,,,False
mwbsys-prod.com,,,False
mwstatic.com,,MidwayUSA,False
mx.edgekey.net,,Akamai Technologies,False
mxpnl.com,Action Pixels;Analytics;Audience Measurement;Session Replay;Third-Party Analytics Marketing,"Mixpanel, Inc.",False
mxptint.net,Ad Motivated Tracking;Advertising;Analytics;Audience Measurement,Valassis Digital,True
mxradon.com,,,False
my-spot.co.uk,,,False
my.gov.au,,Australian Department of Human Services,False
my18pass.com,,,False
myaccount-jv-2.edgekey.net,,Akamai Technologies,False
myadmessenger.com,,,False
myadvocado.com,,,False
myangular.life,,,False
myap.com,,,False
myapp.com,,Tencent Holdings Ltd.,False
myartgomedia.com,,,False
myasian.live,,,False
myaskai.com,,,False
myaspectra.ch,,,False
myaudiences.app,,,False
myavlive.com,,,False
mybabyfleix.myshopify.com,Analytics;CDN;Embedded Content;Online Payment,Shopify Inc.,False
mybanktracker.com,,MBTmedia,False
mybcapps.com,,Boost Commerce,False
mybigcommerce.com,,Bigcommerce Pty Ltd,False
mybinder.org,,,False
mybobs.com.edgekey.net,,Akamai Technologies,False
mybookads.b-cdn.net,CDN,BunnyCDN,False
mycarly.io,,,False
mycdn.me,,VK Company Ltd.,False
mychartplus.org,,,False
mycity.travel,,,False
myclickfunnels.com,,,False
mycliplister.com,,Cliplister GmbH,False
mycontactcenter.net,,,False
myconvermax.com,,,False
mycrocast.de,,,False
mycustomizer.com,,,False
mydaddy.cc,,,False
mydigitalpublication.com,,,False
myenterprise.ai,,,False
myersinfosys.com,,,False
myexperro.com,,,False
myfidevs.io,,"MyFinance, Inc.",False
myfinance.com,,"MyFinance, Inc.",False
myfonts.net,,MyFonts Inc.,False
myfox.io,,,False
myfreecams.com,,"YOUR.ORG, INC.",False
mygaru.com,,,False
mygiftset.com,,,False
mygov.in,,MyGov,False
myhealth1st.com.au,,,False
myhealthatvanderbilt.com,,,False
myhealthteams.com,,,False
myhealthtoolkit.com,,,False
myhentaicomics.com,,,False
myherbalife.com.edgekey.net,,Akamai Technologies,False
myheritage.ch,,,False
myheritage.com,,MyHeritage Ltd.,False
myheritage.de,,MyHeritage Ltd.,False
myhomesan.azureedge.net,CDN,Microsoft Corporation,False
myhuaweicloud.com,,"Huawei Technologies Co., Ltd.",False
myibtimes.com,,,False
myid.canon,,,False
myidx.cloud,,,False
myintegrator.com.au,,,False
myip.la,,,False
myjub.com,,"BluMedia, Inc",False
mykelseyonline.com,,,False
mylfcdn.net,,,False
myli.io,,,False
mylivechat.com,Embedded Content;Support Chat Widget,CuteSoft.net,False
myma.ai,,,False
mymarketingpro.com,,,False
mymarketingreports.com,,,False
mymedia.delivery,,,False
mymediaing.my,,,False
mymounjaro.ca,,,False
mynews360.com,,,False
mynewsonthego.com,,"Presteligence, Inc.",False
mynqel69dc.com,,,False
myomni.app,,,False
myopenmath.com,,,False
myopenpass.com,,,False
myorigines.tech,,,False
myownpublicrecords.com,,,False
mypaleorecipe.com,,,False
mypikpak.net,,,False
mypix.top,,,False
myplay.com,,"MyPlay, LTD.",False
mypopups.com,,,False
mypornvid.fun,,,False
mypostcardmania.com,,,False
mypurecloud.com,,,False
mypurecloud.com.au,,,False
mypurecloud.de,,"Genesys Telecommunications Laboratories, Inc.",False
mypurecloud.ie,,"Genesys Telecommunications Laboratories, Inc.",False
myqcloud.com,,Tencent Holdings Ltd.,False
myracepass.com,,,False
myrasecurity.com,,,False
myregistrationc.com,,,False
myregistry.com,,My Life Registry LLC,False
myrepai.com,,,False
myrobotdoll.b-cdn.net,CDN,BunnyCDN,False
myrocket.com,,,False
mysagestore.com,,,False
mysamcart.com,,,False
myscheme.in,,,False
myshlf.us,,,False
myshopapps.com,,,False
myshopify.dev,,,False
myshopline.com,,,False
myshoptago.com,,,False
mysitehosting.net,,,False
mysolidearth.com,,,False
myspectro.io,,CIBLO,False
myspeedexpert.com,,,False
mysql.com.edgekey.net,,Akamai Technologies,False
mystagingwebsite.com,,,False
mysynchrony.com,,Synchrony Financial,False
myteamscoop.com,,,False
myth.dev,,,False
mythad.com,,,False
mytheresa.com,,mytheresa.com GmbH,False
mytio.ch,,,False
mytopf.com,,,False
mytrendyphone.eu,,,False
mytrendyphone.fi,,,False
mytribus.com,,,False
mytuner.mobi,,,False
myuhc.com,,UnitedHealth Group Inc.,False
myuhcagent.com,,,False
myumbrella.ai,,,False
myus.com,,MyUS.com,False
myvisitors.se,,,False
myvolte.com,,,False
myweb3id.io,,,False
mywebcamroom.com,,,False
myxuanxuan.com,,,False
myzepbound.ca,,,False
myzepic.com,,,False
mz.de,,,False
mziq.com,,,False
mzona.net,,,False
mzstatic.com,,Apple Inc.,False
mztributebands.com,,,False
n-analytics.io,,,False
n-bridge.io,,,False
n-ine.com,,,False
n.sni.global.fastly.net,Action Pixels;Ad Motivated Tracking;Advertising;Analytics;CDN;Embedded Content;Session Replay;Third-Party Analytics Marketing,"Fastly, Inc.",True
n11scdn.akamaized.net,CDN,Akamai Technologies,False
n1ed.com,,,False
n1internet.com,,,False
n2genealogy.com,,,False
n4m5x60.com,,,False
n5ka.net,,,False
n6wxm.com,,,False
n7.io,,,False
na-eu-corriere.map.fastly.net,Action Pixels;Ad Motivated Tracking;Advertising;Analytics;CDN;Embedded Content;Session Replay;Third-Party Analytics Marketing,"Fastly, Inc.",True
nab.com.au,,National Australia Bank Limited,False
nabojo.xyz,,,False
nacelle.com,,,False
nadavi.net,,"TEHNOBALANS, PE",False
nager.at,,,False
nagich.co.il,,Interdeal development Ltd,False
nagich.com,,,False
naiadsystems.com,,"ICF Technology, Inc",False
naivestatement.com,,"Leven Labs, Inc. DBA Admiral",False
naiz.fit,,,False
nakamoa.com,,,False
nakanohito.jp,,"User Local, Inc.",False
naked-asian.com,,,False
nakedcdn.com,,,False
nakedsword.com,,Falcon Studios Group,False
namastedharma.com,,,False
nanda.vn,,,False
nani-swimwear.myshopify.com,Analytics;CDN;Embedded Content;Online Payment,Shopify Inc.,False
nantesmetropole.fr,,,False
nap5k.com,,,False
nappyattack.com,,"Leven Labs, Inc. DBA Admiral",False
nappyonsetstiffness.com,,,False
narrativ.com,,"Narrativ Company, Inc.",False
narrative.io,,"Narrative I/O, Inc.",False
narvar.com,,,False
nasa.gov,,,False
nasawestprime.com,,,False
nascar.com,,NASCAR,False
nasdaq.com.edgekey.net,,Akamai Technologies,False
nashville.org,,,False
nastygal.co.uk,,,False
natgeofe.com,,,False
national-theatre-tnew.s3.amazonaws.com,CDN,"Amazon Technologies, Inc.",False
nationalmap.gov,,,False
nationaltheatre.org.uk,,Royal National Theatre,False
nationwide.com,,Nationwide Mutual Insurance Company,False
nationwide.com.edgekey.net,,Akamai Technologies,False
nativendo.de,,,False
nativerent.ru,,,False
nativery.com,,,False
natlot.be,,,False
natpal.com,,"Web.com Group, Inc.",False
naturalint.com,,,False
naturaltracking.com,,,False
naturesgoodguys.myshopify.com,Analytics;CDN;Embedded Content;Online Payment,Shopify Inc.,False
naturismv.com,,,False
natwest.com,,The Royal Bank of Scotland Group Plc,False
naughtysignal.com,,,False
naukimg.com,,Info Edge (India) Ltd,False
naukri.com,,Info Edge (India) Ltd,False
naukri.edgekey.net,,Akamai Technologies,False
navattic.com,,,False
navchain.com,,,False
navdmp.com,Ad Motivated Tracking;Advertising;Analytics;Audience Measurement,Navegg S.A.,True
navegg.com,,,False
naver.com,,Naver Corporation,False
naver.com.akadns.net,CDN,Akamai Technologies,False
naver.net,,Naver Corporation,False
naverads.com,,,False
naverblogwidget.com,,,False
navermediabox.com,,,False
navidium-static-assets.s3.amazonaws.com,CDN,"Amazon Technologies, Inc.",False
navidiumapp.com,,,False
navien-production-3.s3-us-west-2.amazonaws.com,CDN,"Amazon Technologies, Inc.",False
navien-production-assets.s3.us-west-2.amazonaws.com,CDN,"Amazon Technologies, Inc.",False
naviga-bi-v2-collector-lb-v2-1653659587.us-west-2.elb.amazonaws.com,CDN,"Amazon Technologies, Inc.",False
navigacloud.com,,,False
navigart.fr,,,False
naviplus.app,,,False
navismithapis-cdn.com,,,False
navisperformance.com,,"Buehner-Fry, Inc.",False
navistechnologies.com,,"Buehner-Fry, Inc.",False
navistechnologies.info,,"Buehner-Fry, Inc.",False
navitascredit.com,,,False
navyrecentuproot.com,,,False
nawpush.com,,,False
nazar-pc.github.io,CDN;Non-Tracking,"GitHub, Inc.",False
nb-data.io,,,False
nba.com,,"NBA Media Ventures, LLC",False
nba.com.edgekey.net,,Akamai Technologies,False
nbc.co,,,False
nbc.com.edgesuite.net,CDN,Akamai Technologies,False
nbcbayarea.com.edgekey.net,,Akamai Technologies,False
nbcboston.com,,,False
nbcboston.com.edgekey.net,,Akamai Technologies,False
nbcchicago.com.edgekey.net,,Akamai Technologies,False
nbcconnecticut.com.edgekey.net,,Akamai Technologies,False
nbcdfw.com.edgekey.net,,Akamai Technologies,False
nbclosangeles.com.edgekey.net,,Akamai Technologies,False
nbcmiami.com.edgekey.net,,Akamai Technologies,False
nbcnews.com.edgekey.net,,Akamai Technologies,False
nbcnewyork.com.edgekey.net,,Akamai Technologies,False
nbcolympics.com,,,False
nbcolympics.com.edgesuite.net,CDN,Akamai Technologies,False
nbcphiladelphia.com,,Comcast Corporation,False
nbcphiladelphia.com.edgekey.net,,Akamai Technologies,False
nbcsandiego.com.edgekey.net,,Akamai Technologies,False
nbcsports.com,,Comcast Corporation,False
nbcsportsbayarea.com.edgekey.net,,Akamai Technologies,False
nbcsportsphiladelphia.com.edgekey.net,,Akamai Technologies,False
nbcuni.com,,Comcast Corporation,False
nbcuni.com.edgekey.net,,Akamai Technologies,False
nbcwashington.com.edgekey.net,,Akamai Technologies,False
nbcwpshield.com,,,False
nbnatlas.org,,,False
nbren.net,,,False
nc-prd-alb-rtbc-783958931.ap-northeast-1.elb.amazonaws.com,CDN,"Amazon Technologies, Inc.",False
nc.gov,,Executive Office of the State of North Carolina,False
nc0.co,,"Ensighten, Inc",False
ncaudienceexchange.com,,News Corporation,False
ncleg.gov,,,False
ncls1.com,,,False
ncms.io,,,False
ncp.consulting,,,False
ncrcloud.com,,,False
ncrgov.com,,,False
ncsoft.com,,,False
ncvzgk8.x.incapdns.net,CDN,Imperva Inc.,False
nd-api.com,,,False
ndash.net,,,False
ndcmediagroep.nl,,,False
ndmdev.com,,,False
ndtv.com,,NDTV Convergence,False
ndtv.com.edgekey.net,,Akamai Technologies,False
ndtvimg.com,,NDTV Convergence,False
ndtvimg.com.edgekey.net,,Akamai Technologies,False
ne.ch,,,False
ne16.com,,Delivra,False
nearadio.no,,,False
neartonet.com,,,False
nebula-onepeloton.vercel.app,,,False
nectarsocial.com,,,False
nector.io,,,False
nectsideaments.com,,,False
nedigital.sg,,,False
nedstatbasic.net,,,False
needle.com,,,False
neeed.directory,,,False
neekstore.com,,,False
neevai.io,,,False
negate.io,,,False
neighborly.com,,,False
nelioabtesting.com,,,False
nenly-sgp-alb-01-1343188288.ap-southeast-1.elb.amazonaws.com,CDN,"Amazon Technologies, Inc.",False
neno-digital.io,,,False
neo7x.com,,,False
neocomapp.com,,,False
neodatagroup.com,,,False
neogames.com,,,False
neoncrm.com,,,False
neopets.com,,"Knowledge Adventure, Inc.",False
neowin.com,,,False
nerdnudes.com,,,False
nereserv.com,,,False
nervoussummer.com,,"Leven Labs, Inc. DBA Admiral",False
nespresso.com.edgekey.net,,Akamai Technologies,False
nestimg.com,,Lokku Ltd.,False
nestle-sbd.edgekey.net,,Akamai Technologies,False
nestle.com,,Societe des Produits Nestle S.A.,False
nestle.edgekey.net,,Akamai Technologies,False
nestoria.com,,,False
nestscale.com,,,False
nestvideos.azureedge.net,CDN,Microsoft Corporation,False
net-a-porter.com,,YOOX Net-A-Porter Group S.P.A.,False
net-conversion.com,,,False
net-helium.fr,,,False
net-logger.com,,,False
net-stls-v3.edgesuite.net,CDN,Akamai Technologies,False
net.edgekey.net,,Akamai Technologies,False
netaddiction.tech,,,False
netaffinity.io,,,False
netcetera.com,,,False
netcore.co.in,,Netcore Solutions Pvt Ltd,False
netcoresmartech.com,,Netcore Solutions Pvt Ltd,False
netdania.com,,,False
netdirector.auto,,,False
netdirector.co.uk,,,False
netdna-ssl.com,CDN;Embedded Content,"StackPath, LLC",False
netease.com,,"NetEase, Inc.",False
netease.im,,"NetEase, Inc.",False
netepc.com,,,False
netgreencolumn.com,,,False
nethcdn.com,,,False
netid.de,,,False
netinfo.bg,,,False
netinsight.co.kr,,,False
netkeiba.com.edgekey.net,,Akamai Technologies,False
netlegis.fr,,,False
netlify.com,,BitBalloon,False
netlifyglobalcdn.com,,,False
netmera-web.com,,,False
netmera.com,,INOMERA Arge ve Bilişim Hizmetleri A.Ş.,False
netmng.com,Action Pixels;Ad Motivated Tracking;Advertising;Analytics;Audience Measurement,"IgnitionOne, LLC",True
netnatives.com,,,False
netnesspb.com,,,False
neto.com.au,,,False
netomi.com,,,False
netonnet.com,,,False
netostatic.com,,,False
netpoint-media.de,,,False
netrics.ai,,,False
netronline.dev,,,False
netshoes.com.br,,NS2.COM INTERNET SA,False
netspendprd.wpenginepowered.com,,,False
netsuite.com,,Oracle Corporation,False
nettix.fi,,NettiX Oy,False
nettoolkit.com,,,False
nettrck.store,,,False
netvigie.com,,,False
network-anime.com,,,False
network-assets.b-cdn.net,CDN,BunnyCDN,False
network-n.com,,,False
networkmerchants.com,,,False
networknmedia.com,,,False
networkpb.com,,,False
networksolutions.com,,Network Solutions LLC,False
networx.com,,Networx Systems LLC,False
netzero.net,,"NetZero, Inc.",False
netzseiten.de,,,False
neue-gallery-images.b-cdn.net,CDN,BunnyCDN,False
neuro-id.com,,,False
neurograph.io,,,False
neuroid.cloud,,,False
neuwo.ai,,,False
neverbounce.com,,Metrics Delivered LLC,False
new-programmatic.com,,,False
newconstructi1.wpenginepowered.com,,,False
newcreatework.monster,,,False
newdeliveredstore.myshopify.com,Analytics;CDN;Embedded Content;Online Payment,Shopify Inc.,False
newecom.ai,,,False
newegg.com,,Newegg Inc,False
newface.ai,,,False
newfs.s3.amazonaws.com,CDN,"Amazon Technologies, Inc.",False
newhomesource.com,,"Builder Homesite, Inc.",False
newjobs.com,,Monster Worldwide Inc.,False
newmindmedia.com,,,False
newormedia.com,,,False
newpharma.net,,Megapharma sprl,False
newpublic.org,,,False
newrelic.com,Analytics,New Relic,False
newrez.com,,,False
news-edge.com,,,False
news.co.uk,,News UK & Ireland Ltd,False
news.com.au,,Nationwide News Pty Ltd,False
news12static.com,,,False
news18.com.edgekey.net,,Akamai Technologies,False
news9live.com,,,False
newsandmedia.sk,,,False
newsapis.co.uk,,,False
newsbank.com,,,False
newsblocktheme.com,,,False
newsbreak.com,,"Particle Media, Inc.",False
newsbytesapp.com.edgekey.net,,Akamai Technologies,False
newscdn.com.au,,Nationwide News Pty Ltd,False
newscgp.com,,Nationwide News Pty Ltd,False
newschoolinfo.org,,,False
newscitentist.com.edgekey.net,,Akamai Technologies,False
newscorp.com,,,False
newscorpaustralia.com,,Nationwide News Pty Ltd,False
newscred.com,,,False
newsensations.com,,,False
newsercdn.azureedge.net,CDN,Microsoft Corporation,False
newshinyd.com,,,False
newsifier.nl,,,False
newsinc.com,,"Inform, Inc.",False
newskit-front-749124092.eu-west-1.elb.amazonaws.com,CDN,"Amazon Technologies, Inc.",False
newsletter2go.com,,,False
newsmaxfeednetwork.com,,"Newsmax Media, Inc.",False
newsmaxwidget.com,,"Newsmax Media, Inc.",False
newsmemory.com,,"Tecnavia Press, Inc.",False
newsnow.io,,,False
newspackstaging.com,,,False
newsperform.com,,,False
newspointapp.com.edgekey.net,,Akamai Technologies,False
newsquestdigital.co.uk,,,False
newsquiz.ai,,,False
newsroom.bi,,,False
newsrpm.com,,,False
newstory.nl,,,False
newtail.com.br,,,False
newyorklife.com,,,False
newyorkyimby.com,,,False
newzit.com,,,False
newzware.com,,,False
nex-ai.ch,,,False
nex8.net,,FAN Communications,False
nexhealth.com,,,False
nexigen.digital,,,False
nexinsight.com.ua,,,False
next.co.uk,,Next PLC,False
next.us,,,False
nextchapter-ecommerce.com,,,False
nextday.media,,P B.V.,False
nextdirect.com,,Next PLC,False
nextdoor.com,,"Nextdoor, Inc.",False
nextenergystore.myshopify.com,Analytics;CDN;Embedded Content;Online Payment,Shopify Inc.,False
nextinsure.com,,Cyberspace Communications Corp.,False
nextleveldefend.com,,,False
nextmap.eu,,,False
nextmedia.com.au,,NextMedia Pty Ltd,False
nextmillmedia.com,,"Next Millennium Media, Inc.",False
nextop.com,,,False
nextopia.net,,Nextopia Software Corporation,False
nextopic.pro,,,False
nextpatient.co,,,False
nextspaceflight.com,,,False
nexttownai.com,,,False
nextuser.com,,,False
nexverse.ai,,,False
nexx.cloud,,nexx.tv GmbH,False
nexx360-static.io,,,False
nexx360.io,,,False
nexxen-es.com,,,False
nfb.ca,,,False
nfbio.dk,,,False
nfcube.com,,Mintt Studio,False
nfda.org,,,False
nfl.com,,NFL Enterprises LLC,False
nfl.map.fastly.net,Action Pixels;Ad Motivated Tracking;Advertising;Analytics;CDN;Embedded Content;Session Replay;Third-Party Analytics Marketing,"Fastly, Inc.",True
nfltags.com,,NFL Enterprises LLC,False
nfrance.com,,,False
nfusionsolutions.com,,,False
ngageics.com,,,False
ngagelive.com,,Internet Brands Inc,False
ngenix.net,,Limited Liability Company NGENIX,False
ngin.com,,Sport Ngin,False
ngtv.io,,"Warner Bros. Discovery, Inc.",False
nh-hotels.com.edgekey.net,,Akamai Technologies,False
nheos.com,,,False
nhk.edgesuite.net,CDN,Akamai Technologies,False
nhk.jp,,,False
nhkworld.jp,,,False
nhle.com,,,False
nhlstendentools.nl,,,False
nhnace.com,,,False
nhplayer.com,,,False
nhradata.com,,,False
nhst.tech,,,False
niagara-usa-2023.s3.amazonaws.com,CDN,"Amazon Technologies, Inc.",False
nib.com.au,,,False
nibtravelinsurance.com,,,False
nice-cdn.com,,,False
nice-incontact.com,,,False
nice-team.net,,,False
nicecxone-gov.com,,,False
nicecxone.com,,,False
niceincontact.com,,,False
nicejob.co,,,False
nicheacademy.com,,,False
nicindustries.com,,,False
nick.com.edgesuite.net,CDN,Akamai Technologies,False
nickeldefiancepriest.com,,,False
nicky-enterprise-newsroomcontent-func-prod.azurewebsites.net,CDN,Microsoft Corporation,False
nicolasleroux.fr,,,False
nicusa-gl.com,,,False
nielsen.com,,The Nielsen Company,False
nif.no,,,False
nift.me,,,False
nightmare-ai.com,,,False
nijie.net,,,False
nike.com.edgekey.net,,Akamai Technologies,False
nikoli-denshipuzzle.jp,,,False
nikonimglib.com.edgekey.net,,Akamai Technologies,False
nimbata.com,,,False
nimblebird.co,,,False
nimbuspop.com,,,False
ninchat.com,,Somia Reality Oy,False
nine-publishing.map.fastly.net,Action Pixels;Ad Motivated Tracking;Advertising;Analytics;CDN;Embedded Content;Session Replay;Third-Party Analytics Marketing,"Fastly, Inc.",True
nine.com.au,,Nine Entertainment Co.,False
nineanalytics.io,,,False
ninebot.com,,,False
ninetailed.co,,,False
ninja.ai,,,False
ninjacat.io,,,False
nintendo.com.akadns.net,CDN,Akamai Technologies,False
nintendo.com.edgekey.net,,Akamai Technologies,False
nintendo.eu,,,False
nintendo.map.fastly.net,Action Pixels;Ad Motivated Tracking;Advertising;Analytics;CDN;Embedded Content;Session Replay;Third-Party Analytics Marketing,"Fastly, Inc.",True
nintendo.net.edgesuite.net,CDN,Akamai Technologies,False
ninthdecimal.com,Analytics;Audience Measurement,"NinthDecimal, Inc",False
nipc.jp,,,False
nissan-api.net,,SapientRazorfish,False
nissan-cdn.net,,"Nissan Motor Co., Ltd.",False
nissan.eu,,,False
nissandime.com,,,False
nissanpace.com,,,False
nissanusa.com,,"Nissan North America, Inc.",False
nit.ro,,,False
nitfm.pt,,,False
nitroapps.co,,,False
nitrocdn.com,,NitroPack Ltd.,False
nitrocnct.com,,,False
nitrocommerce.ai,,,False
nitropay.com,,GG Software LLC,False
nittotire.com,,,False
nivea.com,,,False
nizza.com,,,False
nl-v1.edgekey.net,,Akamai Technologies,False
nl.akamaized.net,CDN,Akamai Technologies,False
nl.edgekey.net,,Akamai Technologies,False
nl.edgesuite.net,CDN,Akamai Technologies,False
nladmin.net,,,False
nlapp.nl,,,False
nlcdn.com,,,False
nlcimg.com,,,False
nltg.com,,,False
nlx.org,,,False
nm.gov,,,False
nmedia.be,,,False
nmg-platform.com,,,False
nmgassets.com,,Namogoo,False
nmi.com,,,False
nmo-ep.nl,,,False
nmrodam.com,,The Nielsen Company,False
nn125.com,,,False
nnowa.com,,,False
nntech.io,,,False
no.edgekey.net,,Akamai Technologies,False
no.edgesuite.net,CDN,Akamai Technologies,False
noaa.gov,,,False
nobeta.com.br,,,False
nobi.ai,,,False
nobull.myshopify.com,Analytics;CDN;Embedded Content;Online Payment,Shopify Inc.,False
nocibe-media.edgekey.net,,Akamai Technologies,False
nocodeflow.net,,,False
nodals.io,,,False
nodeviro.com,,,False
noem.ai,,,False
noembed.com,,,False
noform.ai,,,False
nofraud.com,,NoFraud LLC,False
nogerefron.info,,,False
noibu.com,,,False
nojazz.eu,,,False
nol-is.de,,NOLIS GmbH,False
nola-web-widget-prod.s3.amazonaws.com,CDN,"Amazon Technologies, Inc.",False
nolt.io,,,False
nomad-public-read-asset-us-east-1.s3.amazonaws.com,CDN,"Amazon Technologies, Inc.",False
nominaltechno.com,,RTR company,False
nomoloss.com,,,False
non.li,,Moarty,False
nonkporno.com,,,False
nooncdn.com,,,False
nootiz.com,,,False
norco-com.myshopify.com,Analytics;CDN;Embedded Content;Online Payment,Shopify Inc.,False
norco-usa.myshopify.com,Analytics;CDN;Embedded Content;Online Payment,Shopify Inc.,False
nordcdn.com,,,False
nordicdataresources.net,,,False
nordiskemedier.dk,,,False
nordjyske.dk,,,False
nordmann-shop.com,,,False
nordpass.io,,,False
normatecrecovery.com,,,False
norsknettskole.no,,,False
northamerica-northeast2-site-builder-119d31d1.cloudfunctions.net,CDN,Google LLC,False
northbeam.io,,,False
northernbrewer.myshopify.com,Analytics;CDN;Embedded Content;Online Payment,Shopify Inc.,False
northerntrust.com.edgekey.net,,Akamai Technologies,False
northflank.app,,,False
northpass.com,,,False
northwell.io,,,False
northwestregisteredagent.com,,"Northwest Registered Agent, LLC",False
norton.com,,Broadcom Inc.,False
norton.com.edgekey.net,,Akamai Technologies,False
nortoncdn.com.edgekey.net,,Akamai Technologies,False
nortonlifelock.com,,,False
nospyapp.com,,,False
nossolove.com,,,False
nosto-campaign-assets.s3.amazonaws.com,CDN,"Amazon Technologies, Inc.",False
nosto.com,,Nosto Solutions Ltd,False
notebook-check.com,,,False
notecnt.com,,,False
notfoundbot.com,,,False
noticiasdegipuzkoa.eus,,,False
notifadz.com,,,False
notifica.re,,,False
notifpush.com,,,False
notify-me.io,,,False
notifyvisitors.com,,,False
notino.com,,,False
notinoimg.com,,,False
notion.co,,,False
notion.com,,,False
notion.so,,,False
notix.io,,,False
notliveyet.com,,,False
novaco.ai,,,False
novalnet.de,,,False
novapower.io,,,False
novaskin-textures.b-cdn.net,CDN,BunnyCDN,False
novavp-a.akamaihd.net,CDN,Akamai Technologies,False
novel.com,,,False
novius.net,,,False
novomind.com,,Novomind AG,False
nowaymail.com,,,False
nowdialogue.com,,,False
nowinteract.com,,Now Interact Nordic AB,False
nowtv.com.edgesuite.net,CDN,Akamai Technologies,False
noxgroup.com,,,False
noxiaohao.com,,,False
noz-mhn.de,,,False
npaw.com,,,False
nperf.com,,France Hardware,False
nperf.net,,,False
npg-newsletter.s3.eu-central-1.amazonaws.com,CDN,"Amazon Technologies, Inc.",False
npmcdn.com,,unpkg,False
npo-artistdb.b-cdn.net,CDN,BunnyCDN,False
npo-data.nl,,,False
npo.nl,,,False
npoplayer.nl,,,False
npox.nl,,,False
npr.org,Non-Tracking,"National Public Radio, Inc.",False
nprapps.org,,"National Public Radio, Inc.",False
npree.com,,,False
nprmedia.edgekey.net,,Akamai Technologies,False
nprstations.org,,"National Public Radio, Inc.",False
nprweb.edgekey.net,,Akamai Technologies,False
npttech.com,Ad Motivated Tracking;Advertising;Analytics;Audience Measurement;Embedded Content;SSO;Third-Party Analytics Marketing,Piano Software,True
npuserlogin.com,,,False
nq-api.net,,,False
nqtg15.com,,,False
nr-customers.s3.amazonaws.com,CDN,"Amazon Technologies, Inc.",False
nr-data.net,Analytics,New Relic,False
nraila.org,,,False
nrc-it.nl,,,False
nrchealth.com,,,False
nresystems.com,,,False
nrg.com,,,False
nrich.ai,,N.Rich Technologies,False
nrj.fr,,NRJ GROUP,False
nrk.no,,Norsk Rikskringkasting AS,False
nrl.com,,,False
nrma.com.au,,Insurance Australia Group Limited,False
nrs6ffl9w.com,,,False
nrt.cc,,,False
nrw.de,,Bezirksregierung Koeln,False
ns-cdn.com,,Inuvo,False
ns1p-aws-backed.global.ssl.fastly.net,Action Pixels;Ad Motivated Tracking;Advertising;Analytics;CDN;Embedded Content;Session Replay;Third-Party Analytics Marketing,"Fastly, Inc.",True
ns1p.net,,NSONE Inc,False
ns1pcdn.net,,,False
nsaudience.pl,,nazwa.pl sp. z o.o.,False
nsfwadds.com,,,False
nsimg.net,CDN,"ICF Technology, Inc",False
nslc-prod-app.trafficmanager.net,CDN,Microsoft Corporation,False
nsstatic.net,,Ziff Davis LLC,False
nsureapi.com,,,False
nsvcs.net,,,False
nt.technology,,,False
ntcacdn.net,,,False
ntd.com.akamaized.net,CDN,Akamai Technologies,False
ntesgsght.com,,,False
ntl.cloud,,,False
ntm.eu,,,False
ntslive.co.uk,,,False
ntv.io,Ad Motivated Tracking;Advertising;Analytics,"Nativo, Inc",True
ntvpforever.com,,,False
ntvwebprdserversalbextr92y-19971764.eu-central-1.elb.amazonaws.com,CDN,"Amazon Technologies, Inc.",False
nuance.com,Support Chat Widget,Microsoft Corporation,False
nuancierpeinture.fr,,,False
nudatasecurity.com,,MasterCard International Incorporated,False
nudeandhairy.com,,,False
nudevista.com,,,False
nudexxx.b-cdn.net,CDN,BunnyCDN,False
nudgify.com,,,False
nui.media,,NUI Media,False
nulls.solutions,,,False
nuload.net,,,False
numanis.net,,,False
numeriq.ca,,,False
nunami.ai,,,False
nuonet.fr,,,False
nuptic.com,,,False
nuqwe.com,,,False
nutrifox.com,,,False
nutshell.com,,,False
nuvid.fun,,,False
nv.gov,,Nevada Department of Motor Vehicles,False
nv7s.com,,,False
nvdst.com,,,False
nvfovu.com,,,False
nvidia.com,,Nvidia Corporation,False
nvidia.com.edgekey.net,,Akamai Technologies,False
nvidia.com.edgesuite.net,CDN,Akamai Technologies,False
nvidiagrid.net,,,False
nw18.com,,Network18 Media And Investments Ltd,False
nwse.cloud,,,False
nwslsoccer.com.edgesuite.net,CDN,Akamai Technologies,False
nwstatic.co.uk,,,False
nxcli.io,,,False
nxcli.net,,,False
nxdev.nl,,,False
nxedge.io,,,False
nxsmd.com,,,False
nxstatic.com.edgekey.net,,Akamai Technologies,False
nxt-psh.com,,,False
nxtcfm.s3.amazonaws.com,CDN,"Amazon Technologies, Inc.",False
nxtsun.com,,,False
nyc.gov,,"City of New York, Dept of IT & Telecommunications",False
nycenet.edu,,NYC Department Of Education,False
nyecountynv.gov,,,False
nyltx.com,,Ruler Analytics Limited,False
nypr.org,,,False
nyrb.myshopify.com,Analytics;CDN;Embedded Content;Online Payment,Shopify Inc.,False
nyris.io,,,False
nyseg.com,,"Avangrid, inc",False
nyt.net,,,False
nytimes.com,,The New York Times Company,False
nytimes.map.fastly.net,Action Pixels;Ad Motivated Tracking;Advertising;Analytics;CDN;Embedded Content;Session Replay;Third-Party Analytics Marketing,"Fastly, Inc.",True
nytrng.com,,Voltn LLC,False
nytsys.com,,,False
nyulangone.org,,NYU Langone Medical Center,False
nzme-ads.co.nz,,,False
nzmedata.co.nz,,,False
o-s.io,,OSX TECHLABS PRIVATE LIMITED,False
o.shared.global.fastly.net,Action Pixels;Ad Motivated Tracking;Advertising;Analytics;CDN;Embedded Content;Session Replay;Third-Party Analytics Marketing,"Fastly, Inc.",True
o0bc.com,,,False
o11.tech,,,False
o2.shared.us-eu.fastly.net,Action Pixels;Ad Motivated Tracking;Advertising;Analytics;CDN;Embedded Content;Session Replay;Third-Party Analytics Marketing,"Fastly, Inc.",True
o2swit.ch,,,False
o3ae.net,,,False
o3dl-avatars.b-cdn.net,CDN,BunnyCDN,False
o8acato.x.incapdns.net,CDN,Imperva Inc.,False
o9trf8.net,,,False
oaistatic.com,,,False
oaklandcountyblog.com,,,False
oas.me,,,False
oastatic.com,,,False
oath.com,,Yahoo Inc.,False
obak77.net,,,False
obd2-2.myshopify.com,Analytics;CDN;Embedded Content;Online Payment,Shopify Inc.,False
obelink.eu,,,False
oberon.dev,,,False
oberpfalzmedien.de,,,False
obi.de,,OBI Smart Technologies GmbH,False
obi4wan.com,,,False
obormot.net,,,False
obos.no,,,False
obox.media,,,False
obsbothk.com,,,False
obscure-escarpment-2240.herokuapp.com,CDN,"Salesforce.com, Inc.",False
observeinc.com,,,False
obsessed-garage.myshopify.com,Analytics;CDN;Embedded Content;Online Payment,Shopify Inc.,False
obsidian-forums.s3.amazonaws.com,CDN,"Amazon Technologies, Inc.",False
obsidianapps.co,,,False
obsidiolabs.com,,,False
obvioussecretive.com,,,False
obviyo.net,,,False
oc-cdn-ocprod.azureedge.net,CDN,Microsoft Corporation,False
oc-cdn-public-eur.azureedge.net,CDN,Microsoft Corporation,False
oc-cdn-public-gbr.azureedge.net,CDN,Microsoft Corporation,False
oc-cdn-public-oce.azureedge.net,CDN,Microsoft Corporation,False
oc-cdn-public.azureedge.net,CDN,Microsoft Corporation,False
oc-proxy.com,,,False
occ-app.com,,,False
ocdn.eu,,Ringier AG,False
ocean.edgekey.net,,Akamai Technologies,False
oceanpayment.com,,,False
ocelotbot.com,,,False
ocgov.com,,County of Orange,False
ochnser-core.s3.us-east-2.amazonaws.com,CDN,"Amazon Technologies, Inc.",False
ochsner-craft.s3.amazonaws.com,CDN,"Amazon Technologies, Inc.",False
oclrt.com,,,False
ocmhood.com,,,False
ocmsites.org,,,False
ocmtag.com,,,False
ocmthood.com,,,False
ocsddna.net,,,False
oct8ne.com,,See the Same S.L,False
octane.co,,,False
octaneai.com,,,False
octanecdn.com,,,False
octavius.rocks,,,False
octi.no,,,False
octillion.tv,,,False
octipas-emerch.net,,,False
octo25.me,,,False
octoclick.com,,,False
octocom.ai,,,False
octofence-pub.s3.eu-central-1.amazonaws.com,CDN,"Amazon Technologies, Inc.",False
octopus.tokyo,,,False
octopuscdn.com,,,False
octopuspop.com,,AKINASISTA,False
octotracking.com,,,False
odbm.org,,,False
oddcast.com,,,False
oddschecker.com,,Cyan Blue Odds Limited,False
oddsjam.com,,,False
oddsml.com,,,False
oddsserve.com,,LiveSport Media Ltd,False
odeeo.live,,,False
odeza.com,,,False
odiso.net,,,False
odkmedia.io,,,False
odoo.com,,Fabien Pinckaers,False
odoro.com,,,False
odp4comp.com,,,False
odp4pro.com,,,False
odpch.ch,,,False
odpforpro.com,,,False
odysee.com,,,False
odysee.tv,,,False
oebb.at,,OeBB-Business Competence Center GmbH,False
oev-info.ch,,,False
oevplus.ch,,,False
offer-go.com,,,False
offerista.com,,,False
offers-cdn.net,,,False
office.com,,Microsoft Corporation,False
office.edgekey.net,,Akamai Technologies,False
office.net,,Microsoft Corporation,False
officedepot.com.akamaized.net,CDN,Akamai Technologies,False
officedepot.com.edgekey.net,,Akamai Technologies,False
official-permit.com,,,False
officialplenty.com,,,False
offshoregeology.com,,,False
ofgreencolumn.com,,,False
ofl.uk,,,False
ofsys.com,,REP Solution,False
ogden_images.s3.amazonaws.com,CDN,"Amazon Technologies, Inc.",False
ogdennews.com,,,False
oghub.io,,OG Hub GmbH,False
ohio-mulch.myshopify.com,Analytics;CDN;Embedded Content;Online Payment,Shopify Inc.,False
ohio.gov,,Ohio Department of Administrative Services,False
ohlescoquins.com,,,False
ohmify.com,,,False
ohmy.bid,,,False
ohscprts.com,,,False
oie8.net,,,False
oionew.com,,,False
ojiz.net,,,False
ojrq.net,,Impact,False
ok.ru,,VK Company Ltd.,False
okasconcepts.com,,,False
okbp.xyz,,,False
okcdn.ru,,,False
okcoin.com,,,False
okcthunderwire.com,,,False
okendo.io,,VidTitan Pty Ltd,False
okstream.store,,,False
okt.to,,,False
okta.com,,"Okta, Inc.",False
oktacdn.com,,"Okta, Inc.",False
oktopost.com,,Oktopost Technologies Ltd,False
olapic-cdn.com,,,False
olark.com,Embedded Content;Third-Party Analytics Marketing,Olark,False
olbb2cd1-bmo-com-400783086.us-east-1.elb.amazonaws.com,CDN,"Amazon Technologies, Inc.",False
olbb2cd2-bmo-com-1249052787.us-east-1.elb.amazonaws.com,CDN,"Amazon Technologies, Inc.",False
olbgimages.co.uk,,,False
ole.com.ar,,,False
olelive.com,,,False
olicdn.com,,,False
olighthk.com,,,False
olightstore.com,,,False
olightstore.com.au,,,False
ollaborate.com,,,False
olocdn.net,,Mobo Systems Inc,False
olumiant.com,,,False
olx-st.com,,OLX Global B.V.,False
olxcdn.com,,OLX Global B.V.,False
olybet.dev,,,False
olybet.fr,,,False
olybetaffiliates.com,,,False
olympics.com.edgekey.net,,Akamai Technologies,False
olyslager.com,,,False
olyslagermoa.com,,,False
om-meta.com,,,False
omacro.com,,Omacro LLC,False
omakase.ai,,,False
omappapi.com,,Retyp LLC,False
omdbapi.com,,,False
omecam.com,,,False
omeda.com,,Omeda Communications,False
omegacommerce.com,,,False
omegapx.io,,,False
omegatheme.com,,,False
omengageapi.azurewebsites.net,CDN,Microsoft Corporation,False
omerloclients.com,,,False
ometria.com,,,False
ometria.services,,,False
ometrics.com,,,False
omf.com,,,False
omgapi.org,,,False
omguk.com,,Optimise Media (UK) Limited,False
omi-app-frontend-0ee146cc8784.herokuapp.com,CDN,"Salesforce.com, Inc.",False
omio.com,,,False
omio.design,,,False
omio.tech,,,False
omni-commerce.info,,,False
omni-dex.io,,,False
omnia-fishing.myshopify.com,Analytics;CDN;Embedded Content;Online Payment,Shopify Inc.,False
omnichannelengagementhub.com,,,False
omnichannelengagementhub.us,,,False
omniconvert.com,,Marketizator Friends SRL,False
omnidesk.io,,,False
omnilert.net,,"Omnilert, LLC",False
omnipeers.com,,,False
omniscale.net,,,False
omniscientai.com,,,False
omnisegment.com,,,False
omnisend.com,,"Omnisend, UAB",False
omnisendlink.com,,,False
omnisnippet1.com,,"Omnisend, UAB",False
omnisrc.com,,Soundest Limited,False
omnitagjs.com,Ad Motivated Tracking;Advertising,Adyoulike,True
omnitrend.biz,,,False
omniupdate.com,,,False
omny.fm,,,False
omnycontent.com,,,False
omoda.nl,,Omoda B.V.,False
omt-services.com,,,False
omtrdc.net,Ad Motivated Tracking;Advertising;Analytics;Audience Measurement;Third-Party Analytics Marketing,Adobe Inc.,True
omvoh.com,,,False
on-forge.com,,,False
on-running.com,,,False
on.aws,,,False
on3static.com,,,False
onaholecom.b-cdn.net,CDN,BunnyCDN,False
onaudience.com,,OnAudience Ltd.,False
onaxioms.com,,,False
onclckbn.net,,,False
onclckbnr.com,,,False
onclckinp.com,,,False
onclckinpg.com,,,False
onclckip.com,,,False
onclckmetrics.com,,,False
onclckmn.com,,,False
onclckpop.com,,,False
onclckpp.com,,,False
onclckstr.com,,,False
onclcktg.com,,,False
onconnect.app,,,False
onconverse.app,,,False
ondemand.com,,SAP SE,False
ondernemersregister.nl,,,False
one.audi,,,False
one.lt,,,False
one.one,,,False
one.store,,,False
onead.com.tw,,,False
oneads.org,,,False
oneadtag.com,,,False
oneall.com,,ONEALL SARL,False
oneawaytogypt.org,,,False
onechartpatient.com,,,False
onecommerce.io,,,False
onecompress.myshopify.com,Analytics;CDN;Embedded Content;Online Payment,Shopify Inc.,False
onecount.net,,"GCN Publishing, Inc.",False
onedollarstats.com,,,False
onefeed.co.uk,,,False
onefootball.com,,,False
oneid.live,,,False
onelink-edge.com,,,False
onelink-translations.com,,,False
onelink.me,,AppsFlyer,False
onelitteday.com,,,False
onemob.mobi,,,False
oneorigin.us,,,False
onepeloton.com.edgesuite.net,CDN,Akamai Technologies,False
oneplusmobile.com,,,False
onequince.com,,,False
oneredata.com,,,False
onesdata.com,,,False
onesignal.com,Ad Motivated Tracking;Analytics;Embedded Content;Third-Party Analytics Marketing,OneSignal,True
onet.pl,,Ringier AG,False
onetag-sys.com,,OneTag Limited,False
onetagmanager.com,,,False
onetarget.ru,,,False
onetext.com,,,False
onetravel.com,,Fareportal Inc.,False
onetrust.com,Consent Management Platform;Embedded Content;Non-Tracking,OneTrust LLC,False
onetrust.eu,,OneTrust LLC,False
onetrust.io,,OneTrust LLC,False
onevision.com.tw,,,False
onewegg.com,,,False
oney.io,,,False
onezapp.com,,Tencent Holdings Ltd.,False
onfastspring.com,,Bright Market LLC dba FastSpring,False
oniad.com,,,False
onilive.com,,,False
onkakao.net,,Kakao Corp.,False
onkatana.net,,,False
onleihe.de,,,False
onlim.com,,,False
online-banners.nl,,,False
online-metrix.net,Fraud Prevention,RELX Group,False
online-verleden.nl,,,False
online.church,,,False
online4media.de,,,False
onlineaccess1.com,,"Q2 Software, Inc.",False
onlineada.com,,,False
onlinechatcenters.com,,,False
onlinepets.com,,,False
onlinesizing.bike,,,False
onlineverf-prod-paintapi.azurewebsites.net,CDN,Microsoft Corporation,False
onlinewebfonts.com,,,False
onlocationexp.com,,,False
onltr.app,,,False
onlyfans.com,,,False
onlyfinder.com,,,False
onlymyhealth.com.edgekey.net,,Akamai Technologies,False
onmaven.app,,,False
onnetwork.tv,,,False
onrally.com,,,False
onrocket.site,,,False
onstuimig.nl,,,False
ontame.io,,,False
ontariogovernment.ca,,,False
ontarionewsroom.com,,,False
onthe.io,Analytics;Audience Measurement;Third-Party Analytics Marketing,IO Technologies Inc.,False
ontheedgebrands.com,,"Bud K World Wide, Inc",False
onthemap.io,,,False
onthemapmarketing.com,,,False
ontralink.com,,,False
ontraport.com,,,False
onvoard.com,,,False
onvoard.io,,,False
onwebchat.com,,,False
onxmaps.com,,onXmaps Inc.,False
onyourmap.com,,,False
onzestats.nl,,,False
oofos.myshopify.com,Analytics;CDN;Embedded Content;Online Payment,Shopify Inc.,False
ooklaserver.net,,,False
oomaki.jp,,,False
ooyala.com,,"Brightcove, Inc.",False
op4pro.com,,,False
opacc.net,,,False
opecloud.com,,TripleLift,False
open-analytics.se,,,False
open-meteo.com,,,False
open-system.fr,,ALLIANCE RESEAUX,False
open.cx,,,False
open.video,,,False
open3dlab.com,,,False
openadvocate.org,,,False
openai.com,,,False
openaiassets.azureedge.net,CDN,Microsoft Corporation,False
openasset.com,,,False
openassistantgpt.io,,,False
openbank.com,,,False
openbank.es,,OPEN BANK SA,False
openbasiskaart.nl,,,False
openborder.com,,,False
opencmp.net,,,False
opendatasoft.com,,,False
opendesktop.org,,hive01 gmbh,False
opendsp.ru,,,False
openfpcdn.io,,,False
openfreemap.org,,,False
opengamingnetwork.com,,,False
openjs.com,,,False
openlayers.org,,Open Source Geospatial Foundation,False
openlearning.blog,,,False
openpanel.dev,,,False
openreplay.com,,,False
openroadmedia.com,,,False
opensend.com,,,False
openshareweb.com,,,False
openssp.ru,,,False
openstreetmap.fr,,,False
openstreetmap.org,,OpenStreetMap Foundation,False
opentable.com,,"OpenTable, Inc.",False
opentable.com.edgekey.net,,Akamai Technologies,False
opentext.com,,Open Text Corporation,False
opentok.com,,,False
opentracker.net,,Opentracker,False
openweathermap.org,,OpenWeather Ltd,False
openweb.bid,,,False
openweb.com,,OpenWeb Technologies Ltd.,False
openwebmp.com,,,False
openwidget.com,,,False
openx.net,Ad Fraud;Ad Motivated Tracking;Advertising;Audience Measurement,OpenX Technologies Inc,True
openx.net_,,,False
openxcdn.net,,OpenX Technologies Inc,False
opera.com,,Opera Software AS,False
operacdn.com.edgekey.net,,Akamai Technologies,False
opfourpro.net,,,False
opfourpro.org,,,False
opgg.beer,,,False
opi-uki.myshopify.com,Analytics;CDN;Embedded Content;Online Payment,Shopify Inc.,False
opi-us.myshopify.com,Analytics;CDN;Embedded Content;Online Payment,Shopify Inc.,False
opin.media,,,False
opinary.com,,,False
opinew.cloud,,,False
opinew.com,,,False
opinion-corp.com,,,False
opinionstage.com,,,False
opmnstr.com,Action Pixels;Ad Motivated Tracking;Advertising;Analytics;Embedded Content;Third-Party Analytics Marketing,Retyp LLC,True
opnlink.com,,,False
opoli.com,,,False
opoxv.com,,,False
oppaisan.com,,,False
oppoer.me,,,False
oppomobile.com,,,False
opr.gg,,,False
oprah.com.edgekey.net,,Akamai Technologies,False
ops.co,,,False
opsm.com,,,False
opsone-analytics.ch,,,False
opstag.com,,,False
opstatics.com,,,False
opt7dev.com,,,False
opta.net,,Perform Media Services Ltd,False
optable.co,,,False
optad360-video.com,,,False
optad360.io,,Publishers Revenue Optimization Sp. z o.o.,False
optad360.net,,,False
opti-digital.com,,Opti Digital,False
optibase.io,,,False
opticksprotection.com,,,False
optics-spot-1966.myshopify.com,Analytics;CDN;Embedded Content;Online Payment,Shopify Inc.,False
optics-trade-static.eu,,,False
opticsplanet.com,,"OPTICSPLANET, INC.",False
optidigital.com,,Opti Digital,False
optimalblue.com,,,False
optimallivingdynamics.lpages.co,,,False
optimalpeople.fr,,Ano Nymous,False
optimalworkshop.com,,,False
optimise.net,,,False
optimize-v2.b-cdn.net,CDN,BunnyCDN,False
optimizely-cmp-analytics.com,,,False
optimizely-edge.com,,,False
optimizely.com,Action Pixels;Analytics;Audience Measurement;Third-Party Analytics Marketing,"Optimizely, Inc.",False
optimizerwpc.b-cdn.net,CDN,BunnyCDN,False
optimole.com,,Vertigo Studio SRL,False
optimonk.com,,WebShop Marketing Kft.,False
optimove.net,,Mobius Solutions,False
optimum.com,,"Altice USA, Inc.",False
optimy.ai,,,False
optin.com,,,False
optincdn.com,,,False
optinly.net,,,False
optinmonster.com,,Retyp LLC,False
optinproject.com,,WEB RIVAGE,False
optionway.com,,,False
optiryte.com,,,False
optiversal.com,,,False
optivo.digital,,,False
optmn.cloud,,,False
optmnstr.com,Action Pixels;Ad Motivated Tracking;Advertising;Analytics;Embedded Content;Third-Party Analytics Marketing,Retyp LLC,True
optmstr.com,,Retyp LLC,False
optnmnstr.com,,Retyp LLC,False
optnmstr.com,,Retyp LLC,False
optoutadvertising.com,,,False
optum.com,,UnitedHealth Group Inc.,False
optusdigital.com,,,False
optvz.com,,,False
optymyze.io,,,False
opulentsylvan.com,,,False
opumo.net,,,False
or-mkt-ext-sp-mobile-alb-1143576748.us-west-2.elb.amazonaws.com,CDN,"Amazon Technologies, Inc.",False
oracle.com,,Oracle Corporation,False
oracle.com.edgekey.net,,Akamai Technologies,False
oraclecloud.com,,Oracle Corporation,False
oraclecloud.com.edgekey.net,,Akamai Technologies,False
oraclecloud.net,,,False
oracleinfinity.io,,Oracle Corporation,False
oracleoutsourcing.com,,Oracle Corporation,False
orakulas.lt,,,False
orange.com,,Orange,False
orange.fr,,Orange,False
orangeclickmedia.com,,,False
orangelogic.com,,,False
orankl.com,,,False
orbit-dvd.myshopify.com,Analytics;CDN;Embedded Content;Online Payment,Shopify Inc.,False
orbita.cloud,,,False
orbitonline.myshopify.com,Analytics;CDN;Embedded Content;Online Payment,Shopify Inc.,False
orbitvu.cloud,,,False
orbitvu.co,,,False
orbitz.com,,"Expedia Group, Inc.",False
orbsrv.com,,"ExoClick, S.L.",False
order.online,,,False
ordercloud.io,,,False
orderdeadline.com,,,False
ordergroove.com,,ORDERGROOVE INC,False
orderlogicapp.com,,,False
orderprotection.com,,,False
ordersify.com,,,False
ordozen.com,,,False
oregon-gl.com,,,False
oreillystatic.com.edgekey.net,,Akamai Technologies,False
oreno3d.com,,,False
orerve.net,,,False
orf-cdn1.azureedge.net,CDN,Microsoft Corporation,False
orf-player.at,,,False
org.edgekey.net,,Akamai Technologies,False
organic-basics-store-us.myshopify.com,Analytics;CDN;Embedded Content;Online Payment,Shopify Inc.,False
organiccdn.io,,,False
organicfruitapps.com,,,False
organics-on-a-budget.myshopify.com,Analytics;CDN;Embedded Content;Online Payment,Shopify Inc.,False
organicvalleyemail.com,,,False
orginfo.io,,,False
oribi.io,,,False
orichi.info,,,False
orichicommerce.com,,,False
orientalknitotherwise.com,,,False
originp3.s3.amazonaws.com,CDN,"Amazon Technologies, Inc.",False
orionplatform.com,,,False
orkie.ai,,,False
ornikar.fr,,,False
ortb.net,,,False
orthoinfo.org,,,False
ortto.app,,,False
oru-kayak.myshopify.com,Analytics;CDN;Embedded Content;Online Payment,Shopify Inc.,False
orwonet.de,,,False
os.tc,,OneSignal,False
osano.com,,"Osano, Inc.",False
oscaro.media,,,False
oscilar.com,,,False
osd.mil,,U.S. Government,False
osdrtb.net,,,False
osg.akamaized.net,CDN,Akamai Technologies,False
osgnetworks.tv,,,False
osirus.ai,,,False
osisoft-production-elb-1195765828.us-east-1.elb.amazonaws.com,CDN,"Amazon Technologies, Inc.",False
osnova.io,,OOO Komitet,False
ostjob.ch,,,False
ostkcdn.com,,"Overstock.com, Inc.",False
ot-cookie-banner.s3.amazonaws.com,CDN,"Amazon Technologies, Inc.",False
otclick-adv.ru,,,False
otcmarkets.com.edgekey.net,,Akamai Technologies,False
otherlevels.com,,OtherLevels Inc,False
others-cdn.com,,,False
othsolutions.com.au,,,False
oticon.com,,,False
otieu.com,,,False
otirodn.net,,,False
otm-r.com,,Online Technology and Media,False
otocreator.jp,,,False
otofclinicaltrial.com,,,False
otrium.com,,,False
otrl.io,,,False
ots-lb-2-319766887.us-east-1.elb.amazonaws.com,CDN,"Amazon Technologies, Inc.",False
otsocycles.com,,,False
otstatic.com,,"OpenTable, Inc.",False
otstatic.com.edgekey.net,,Akamai Technologies,False
ott-static.akamaized.net,CDN,Akamai Technologies,False
ottadvisors.com,,,False
otter.ai,,,False
ottertext.com,,,False
otto.akadns.net,CDN,Akamai Technologies,False
otto.de,,Otto (GmbH & Co KG),False
ottofrei.myshopify.com,Analytics;CDN;Embedded Content;Online Payment,Shopify Inc.,False
ouest-france.edgekey.net,,Akamai Technologies,False
ouest-france.fr,,SOCIETE OUEST FRANCE,False
oundhertobeconsist.org,,,False
ouo.io,,,False
our-hometown.com,,,False
our.gg,,,False
ourdreamai.com,,,False
ourinfo.com,,,False
ourmailsender.com,,,False
ourmediashop.com,,,False
oursecondhand.b-cdn.net,CDN,BunnyCDN,False
oursecondhandhouse.com,,,False
oursprivacy.com,,,False
ourvacationcenter.com,,,False
out.sh,,,False
outbrain.com,Ad Motivated Tracking;Advertising;Third-Party Analytics Marketing,Outbrain,True
outbrainimg.com,,Outbrain,False
outcomes.net,,,False
outdated-browser.com,,,False
outdooractive.com,,,False
outdoorchannelplus.com,,,False
outdoorgearlab.b-cdn.net,CDN,BunnyCDN,False
outfunnel.com,,,False
outgrow.co,,,False
outgrow.us,,,False
outin.cn,,,False
outoria.com,,,False
outpost.pub,,,False
outpostpublishingcoop.com,,,False
outreachgenius.ai,,,False
outsellapp.com,,,False
outseta.com,,,False
outsideapi.com,,,False
outsideonline.com,,Outside Magazine,False
outsmart.digital,,,False
outsports-wp.b-cdn.net,CDN,BunnyCDN,False
outsystemsenterprise.com,,,False
oval.id,,,False
ovative.com,,Ovative Group,False
ovb24.de,,,False
ovbmedia.de,,,False
overcompensatingtv.com,,,False
overstock.com,,"Overstock.com, Inc.",False
overstock.com.edgekey.net,,Akamai Technologies,False
overtracking.com,,,False
ovh.net,,OVH SAS.,False
ovrengineering.de,,,False
owcnow.com,,,False
oweb.s3.amazonaws.com,CDN,"Amazon Technologies, Inc.",False
owi-tech.com,,,False
owlcarousel2.github.io,CDN;Non-Tracking,"GitHub, Inc.",False
owneriq.net,Ad Fraud;Ad Motivated Tracking;Advertising;Audience Measurement,"Inmar, Inc.",True
ownid.com,,,False
ownlocal.com,,OwnLocal.com,False
ownly.store,,,False
owox.com,,"OWOX, Inc.",False
oxiapps.com,,,False
oxtube.cc,,,False
oxystc.com,,,False
oylgklds.win,,,False
oyorooms.com,,Oravel Stays Private Limited,False
oyorooms.com.edgekey.net,,Akamai Technologies,False
oyoroomscdn.com,,,False
ozlinedsp.com,,,False
ozolio.com,,,False
ozone.ru,,Internet Solutions LLC,False
oztam.com.au,,,False
p-airnz.com,,Air New Zealand Limited,False
p-c2-api-new-1027900840.us-east-1.elb.amazonaws.com,CDN,"Amazon Technologies, Inc.",False
p-i-x-l.com,,,False
p-inforpl.b-cdn.net,CDN,BunnyCDN,False
p-n.io,,Pushly,False
p-smith.com,,,False
p.shared.global.fastly.net,Action Pixels;Ad Motivated Tracking;Advertising;Analytics;CDN;Embedded Content;Session Replay;Third-Party Analytics Marketing,"Fastly, Inc.",True
p24.hu,,,False
p2a.co,,PHONE2ACTION,False
p3g.hu,,,False
p4hb75p.x.incapdns.net,CDN,Imperva Inc.,False
p6d6uge.x.incapdns.net,CDN,Imperva Inc.,False
p7cloud.net,,,False
p7s1.io,,ProSiebenSat.1 Digital GmbH,False
pa-cd.com,,,False
pa.gov,,Commonwealth of Pennsylvania,False
paapi.ai,,,False
paasweb.co.il,,,False
paceathletic.com,,,False
pacenow.co,,,False
packerswire.com,,,False
pacloudflare.com,,,False
pacn.ws,,,False
pacopacomama.com,,,False
pacplatform.net,,,False
pacsun.com.akamaized.net,CDN,Akamai Technologies,False
pactsafe.io,,"PactSafe, Inc.",False
pacvue.com,,,False
paddle.com,,Paddle.com Market Ltd,False
paddling.b-cdn.net,CDN,BunnyCDN,False
padlet.pics,,,False
pagasswitch.com,,,False
page-flipping.com,,,False
page-source.com,,,False
pagebooster.net,,,False
pagefair.com,Ad Motivated Tracking;Advertising,Blockthrough Inc.,True
pagefair.net,,Blockthrough Inc.,False
pagefly.io,,,False
pageimprove.io,,,False
pageproofer.com,,,False
pageradar.io,,,False
pages01.net,,International Business Machines Corporation,False
pages02.net,,International Business Machines Corporation,False
pages03.net,,International Business Machines Corporation,False
pages04.net,,International Business Machines Corporation,False
pages05.net,,International Business Machines Corporation,False
pages06.net,,International Business Machines Corporation,False
pages07.net,,International Business Machines Corporation,False
pages08.net,,International Business Machines Corporation,False
pagescdn.com,,,False
pagesense.io,,ZOHO Corporation,False
pagesjaunes.fr,,PagesJaunes SA,False
pagesuite-professional.co.uk,,PageSuite LTD,False
pagesuite.com,,PageSuite LTD,False
pageview.app,,,False
pageview.click,,,False
pageview.events,,,False
pagination.js.org,,,False
pahtuz.tech,,,False
paidy.com,,"PayPal, Inc.",False
paitohub.com,,,False
palace-cinemas.workers.dev,,,False
paleohacks.lpages.co,,,False
palibzh.tech,,,False
palmettoharmony.com,,,False
palmettostatearmory.com,,,False
paloaltoanalytics.com,,,False
paloma-videos.s3.amazonaws.com,CDN,"Amazon Technologies, Inc.",False
panasonic.ca,,,False
pandachat.ai,,,False
pandascore.co,,,False
pandect.es,,,False
panerabread.com.edgekey.net,,Akamai Technologies,False
pangle-ads.com,,ByteDance Ltd.,False
panini.it,,,False
panxo-sys.com,,,False
panxo.ai,,,False
panxostack.com,,,False
papathemes.com,,,False
paperform.co,,,False
paperlesspost.map.fastly.net,Action Pixels;Ad Motivated Tracking;Advertising;Analytics;CDN;Embedded Content;Session Replay;Third-Party Analytics Marketing,"Fastly, Inc.",True
paperplaneslive.com,,,False
paradox-interactive.com,,,False
paradox.ai,,,False
paradoxinteractive.com,,,False
paradoxplaza.com,,Paradox Interactive AB (publ),False
paramount.com,,Paramount Global,False
paramount.tech,,,False
paramountplus.map.fastly.net,Action Pixels;Ad Motivated Tracking;Advertising;Analytics;CDN;Embedded Content;Session Replay;Third-Party Analytics Marketing,"Fastly, Inc.",True
parastorage.com,,"Wix.com, Inc.",False
paratupyme.com,,,False
parcelifyapp.com,,,False
parcelpanel.com,,,False
parcelperform.com,,,False
parcelwill.com,,,False
pardot.com,Ad Motivated Tracking;Advertising;Analytics;Embedded Content,"Salesforce.com, Inc.",True
parentsquare.com,,ParentSquare,False
paretodeals.com,,,False
parfumo.b-cdn.net,CDN,BunnyCDN,False
parfumo.com,,,False
parfumo.de,,,False
parisnormandie.qualifioapp.com,,,False
parklogic.com,,,False
parkpassproject.com,,,False
parkseed.myshopify.com,Analytics;CDN;Embedded Content;Online Payment,Shopify Inc.,False
parkwestgallery.b-cdn.net,CDN,BunnyCDN,False
parkwhiz.com,,"ParkWhiz, Inc.",False
paros.top,,,False
parrable.com,,"Parrable, Inc.",False
parsely.com,Action Pixels;Ad Motivated Tracking;Analytics;Audience Measurement;Third-Party Analytics Marketing,"Parsely, Inc.",True
parsons.edu,,,False
particlenews.com,,"Particle Media, Inc.",False
particularaudience.com,,,False
partner-ads.com,,,False
partner-versicherung.de,,TARIF CHECK24 GmbH,False
partnerboost.com,,,False
partnerlinks.io,,,False
partnero.com,,,False
partnerstack.com,,,False
partsbooster.com,,,False
partsimg.com,,,False
partsworld.com,,,False
partyking.org,,,False
pase-analytics.com,,,False
pasjans-online.pl,,,False
passenger-website.com,,,False
pastemagazine.com,,Paste Media Group,False
patagonia-au.myshopify.com,Analytics;CDN;Embedded Content;Online Payment,Shopify Inc.,False
patagonia-trove.myshopify.com,Analytics;CDN;Embedded Content;Online Payment,Shopify Inc.,False
path2response.net,,,False
pathfactory.com,,,False
pathmonk.com,,,False
pathmotion.io,,,False
pathoutpal.com,,,False
pathtosuccess.global,,,False
patientprism.com,,,False
patreon.com,,"Patreon, Inc.",False
patrickdankers.nl,,,False
patronpoint.com,,,False
patsnap.io,,,False
pattersoncompanies.com,,,False
pattisonmedia.com,,,False
paul-f22.workers.dev,,,False
paulaschoice.com,,Paula's Choice Inc,False
paulirish.github.io,CDN;Non-Tracking,"GitHub, Inc.",False
paulsenit.no,,,False
pay-link.eu,,,False
pay1.de,,BS PAYONE GmbH,False
paybright.com,,,False
paychex-ctvadds-poc-dot-paychexdotcom.uc.r.appspot.com,CDN,Google LLC,False
payermax.com,,,False
payflex.co.za,,,False
payhelm.com,,,False
payhip.com,,,False
payloadcms.app,,,False
payments-amazon.com,Analytics;Audience Measurement;Badge;Embedded Content;Federated Login;Online Payment,"Amazon Technologies, Inc.",False
paypal.com,Analytics;Audience Measurement;Badge;Embedded Content;Online Payment;SSO,"PayPal, Inc.",False
paypalobjects.com,Analytics;Audience Measurement;Badge;CDN;Embedded Content;Federated Login;Online Payment,"PayPal, Inc.",False
payrexx-seaio.ch,,,False
payrexx.com,,,False
paysafe.com,,,False
paytomorrow.com,,,False
paytoreject.co.uk,,,False
paywall-ad-bucket.s3.amazonaws.com,CDN,"Amazon Technologies, Inc.",False
paywallproject.com,,,False
payway.com.au,,,False
pb-prod-mixpanel-972235286.us-east-1.elb.amazonaws.com,CDN,"Amazon Technologies, Inc.",False
pba-university.org,,,False
pbbl.co,,"PebblePost, Inc.",False
pbeslwsoktin.net,,,False
pbgrd.com,,,False
pbimgs.com,,,False
pbprod.azureedge.net,CDN,Microsoft Corporation,False
pbs.org,,Public Broadcasting Service,False
pbstck.com,,Pubstack,False
pbsweather.org,,,False
pbxai.com,,,False
pc-quiz.s3.us-east-2.amazonaws.com,CDN,"Amazon Technologies, Inc.",False
pc161021.com,,,False
pcapredict.com,,Postcode Anywhere,False
pcare.ltd,,,False
pcdn.co,,"PAGELY, INC",False
pcdnimg.com,,,False
pcexpress.ca,,,False
pcfitment.com,,,False
pcgamingwiki.com,,,False
pchshopping.com,,,False
pcid.ca,,,False
pcmcloud.com,,,False
pco-cross-storage.s3.amazonaws.com,CDN,"Amazon Technologies, Inc.",False
pcolle.com,,,False
pcolle.jp,,,False
pcrl.co,,KP Marcom Inc,False
pcstatic21.com,,,False
pcweb2.azureedge.net,CDN,Microsoft Corporation,False
pdaws.net,,,False
pdc.nl,,,False
pdcservices.co.uk,,,False
pdexcdn.com,,,False
pdf2go.com,,,False
pdfchef.com,,,False
pdfescape-gtm-tagging-prd-cc-1.azurewebsites.net,CDN,Microsoft Corporation,False
pdffiller.com,,,False
pdnegocios.cl,,,False
pdnob.com,,,False
pdodswr-a.akamaihd.net,CDN,Akamai Technologies,False
pdok.nl,,,False
pdqdev.link,,PDQ Logistics Ltd.,False
pdqprod.link,,PDQ Logistics Ltd.,False
pdscrb.com,,,False
pdst.fm,,Podsights,False
pdy5.net,,,False
pe-osn-os4-fel-api-alb-x-139485198.us-east-1.elb.amazonaws.com,CDN,"Amazon Technologies, Inc.",False
pe.fr,,,False
peachjar.com,,,False
peachs.co,,,False
peacocktv.com.edgesuite.net,CDN,Akamai Technologies,False
peakdesignstore.myshopify.com,Analytics;CDN;Embedded Content;Online Payment,Shopify Inc.,False
peakdigital.cloud,,,False
peakhour.io,,,False
peakhour.zone,,,False
peaktrck.uno,,,False
pearcommerce.com,,,False
pearlcdn.com,,,False
pearldiver.io,,,False
pearson.com,,"Pearson Education, Inc.",False
peasisoft.com,,,False
pebblepilot.com,,,False
pecantinglytripod.com,,,False
peddle.com,,,False
peek.com,,,False
peeklabs.com,,,False
peer-39.com,,,False
peer39.com,,"Amazon Technologies, Inc.",False
peerius.com,,Peerius Ltd,False
pega.com,,Pegasystems,False
peintures.pro,,,False
peiq.services,,,False
pekao.com.pl,,,False
pelcro.com,,,False
pelmorex.com,,,False
peloecomm.akamaized.net,CDN,Akamai Technologies,False
pemavor.com,,,False
pemersatu.link,,,False
pemsrv.com,,,False
penapplepenguin.com,,,False
pendo.io,,"Pendo.io, Inc.",False
penews.com,,"Dow Jones & Company, Inc.",False
penguin888.xyz,,,False
penguinrandomhouse.com,,"Penguin Random House, LLC",False
pennentertainment.com,,,False
penpencil.co,,,False
penrod.co,,,False
penske.com,,,False
pensketruckleasing.net,,,False
pentel.myshopify.com,Analytics;CDN;Embedded Content;Online Payment,Shopify Inc.,False
peoople.app,,,False
people.com,,Meredith Corporation,False
peopleonehealth.com,,,False
peoriacommunityagainstviolence.org,,,False
pepcdn.com,,,False
pepper-bra.myshopify.com,Analytics;CDN;Embedded Content;Online Payment,Shopify Inc.,False
pepper.com,,,False
pepperjam.com,,Partnerize,False
pepperrun.com,,,False
pepsia.com,,,False
peragonfh40yr.b-cdn.net,CDN,BunnyCDN,False
peregrine-themes.com,,,False
perfalytics.com,,,False
perfdrive.com,,Radware Ltd.,False
perfect-app.app,,,False
perfectapps.io,,,False
perfectaudience.com,,Sharpspring Inc,False
perfectgame.tv,,,False
perfecttitspics.com,,,False
perflib.com,,,False
perfluence.net,,,False
perfmaker.net,,,False
perfops-static.freetls.fastly.net,Action Pixels;Ad Motivated Tracking;Advertising;Analytics;CDN;Embedded Content;Session Replay;Third-Party Analytics Marketing,"Fastly, Inc.",True
perfops.io,,,False
perfops.net,,,False
perfops1.b-cdn.net,CDN,BunnyCDN,False
perfopsrum-eip.akamaized.net,CDN,Akamai Technologies,False
perfopsrum.akamaized.net,CDN,Akamai Technologies,False
perfopsrumapi.akamaized.net,CDN,Akamai Technologies,False
perform.news,,,False
performancepartscart.com,,,False
performax.cz,,"OSOBNOSTI.cz, s.r.o.",False
performgroup.com,,Perform Media Services Ltd,False
performoo.com,,,False
performos.ai,,,False
perimeterx.net,Fraud Prevention,"Human Security, Inc.",False
perk0mean.com,,,False
permaleads.ch,,,False
permutive.app,,"Permutive, Inc.",False
permutive.com,Analytics;Audience Measurement;Session Replay;Third-Party Analytics Marketing,"Permutive, Inc.",False
perplex.edgekey.net,,Akamai Technologies,False
personaclick.com,,,False
personalitydatabase.net,,,False
personalizationmall.com,,PersonalizationMall.com LLC,False
personalizer.io,,LimeSpot,False
personalizerai.com,,,False
personifycloud.com,,,False
personizely.net,,,False
personyze.com,,,False
pertafo.com,,,False
pertento.ai,,,False
pervert.chat,,,False
petametrics.com,,,False
petco.com,,"Petco Animal Supplies Stores, Inc.",False
peterhahn.com,,,False
petite-plume.myshopify.com,Analytics;CDN;Embedded Content;Online Payment,Shopify Inc.,False
petsafe-brand.myshopify.com,Analytics;CDN;Embedded Content;Online Payment,Shopify Inc.,False
pexels.com,,Canva Pty Ltd,False
pf-menstyle.myshopify.com,Analytics;CDN;Embedded Content;Online Payment,Shopify Inc.,False
pfcontent.net,,,False
pfed.dev,,,False
pffads.de,,,False
pfhtjl.com,,,False
pficdn.com,,,False
pflanzen-koelle-live.b-cdn.net,CDN,BunnyCDN,False
pfms.cc,,,False
pfp-app.herokuapp.com,CDN,"Salesforce.com, Inc.",False
pgammedia.com,,,False
pgamrtb.com,,,False
pgatour.com,,PGA TOUR Inc.,False
pgcloud.com,,,False
pghub.io,,,False
pgmodernweb.com,,,False
pgs.casino,,,False
pgs.io,,"Public Good Software, Inc.",False
pgtvnew.b-cdn.net,CDN,BunnyCDN,False
ph-discourse.b-cdn.net,CDN,BunnyCDN,False
pharmamarket.be,,,False
phase2.github.io,CDN;Non-Tracking,"GitHub, Inc.",False
phatcatmedia.net,,,False
phenompeople.com,,"Phenom People, Inc.",False
phenompro.com,,,False
phic4.top,,,False
phil-dd0.workers.dev,,,False
philacct.com,,,False
philantro.s3.amazonaws.com,CDN,"Amazon Technologies, Inc.",False
phillymag.b-cdn.net,CDN,BunnyCDN,False
philo.map.fastly.net,Action Pixels;Ad Motivated Tracking;Advertising;Analytics;CDN;Embedded Content;Session Replay;Third-Party Analytics Marketing,"Fastly, Inc.",True
phluant.com,,,False
phncdn.com,,Aylo,False
phoenix-csp-reporting.azurewebsites.net,CDN,Microsoft Corporation,False
phoenixjll.edgekey.net,,Akamai Technologies,False
phoenixsite.nl,,,False
phonandroid.com,,,False
phone-analytics.com,,,False
phone.community,,,False
phoneresult.com,,,False
phoronix.net,,,False
photobucket.com,,,False
photoprintit.com,,CEWE Stiftung & Co. KGaA,False
photorank.me,,Monotype Imaging Inc.,False
photorankapi-a.akamaihd.net,CDN,Akamai Technologies,False
photorankmedia-a.akamaihd.net,CDN,Akamai Technologies,False
photorankstatics-a.akamaihd.net,CDN,Akamai Technologies,False
photoservice.cloud,,,False
photrio-files.b-cdn.net,CDN,BunnyCDN,False
phracon.com,,,False
phxtest.de,,,False
physical-meaning.com,,,False
physicsdigest.blog,,,False
piano-composer-assets.s3.eu-central-1.amazonaws.com,CDN,"Amazon Technologies, Inc.",False
piano.io,,Piano Software,False
picaapi.com,,,False
picdn.vip,,,False
pickystory.com,,,False
pickzen.com,,,False
picreel.com,,Webfolio Management Inc,False
picsinform.com,,,False
pictureit.co,,,False
pictureserver.net,,,False
pierce-ecom.com,,,False
pifyapp.com,,,False
pigeon.io,,,False
piggy.xyz,,,False
pii.ai,,,False
pijper.io,,,False
pikapod.net,,,False
pikoya.com,,,False
pikpak.io,,,False
pikpak.me,,,False
pikpakdrive.com,,,False
pili.app,,,False
pillarbox.ch,,,False
pillputupthere.org,,,False
pilotx.tv,,Blue Water Ads,False
pimred.cloud,,,False
pimster.app,,,False
pinatropical.com,,,False
pincamp.com,,,False
pincamp.de,,,False
pincamp.io,,,False
pingdom.net,Action Pixels;Analytics;Audience Measurement,Pingdom AB,False
pingone.com,,,False
pingone.eu,,,False
pinimg.com,CDN;Embedded Content;Social - Share,"Pinterest, Inc.",False
pinkbike.org,,,False
pinklion.io,,,False
pinocate.co,,,False
pinpoint-fips.us-east-1.amazonaws.com,CDN,"Amazon Technologies, Inc.",False
pinpoll.com,,,False
pinterest.com,CDN;Embedded Content;Social - Share,"Pinterest, Inc.",False
pinturaautomovel.com,,,False
pipdigz.co.uk,,,False
pipedrive.com,,,False
pipedriveassets.com,,,False
pipelabs-au.workers.dev,,,False
pipidroods.com,,,False
pipopay.com,,,False
pipopayment.us,,,False
pippio.com,Ad Motivated Tracking;Advertising,"LiveRamp Holdings, Inc.",True
piri.net,,Piri Medya,False
pirsch.io,,,False
pisano.com.tr,,,False
piscines-trevi.myshopify.com,Analytics;CDN;Embedded Content;Online Payment,Shopify Inc.,False
pistonheads.com,,CarGurus Inc.,False
pit21.s3.amazonaws.com,CDN,"Amazon Technologies, Inc.",False
pitai.io,,,False
pivotal.digital,,,False
piwik.pro,,Piwik PRO Sp. z o.o.,False
pix.pub,,MarketCast LLC,False
pixad.com.tr,,,False
pixartprinting.net,,,False
pixbing.com,,,False
pixboost.com,,,False
pixel-script-bucket-prod.s3.us-west-2.amazonaws.com,CDN,"Amazon Technologies, Inc.",False
pixel.ad,,"Centro, Inc.",False
pixelbin.io,,,False
pixelcut.app,,,False
pixelflow-5f2c02572bf1.herokuapp.com,CDN,"Salesforce.com, Inc.",False
pixelflow.so,,,False
pixelio.app,,,False
pixelpop.co,,Pixel Union,False
pixeltracker.co,,,False
pixfuture.com,,,False
pixhost.to,,,False
pixhot.top,,,False
pixi.eu,,The Descartes Systems Group Inc.,False
pixiloom.com,,,False
pixis.ai,,,False
pixlee.co,,,False
pixlee.com,,"Pixlee TurnTo, Inc.",False
pixlevents.com,,,False
pixshow.cc,,,False
pizzabakeren.com,,,False
pizzaedition.one,,,False
pizzahut.com.edgekey.net,,Akamai Technologies,False
pji.nu,,,False
pjstat.com,,,False
pkgames.org,,,False
pkimgs.com,,,False
pl.edgekey.net,,Akamai Technologies,False
placecube.com,,,False
placed.com,,"Foursquare Labs, Inc.",False
placehold.co,,,False
placeholder.com,,Quality Nonsense Ltd,False
placepuppy.net,,,False
places.googleapis.com,CDN;Embedded Content,Google LLC,False
pladmin.myshopify.com,Analytics;CDN;Embedded Content;Online Payment,Shopify Inc.,False
plaid.com,,Plaid Inc,False
plainsite.org,,Think Computer Corporation,False
planet-platform.s3.eu-central-1.amazonaws.com,CDN,"Amazon Technologies, Inc.",False
planetart.com,,,False
planetary.s3.amazonaws.com,CDN,"Amazon Technologies, Inc.",False
planetnine.com,,,False
planetradio.co.uk,,,False
planetsport.com,,,False
planhat.com,,,False
plannen.nl,,,False
plasmic.app,,,False
platenzaak-nl.myshopify.com,Analytics;CDN;Embedded Content;Online Payment,Shopify Inc.,False
platform-media.net,,,False
platform.next,,,False
platformocho.io,,,False
platformrijksoverheid.nl,,,False
platforum.cloud,,,False
plationline.ro,,,False
plattenite.com,,,False
plausible.io,,Plausible Analytics,False
plavxml.com,,,False
playa.to,,,False
playable.com,,,False
playbox-storage.b-cdn.net,CDN,BunnyCDN,False
playbox-videos.b-cdn.net,CDN,BunnyCDN,False
playboy-all-access.b-cdn.net,CDN,BunnyCDN,False
playboy-website.b-cdn.net,CDN,BunnyCDN,False
playboyclub.com,,,False
playbuzz.com,,EX.CO Technologies Ltd.,False
playdigo.com,,,False
playeasy.com,,,False
player.qualifioapp.com,,,False
playerapi.b-cdn.net,CDN,BunnyCDN,False
playergo.top,,,False
playerzz.xyz,,,False
playgama.com,,LeadToChanges L.L.C-FZ,False
playgame.zone,,,False
playgent.com,,,False
playground.xyz,Ad Motivated Tracking;Advertising;Analytics;Third-Party Analytics Marketing,PLAYGROUND XYZ,True
playhop.com,,Yandex LLC,False
playhubconnect.com,,,False
playlist-generator.com,,,False
playlists-sextant-strm.akamaized.net,CDN,Akamai Technologies,False
playmogo.com,,,False
playpickup.com,,,False
playsaurusstats.com,,,False
playshorts.io,,,False
playsobat.xyz,,,False
playstation.com.edgekey.net,,Akamai Technologies,False
playstation.com.edgesuite.net,CDN,Akamai Technologies,False
playstream.media,,,False
playwire.com,,Intergi Entertainment,False
playxxx.store,,,False
pledge.to,,,False
pleinaircdn.com,,,False
plenigo.com,,,False
plentymarkets.com,,,False
plerdy.com,,,False
plibcdn.com,,,False
pling.com,,,False
plista.com,,plista GmbH,False
pllcfiles.com,,,False
plnspttrs.net,,,False
plot.ly,,"Plotly, Inc",False
plrsrvcs.com,,Polar,False
plsgotoasg.com,,,False
plst237.s3.amazonaws.com,CDN,"Amazon Technologies, Inc.",False
plu.mx,,,False
plug.it,,ItaliaOnLine SpA,False
plugapp.jp,,,False
plugilo.com,,,False
plumspace.co,,,False
plural.place,,,False
pluscdn.pl,,,False
plusgrade.com,,Plusgrade US LLC,False
plussizecorp.com,,,False
plyr.io,,Sam Potts,False
plytix.com,,,False
pm-de.b-cdn.net,CDN,BunnyCDN,False
pm-serv.co,,,False
pm-srv-11.de,,,False
pmall.shop,,,False
pmbmonetize.live,,,False
pmc.com,,,False
pmdstatic.net,,PRISMA MEDIA,False
pmg.com,,,False
pmgstatic.com,,,False
pmlsound.com,,,False
pmnts.io,,,False
pmsrv.co,,,False
pmu.fr,,,False
pmur.org,,,False
pn.vg,,,False
pnc.com.edgekey.net,,Akamai Technologies,False
pncmc.com.edgekey.net,,Akamai Technologies,False
pndsn.com,,PubNub,False
pngtree.com,,上海千画网络科技有限公司,False
pnonolet.com,,,False
pnrcdn.com,,,False
pnstat.com,,,False
pnwisforadventure.com,,,False
po.st,Analytics;Audience Measurement;Badge;Embedded Content;Social - Comment;Social - Share;Third-Party Analytics Marketing,RhythmOne,False
poboxblocker.herokuapp.com,CDN,"Salesforce.com, Inc.",False
pocketdentistry.com,,,False
pocketlintimages.com,,,False
pocpoc.io,,,False
pocustrack.com,,,False
podbean.com,,,False
podcastcontents.com,,,False
podcastsearch.org,,,False
podcastswaves.com,,,False
podigee-cdn.net,,,False
podigee.io,,,False
podium-prod.s3.amazonaws.com,CDN,"Amazon Technologies, Inc.",False
podium.com,,,False
podiums.link,,,False
podname.com,,,False
podscribe.com,,,False
poecdn.com,,,False
poflix.com,,,False
pointandplace.com,,,False
pointmediatracker.com,,Bliss Point Media,False
pokemon-vortex.com,,,False
pokeratlas-images-production.s3.amazonaws.com,CDN,"Amazon Technologies, Inc.",False
pokerstarscasinous.com,,,False
poki-cdn.com,,,False
poki-gdn.com,,,False
poki.com,,,False
poki.io,,,False
polaranalytics.com,,,False
polarbearapps.com,,,False
polarbyte.com,,,False
polarcdn-engine.com,,Polar,False
polarcdn-pentos.com,,Polar,False
polarcdn-terrax.com,,Polar,False
polarcdn.com,,Polar,False
polaris.me,,,False
polarisindcms.com,,,False
polarismedia.no,,,False
polimorphic.com,,,False
poll-cdn.com,,,False
polldaddy.com,,"Automattic, Inc.",False
pollenapps.com,,,False
pollennieuws.nl,,,False
pollster.pl,,ZPR Media Group,False
polly.help,,,False
poloptrex.com,,,False
polskapress.pl,,,False
poly.ai,,,False
polyai.app,,,False
polyfill-fastly.io,,"Fastly, Inc.",False
polyfill-fastly.net,,,False
polyfill-js.cn,,,False
polyfill.io,,,False
polygonimages.com,,,False
polygraph.net,,,False
polymarket-upload.s3.us-east-2.amazonaws.com,CDN,"Amazon Technologies, Inc.",False
polymarket.com,,,False
polyspeak.ai,,,False
polyv.net,,,False
polywood-production.myshopify.com,Analytics;CDN;Embedded Content;Online Payment,Shopify Inc.,False
pon.bike,,,False
ponbike.com,,,False
pond5.com,,Pond5 Inc,False
pontiac.media,,,False
poolimages.azureedge.net,CDN,Microsoft Corporation,False
poool-subscribe.fr,,,False
poool.fr,,Ano Nymous,False
pop-convert.com,,,False
pop6serve.com,,,False
popcash.net,,One Media Ltd,False
poper.ai,,,False
popflex.myshopify.com,Analytics;CDN;Embedded Content;Online Payment,Shopify Inc.,False
popfly.com,,,False
popin.cc,,popIn Inc.,False
poplabscdn.com,,,False
poplarcoinsyeah.com,,,False
poplink.jp,,,False
popmechanic.ru,,,False
popmenu.com,,,False
popmonetizer.net,,,False
poppen.de,,,False
popplantation.com,,,False
poprtb.com,,,False
popt.in,,ecpm,False
popunderzone.com,,,False
popupmaker.com,,,False
popupsmart.com,,,False
popviking.com,,,False
porn00.org,,,False
porn123.tv,,,False
porn7.xxx,,,False
porncdns.com,,,False
pornfhd.com,,,False
porngamesverse.com,,,False
porngamesxl.com,,,False
pornhub.com,,Aylo,False
pornid.xxx,,,False
pornintellect.com,,,False
pornkx.com,,,False
pornohd.blue,,,False
pornoperso.com,,,False
pornosex.vip,,,False
pornsitemanager.com,,,False
porntrex.com,,,False
porsche.cloud,,,False
porsche.com.edgesuite.net,CDN,Akamai Technologies,False
porsche.digital,,,False
porsche.services,,,False
portal-assets.azureedge.net,CDN,Microsoft Corporation,False
portal101.cn,,"Beijing Sumi Times Technology Co., Ltd.",False
portals.care,,,False
portalspace.my,,,False
portofportland.com,,,False
poshdevelopment.com,,,False
positional-bucket.com,,,False
positivessl.com,,Sectigo Limited,False
possibleboats.com,,"Leven Labs, Inc. DBA Admiral",False
postaffiliatepro.com,,Quality Unit LLC,False
postcodeanywhere.co.uk,,Postcode Anywhere (Europe) Ltd,False
postescanada-canadapost.ca,,Canada Post Corporation,False
postestreamhub.net,,,False
posthog.com,,,False
postie.com,,,False
postimg.cc,,,False
postimgs.org,,,False
postindustria.com,,,False
postmedia.app,,,False
postmedia.digital,,Postmedia Network Inc.,False
postnl.nl,,Koninklijke PostNL B.V.,False
postpilot.com,,,False
postrelease.com,Ad Motivated Tracking;Advertising;Third-Party Analytics Marketing,"Nativo, Inc",True
postscript-mms-files.s3.amazonaws.com,CDN,"Amazon Technologies, Inc.",False
postscript.io,,,False
potionservices.com,,,False
poulpeo.io,,,False
poundingtherock.com,,,False
povcms.com,,,False
pow.io,,,False
powderguide.com,,,False
powdr-prod-1167561201.us-west-2.elb.amazonaws.com,CDN,"Amazon Technologies, Inc.",False
power-cdn.net,,,False
powerad.ai,,,False
powerapps.com,,,False
powerapps.us,,,False
powerbeans-ai.com,,,False
powerbi.com,,Microsoft Corporation,False
powerbigov.us,,,False
powered-by-creatortraffic.com,,,False
powered-by-nitrosell.com,,,False
powered-by-revidy.com,,,False
poweredbyhue.app,,,False
powerfulcopper.com,,"Leven Labs, Inc. DBA Admiral",False
powerinboxedge.com,,,False
powerkraut.tech,,,False
powerplatform.com,,,False
powerreviews.com,,"PowerReviews, Inc.",False
powerrobotflower.com,,,False
powerstarsbuilding.com,,,False
poweruptools.com,,,False
powl.io,,,False
powr.com,,,False
powr.io,,POWR Inc.,False
powr.tv,,,False
powrcdn.com,,,False
powster.com,,,False
poyopara.com,,,False
pp10.biz,,,False
ppcprotect.com,,PPC Protect,False
ppcsecure.com,,,False
ppke.hu,,,False
ppllstatics.com,,,False
ppstatic.pl,,,False
pqanr7dftrk.com,,,False
pr.co,,,False
pr24.ch,,,False
practicaldatacore.com,,,False
practo.com.edgesuite.net,CDN,Akamai Technologies,False
practostatic.com,,Naabo Solutions Pvt. Ltd.,False
prada.com,,Prada Spa,False
prada.com.edgekey.net,,Akamai Technologies,False
pragmaticplay.net,,,False
prairiemountainmedia.com,,,False
prandolisto.com,,,False
pranmcpkx.com,,,False
prasinemanxman.com,,,False
pravatar.cc,,,False
prcdn.co,,,False
prcmnovel-tokyo-prod.web.app,,Google LLC,False
prd-edge-gw-alb-1621117726.us-west-2.elb.amazonaws.com,CDN,"Amazon Technologies, Inc.",False
prd-guccidigital-dual.edgekey.net,,Akamai Technologies,False
prd-magnolia-public-lb-307311259.us-west-2.elb.amazonaws.com,CDN,"Amazon Technologies, Inc.",False
prdct.nl,,,False
prdg.io,,,False
prdgsvc.com,,,False
prdredir.com,,,False
prebid.cloud,,,False
prebid.org,,Prebid.org,False
prebidjj.b-cdn.net,CDN,BunnyCDN,False
prebidmanager.com,,,False
prebidpublir.com,,,False
prebrid.tv,,,False
precis-shopify-companion.workers.dev,,,False
preciso.net,,,False
predictiveresponse.net,,,False
prediggo.io,,,False
preezie.com,,,False
preezie.io,,,False
preeziecdn.azureedge.net,CDN,Microsoft Corporation,False
prefecturesuggestions.com,,,False
preference-center.com,,,False
preferencecentral.com,,,False
preferencenail.com,,,False
prefixbox.com,,,False
prehook.com,,,False
premicloud.net,,,False
premiercontactpoint.com,,,False
premierhealth.azureedge.net,CDN,Microsoft Corporation,False
premierinnapi.com.edgekey.net,,Akamai Technologies,False
premio.io,,,False
premion.com,,,False
premiumads.com.br,,,False
premiumread.com,,,False
premiumvertising.com,,,False
prensaiberica.es,,,False
prensaiberica.map.fastly.net,Action Pixels;Ad Motivated Tracking;Advertising;Analytics;CDN;Embedded Content;Session Replay;Third-Party Analytics Marketing,"Fastly, Inc.",True
preordernowapp.com,,,False
prepareplanes.com,,"Leven Labs, Inc. DBA Admiral",False
preply.com,,,False
prepr.io,,,False
preproduct.io,,,False
preproduct.onrender.com,,,False
presage.io,,Ogury Limited,False
presonus-us-prd.myshopify.com,Analytics;CDN;Embedded Content;Online Payment,Shopify Inc.,False
pressboard.ca,,,False
presscloud.com,,,False
presscommtech.com,,,False
pressganey.com,,,False
pressherald.com,,"MaineToday Media, Inc.",False
pressidium.com,,TechIO Ltd,False
pressidiumcdn.com,,,False
presslabs.net,,,False
presspage.com,,PressPage,False
presspatron.com,,,False
prestashop3.com,,,False
presto-changeo.com,,,False
prestonco.art,,,False
pretected.com,,,False
prettylittlething.com,,PRETTYLITTLETHING.COM LTD,False
preventize.com,,,False
preview-kly.akamaized.net,CDN,Akamai Technologies,False
prezenapps.com,,,False
prezly.com,,,False
prfct.cc,,,False
priceline.com,,Priceline.com LLC,False
priceme.com,,,False
pricerunner.com,,Pricerunner International AB,False
pricespider.com,,"PriceSpider (NeuIntel, LLC)",False
pricklydebt.com,,"Leven Labs, Inc. DBA Admiral",False
primacdn.cz,,,False
primainfanzia.it,,Gate 11 srl,False
primark.com.edgekey.net,,Akamai Technologies,False
primary.codes,,,False
primarykids.myshopify.com,Analytics;CDN;Embedded Content;Online Payment,Shopify Inc.,False
primead.jp,,All About Inc.,False
primeai.co.uk,,,False
primeai1.org,,,False
primeai2.org,,,False
primeai5.co.uk,,,False
primeai6.co.uk,,,False
primecaster.net,,SecureCore,False
primehealthcare.com,,,False
primis.tech,,McCann Disciplines Ltd.,False
princess.com.edgekey.net,,Akamai Technologies,False
princessbutikken.b-cdn.net,CDN,BunnyCDN,False
printables.com,,,False
printfriendly.com,,,False
printful.com,,Printful Inc.,False
priority-bicycles-2.myshopify.com,Analytics;CDN;Embedded Content;Online Payment,Shopify Inc.,False
prisa-us-eu.map.fastly.net,Action Pixels;Ad Motivated Tracking;Advertising;Analytics;CDN;Embedded Content;Session Replay;Third-Party Analytics Marketing,"Fastly, Inc.",True
prisa.com,,,False
prisacom.com,,,False
prisamedia.com,,,False
prisasd.com,,,False
prisjakt.no,,Schibsted Media Group,False
prismamediadigital.com,,PRISMA MEDIA,False
prismancy.com,,,False
prismic-io.s3.amazonaws.com,CDN,"Amazon Technologies, Inc.",False
prismic.io,,Prismic.io Inc.,False
priv.center,,,False
privacy-center.org,,Didomi,False
privacy-mgmt.com,Consent Management Platform,Sourcepoint Technologies Inc,False
privacyguidesforum.b-cdn.net,CDN,BunnyCDN,False
privacyguidesusercontent.com,,,False
privacymanager.io,Consent Management Platform,"LiveRamp Holdings, Inc.",False
privacypolicies.com,,,False
private55.com,,,False
privatehost.com,,,False
privy.com,,,False
privy.io,,,False
privymktg.com,,,False
prmutv.co,,"Permutive, Inc.",False
prnewswire.com,,PR Newswire Association LLC,False
prny.uno,,,False
pro-assets-cdn.azureedge.net,CDN,Microsoft Corporation,False
pro-lcsc-wm-sentry-387766503.eu-central-1.elb.amazonaws.com,CDN,"Amazon Technologies, Inc.",False
pro-market.net,Ad Motivated Tracking;Advertising;Audience Measurement,Almondnet Group,True
probikeshop-fr.myshopify.com,Analytics;CDN;Embedded Content;Online Payment,Shopify Inc.,False
probo.biz,,,False
processedlizardadjoining.com,,,False
processonepayments.com,,,False
processwebsitedata.com,,,False
prod-02-funda.edgesuite.net,CDN,Akamai Technologies,False
prod-1606312361.us-east-1.elb.amazonaws.com,CDN,"Amazon Technologies, Inc.",False
prod-adenty-proxy-api.azurewebsites.net,CDN,Microsoft Corporation,False
prod-amg-proxy-connext.azurewebsites.net,CDN,Microsoft Corporation,False
prod-api-alb-561571147.us-east-1.elb.amazonaws.com,CDN,"Amazon Technologies, Inc.",False
prod-apigee-alb-1283653329.us-west-2.elb.amazonaws.com,CDN,"Amazon Technologies, Inc.",False
prod-app-external-1322995698.us-east-1.elb.amazonaws.com,CDN,"Amazon Technologies, Inc.",False
prod-appli-1fjs5iwnf9qix-738515653.eu-west-1.elb.amazonaws.com,CDN,"Amazon Technologies, Inc.",False
prod-capi-alb-1931846540.us-east-1.elb.amazonaws.com,CDN,"Amazon Technologies, Inc.",False
prod-carpenter-proxy-connext.azurewebsites.net,CDN,Microsoft Corporation,False
prod-cg-snowplow-alb-405123626.us-east-1.elb.amazonaws.com,CDN,"Amazon Technologies, Inc.",False
prod-chatwoot-assets.s3.amazonaws.com,CDN,"Amazon Technologies, Inc.",False
prod-client-logs.trafficmanager.net,CDN,Microsoft Corporation,False
prod-collectorshub.myshopify.com,Analytics;CDN;Embedded Content;Online Payment,Shopify Inc.,False
prod-contxt-api-app-service.azurewebsites.net,CDN,Microsoft Corporation,False
prod-cx-web-external-331217482.us-east-1.elb.amazonaws.com,CDN,"Amazon Technologies, Inc.",False
prod-dot-carussel-dwt.appspot.com,CDN,Google LLC,False
prod-eks-channels.edgekey.net,,Akamai Technologies,False
prod-estore-frontend-api-alb-981136153.us-west-2.elb.amazonaws.com,CDN,"Amazon Technologies, Inc.",False
prod-f-loadb-amxpofqw9eut-118880920.us-west-2.elb.amazonaws.com,CDN,"Amazon Technologies, Inc.",False
prod-grants-gov-chatbot.s3.amazonaws.com,CDN,"Amazon Technologies, Inc.",False
prod-hiver-chatwoot.s3.us-west-2.amazonaws.com,CDN,"Amazon Technologies, Inc.",False
prod-idws.s3.amazonaws.com,CDN,"Amazon Technologies, Inc.",False
prod-jbhifi-nz.myshopify.com,Analytics;CDN;Embedded Content;Online Payment,Shopify Inc.,False
prod-jbhifi.myshopify.com,Analytics;CDN;Embedded Content;Online Payment,Shopify Inc.,False
prod-lb-10-490190718.us-east-1.elb.amazonaws.com,CDN,"Amazon Technologies, Inc.",False
prod-lb-8-1772099769.us-east-1.elb.amazonaws.com,CDN,"Amazon Technologies, Inc.",False
prod-lb-9-1476932994.us-east-1.elb.amazonaws.com,CDN,"Amazon Technologies, Inc.",False
prod-lb-external-1064237226.eu-north-1.elb.amazonaws.com,CDN,"Amazon Technologies, Inc.",False
prod-main-traefikslow-alb-561762344.us-east-1.elb.amazonaws.com,CDN,"Amazon Technologies, Inc.",False
prod-metrics-access360-1-246999391.us-east-1.elb.amazonaws.com,CDN,"Amazon Technologies, Inc.",False
prod-nelfo-chatapp.azurewebsites.net,CDN,Microsoft Corporation,False
prod-pmo-cdn-m1.azureedge.net,CDN,Microsoft Corporation,False
prod-recommend-bol-zeta-lb-2114458905.ap-northeast-1.elb.amazonaws.com,CDN,"Amazon Technologies, Inc.",False
prod-review-journal-proxy-connext.azurewebsites.net,CDN,Microsoft Corporation,False
prod-reviewshake.s3.us-west-2.amazonaws.com,CDN,"Amazon Technologies, Inc.",False
prod-royalgazette-proxy-connext.azurewebsites.net,CDN,Microsoft Corporation,False
prod-sgtm-app-45409468.us-west-2.elb.amazonaws.com,CDN,"Amazon Technologies, Inc.",False
prod-shopify-etl.herokuapp.com,CDN,"Salesforce.com, Inc.",False
prod-streaming-video-msn-com.akamaized.net,CDN,Akamai Technologies,False
prod-timesnews-proxy-connext.azurewebsites.net,CDN,Microsoft Corporation,False
prod-us-druid-hs-cdn.azureedge.net,CDN,Microsoft Corporation,False
prod-va-gov-assets.s3-us-gov-west-1.amazonaws.com,CDN,"Amazon Technologies, Inc.",False
prod-wtai-bff-1392154290.us-west-2.elb.amazonaws.com,CDN,"Amazon Technologies, Inc.",False
prod-yupptv-com-alb-1064237231.us-east-1.elb.amazonaws.com,CDN,"Amazon Technologies, Inc.",False
prodmp.ru,,,False
prodregistryv2.org,,,False
produc-webal-ccyjfulpgimt-1986772190.us-east-1.elb.amazonaws.com,CDN,"Amazon Technologies, Inc.",False
product-samples.herokuapp.com,CDN,"Salesforce.com, Inc.",False
productcustomizer.com,,,False
productessentials.app,,,False
productgenius.io,,,False
producthunt.com,,,False
production-blocker-bucket.s3.amazonaws.com,CDN,"Amazon Technologies, Inc.",False
production-core-onnsxgivka-ts.a.run.app,,Google LLC,False
production-edulla-bot-interface.s3.amazonaws.com,CDN,"Amazon Technologies, Inc.",False
production-evvnt-plugin-herokuapp-com.global.ssl.fastly.net,Action Pixels;Ad Motivated Tracking;Advertising;Analytics;CDN;Embedded Content;Session Replay;Third-Party Analytics Marketing,"Fastly, Inc.",True
production-load-balancer-2083346791.us-east-1.elb.amazonaws.com,CDN,"Amazon Technologies, Inc.",False
production-public-nt-alb-350289065.eu-central-1.elb.amazonaws.com,CDN,"Amazon Technologies, Inc.",False
productreview.com.au,,ProductReview.com.au Pty Ltd,False
productserve.com,,,False
produefacom.edgekey.net,,Akamai Technologies,False
prodweb-697392043.us-east-1.elb.amazonaws.com,CDN,"Amazon Technologies, Inc.",False
professional-services.workers.dev,,,False
proff.systems,,,False
proffsmagasinet.se,,,False
profile-platform-distributor-qi2yta3k2a-ez.a.run.app,,Google LLC,False
profitablebutton.com,,,False
profitablecpmratenetwork.com,,,False
profitabledisplaycontent.com,,,False
profitmetrics.io,,,False
profitpeak.io,,,False
profitsence.com,,,False
profitwell.com,,,False
profity.ch,,,False
profityi.com,,,False
proflowers.com.edgekey.net,,Akamai Technologies,False
profootballrumors.b-cdn.net,CDN,BunnyCDN,False
profusesupport.com,,"Leven Labs, Inc. DBA Admiral",False
profy-assets.pages.dev,,,False
progmxs.com,,Programmatic Mechanics,False
programatik.email,,,False
programattik.com,,,False
programiz.b-cdn.net,CDN,BunnyCDN,False
programmatica.com,,,False
programmaticx.ai,,,False
progressier.app,,,False
progressier.com,,,False
progressive.com,,The Progressive Corporation,False
progrtb.com,,,False
proguscommerce.com,,,False
prohockeyrumors.b-cdn.net,CDN,BunnyCDN,False
project1content.com,,,False
project1service.com,,,False
projecta.cloud,,,False
projectagora-adtag-library.com,,,False
projectagoraservices.com,,,False
projectkuiper.amazon,,,False
projectxxl.nl,,,False
prokom.no,,,False
prokomcdn.no,,,False
prolitteris.ch,,,False
prolocation.net,,,False
promeai.pro,,,False
promedia.com,,,False
promediaspace.my,,,False
promediateknologi.id,,,False
promedica.app,,,False
promegaconnections.com,,,False
promethean-action.ghost.io,,,False
prometheusintelligencetechnology.com,,,False
prommt.com,,,False
promod.com,,,False
promofarma.com,,,False
promofeatures.org,,,False
promolayer-images.b-cdn.net,CDN,BunnyCDN,False
promolayer.io,,,False
promopirates.com,,,False
promotekit.com,,,False
promotionx.io,,Uniqodo Limited,False
promptmonitor.io,,,False
promptwatch.com,,,False
prontomowers.app,,,False
proofapi.com,,,False
prooffactor.com,,,False
proofpoint.com,,"Proofpoint, Inc.",False
propainbikes.workers.dev,,,False
propensity-abm.com,,,False
propensity.com,,,False
proper.io,,Proper Media,False
properlycooked.com,,,False
properstar.com,,,False
propfuel.com,,,False
proplanta.de,,,False
propsid.b-cdn.net,CDN,BunnyCDN,False
prosopo.io,,,False
prospect2.com,,,False
prospectdesk.ai,,,False
prospective.ch,,,False
prospershave.com,,,False
prosuro-dev-merchant-demo.myshopify.com,Analytics;CDN;Embedded Content;Online Payment,Shopify Inc.,False
protagcdn.com,,,False
protechts.net,,"Human Security, Inc.",False
protecmedia.com,,,False
protectsubrev.com,,,False
proteusdigitallab.com,,,False
protoawe.com,,DOCLER IP S.A R.L.,False
protoawegw.com,,,False
protocol.length%29%7d,,,False
protomaps.com,,,False
protomer.com,,,False
protondb.pages.dev,,,False
protonweb.com,,,False
protopchoice.com,,,False
protoroundprince.com,,,False
protrafficinspector.com,,,False
proudcity.com,,,False
provely.io,,,False
provenexpert.com,,Expert Systems AG,False
provenexpert.net,,,False
provenpixel.com,,,False
provesrc.com,,,False
provhealth.org,,,False
providesupport.com,,Provide Support LLC,False
prowoodcrafts.com,,,False
prowriting.azureedge.net,CDN,Microsoft Corporation,False
proxena.com,,,False
proxima.ai,,,False
proximis.com,,Butterflyedition,False
proxy-express-scripts-prod-957532894.us-east-1.elb.amazonaws.com,CDN,"Amazon Technologies, Inc.",False
proxy-mycigna-prod-678433465.us-east-1.elb.amazonaws.com,CDN,"Amazon Technologies, Inc.",False
proxy-uni-login-cigna-prod-1630199742.us-east-1.elb.amazonaws.com,CDN,"Amazon Technologies, Inc.",False
proxyhog.com,,,False
prscripts.com,,,False
prsrvy.com,,"Prodege, LLC",False
prx.org,,,False
przone.net,,,False
ps-aws.com,,,False
ps0z.com,,,False
pscrb.fm,,,False
psdops.com,,,False
psim.us,,,False
psmcdn.net,,,False
psmcode.com,,,False
psplugin.com,,Vergic AB,False
psracerun.com,,,False
pst.tech,,,False
pstatic.gr,,,False
pstatic.net,,Naver Corporation,False
pstatic.net.edgesuite.net,CDN,Akamai Technologies,False
psvm.co,,,False
psychologies.co.uk,,,False
psyma.com,,Psyma Group AG,False
pszn.cz,,,False
pta-channel.de,,,False
ptadsrv.de,,,False
ptcdw.com,,,False
ptcgpocket.gg,,,False
ptecha.io,,,False
ptengine.com,,PTMIND INC.,False
ptengine.jp,,PTMIND INC.,False
ptimgs.com,,,False
ptp-tracking.de,,,False
ptwmemd.com,,,False
ptwmstcnt.com,,,False
puabvo.com,,,False
pub.network,,"Publisher First, Inc. dba Freestar",False
pubadx.one,,,False
pubble.cloud,,,False
pubble.nl,,,False
pubcircle.ai,,,False
pubexchange.com,,,False
pubfluencers.com,,,False
pubfuture-ad.com,,,False
pubfuture.com,,,False
pubgen.ai,,,False
pubgen.org,,,False
pubguru.net,,,False
public-api-dot-republic-world-prod.el.r.appspot.com,CDN,Google LLC,False
public-assets-pressexpress.s3.amazonaws.com,CDN,"Amazon Technologies, Inc.",False
public-load-balancer-491510306.us-west-2.elb.amazonaws.com,CDN,"Amazon Technologies, Inc.",False
public-post-items.s3.amazonaws.com,CDN,"Amazon Technologies, Inc.",False
publica-ctv.com,,"Integral Ad Science, Inc.",False
publicbroadcasting.net,,"National Public Radio, Inc.",False
publicgood.com,,"Public Good Software, Inc.",False
publicidees.com,,,False
publicpagesstatic2resourceslivefrontiers.azureedge.net,CDN,Microsoft Corporation,False
publicradio.org,,Minnesota Public Radio,False
publicsquare.com,,,False
publir.com,,Publir,False
publish-gateway.akamaized.net,CDN,Akamai Technologies,False
publish-p135570-e1349871.adobeaemcloud.com,,,False
publish-p89503-e776635.adobeaemcloud.com,,,False
publisher1st.com,,,False
publisherdesk.com,,,False
publishr.ch,,,False
publishstory.co,,,False
publit.io,,,False
publitas.com,,Publitas.com B.V.,False
publive.online,,,False
publive.s3.ap-south-1.amazonaws.com,CDN,"Amazon Technologies, Inc.",False
publixcdn.com,,,False
publize.net,,,False
publizer.de,,,False
publyc.com,,,False
publytics.net,,,False
pubmatic.com,Ad Fraud;Ad Motivated Tracking;Advertising;Analytics;Audience Measurement;Third-Party Analytics Marketing,"PubMatic, Inc.",True
pubmine.com,,"Automattic, Inc.",False
pubnation.com,Ad Fraud;Ad Motivated Tracking;Advertising;Analytics;Audience Measurement;Third-Party Analytics Marketing,OpenX Technologies Inc,True
pubnub.com,,PubNub,False
pubonline.ch,,,False
pubperf.com,,,False
pubportal.io,,,False
pubpowerplatform.io,,,False
pubtagmanager.com,,,False
pubtailer.com,,,False
pubtech.ai,,,False
pubtm.com,,,False
pubwise.io,,,False
pubxtags.com,,,False
puffin.io,,,False
pufted.com,,,False
puggle.xyz,,,False
puldhukelpmet.com,,,False
pulpoar.com,,,False
pulsatingmeadow.com,,,False
pulse.is,,,False
pulse1studyportal.com,,,False
pulsecdn.com,,,False
pulseinsights.com,,Jeremy Bieger,False
pulselive.com,,Sony Corporation,False
pulsembed.eu,,,False
pulsepoint.org,,,False
pulseresearch.com,,,False
pulsmediacdn.com,,,False
pumpsoul.com,,,False
pumpworld.com,,,False
punchh.com,,"Punchh, INC.",False
punchmedia.ru,,,False
punchout2go.com,,,False
punchoutexpress.com,,,False
punktch.myshopify.com,Analytics;CDN;Embedded Content;Online Payment,Shopify Inc.,False
punsinfinity.com,,,False
puntcdn.com,,,False
puppyderisiverear.com,,,False
pur-pass.net,,,False
pur.agency,,,False
pure.cloud,,"Genesys Telecommunications Laboratories, Inc.",False
purecars.com,,,False
purecatamphetamine.github.io,CDN;Non-Tracking,"GitHub, Inc.",False
purechat.com,,,False
purechatcdn.com,,,False
puremoto.com,,,False
purevpn-tools.com,,,False
purlin.ai,,,False
purpledotprice.com,,,False
purpledshub.com,,DuMont Next Medien GmbH & Co. KG,False
purplemanager.com,,,False
purplewave.s3.amazonaws.com,CDN,"Amazon Technologies, Inc.",False
pusedwm.com,,,False
push-ad.com,,,False
push-api.pl,,,False
push-sdk.com,,,False
push-sdk.net,,,False
push.delivery,,,False
push4site.com,,LLC LOOK GIFT,False
pushaddict.com,,,False
pushalert.co,,,False
pushcreative.com.au,,,False
pushcrew.com,Advertising;Analytics;Audience Measurement;Third-Party Analytics Marketing,Wingify,True
pushdom.co,,,False
pushengage.com,,Ravi Trivedi,False
pusher.com,,Pusher Ltd,False
pusherapp.com,,,False
pushio.com,,,False
pushlapgrowth.com,,,False
pushloop.io,,,False
pushmaster-cdn.xyz,,,False
pushnami.com,,"Pushnami, LLC",False
pushowl.com,,Shashank Kumar,False
pushpad.xyz,,AbstractBrain srls,False
pushpanda.io,,,False
pushplanet.com,,,False
pushpushgo.com,,PushPushGo Sp. z o. o.,False
pushub.net,,,False
pushwoosh.com,,Arello Mobile,False
puzmo.azureedge.net,CDN,Microsoft Corporation,False
puzzel.com,,,False
puzzles-mobile.com,,,False
puzzmo-api.onrender.com,,,False
pvc-app.herokuapp.com,CDN,"Salesforce.com, Inc.",False
pvdbkr.com,,,False
pvdpix.com,,,False
pwc.com.edgekey.net,,Akamai Technologies,False
pweapons.com,,,False
pwsdk.com,,,False
pwzcdn.com,,,False
pwztag.com,,,False
px-cdn.net,Fraud Prevention,"Human Security, Inc.",False
px-client.net,,"Human Security, Inc.",False
px-cloud.net,Fraud Prevention,"Human Security, Inc.",False
pxaction.com,,,False
pxchk.net,,,False
pxf.io,,Impact,False
pximg.net,,,False
pxl.host,,,False
pxlclnmdecom-a.akamaihd.net,CDN,Akamai Technologies,False
pxlecdn.com,,,False
pxlrtpge-a.akamaihd.net,CDN,Akamai Technologies,False
pxlscout.com,,,False
pxltag.com,,,False
pxltgr.com,,"Human Security, Inc.",False
pxr.nl,,,False
pxu.co,,,False
pxucdn.com,,,False
pymx5.com,,,False
pype.tech,,,False
pypestream.com,,,False
python.map.fastly.net,Action Pixels;Ad Motivated Tracking;Advertising;Analytics;CDN;Embedded Content;Session Replay;Third-Party Analytics Marketing,"Fastly, Inc.",True
pythonanywhere.com,,PythonAnywhere LLP,False
pzapi-kg.com,,,False
pzapi-nb.com,,,False
pzz.events,,Kizitos Holding B.V.,False
pzz.io,,Kizitos Holding B.V.,False
q-bid.ru,,,False
q-park-online-prod.azureedge.net,CDN,Microsoft Corporation,False
q0losid.com,,,False
q13fox.com,,Tribune Media Company,False
q2s15.com,,,False
q4app.com,,,False
q4cdn.com,,,False
q4inc.com,,,False
q4web.com,,Q4 Inc.,False
qanda.eu,,,False
qantas.com.edgekey.net,,Akamai Technologies,False
qantasloyalty.com.edgekey.net,,Akamai Technologies,False
qao.ch,,,False
qare.tech,,,False
qbo2szi.com,,,False
qbox.me,,上海七牛信息技术有限公司,False
qbp.com,,,False
qbrick.com,,IP-Only Qbrick AB,False
qcloud.com,,Tencent Holdings Ltd.,False
qcloudcdn.com,,,False
qcloudteo.com,,,False
qcloudwzgj.com,,,False
qdqmedia.com,,,False
qeeq.com.edgekey.net,,Akamai Technologies,False
qflm.net,,,False
qfonts.b-cdn.net,CDN,BunnyCDN,False
qgov.net.au,,Queensland Government,False
qgr.ph,,"Appier Group, Inc.",False
qgraph.io,,"Appier Group, Inc.",False
qhimg.com,,Qihoo 360 Technology Co. Ltd.,False
qhit.net,,,False
qhonline.com.au,,,False
qhres2.com,,,False
qianxun.com,,,False
qicons.b-cdn.net,CDN,BunnyCDN,False
qidian.com,,Tencent Holdings Ltd.,False
qiki.com.au,,,False
qikify.com,,,False
qinglanbaseanycast.com,,,False
qinglanbaseunicast.com,,,False
qiniudns.com,,,False
qiota.com,,,False
qipservices.com,,,False
qksrv.net,,Conversant LLC,False
qliro.com,,,False
qlitics.com,,Quintype Inc,False
qmi.edgekey.net,,Akamai Technologies,False
qnp16tstw.com,,,False
qntv.io,,,False
qoijertneio.com,,The Adult Company,False
qoo-img.com,,,False
qooapp.io,,,False
qortex.ai,,,False
qovani.com,,,False
qpilot-shopify-widget.pages.dev,,,False
qpilot.cloud,,,False
qprod2.net,,,False
qq.com,,Tencent Holdings Ltd.,False
qrcodegeneratorhub.com,,,False
qrcodesunlimited.com,,,False
qrserver.com,,,False
qrzcq.net,,,False
qsc.com,,"QSC Audio Products, LLC",False
qscripts.s3.amazonaws.com,CDN,"Amazon Technologies, Inc.",False
qsearch-a.akamaihd.net,CDN,Akamai Technologies,False
qsr.cloud,,"QSR Automations, Inc.",False
qtarget.tech,,,False
qtxasset.com,,Questex LLC,False
quadpay.com,,"Zip Co US, Inc.",False
quadran.eu,,Quadran,False
qualaroo.com,Analytics;Audience Measurement;Embedded Content;Session Replay;Third-Party Analytics Marketing,Qualaroo,False
qualia.id,,,False
qualibooth.com,,,False
qualif.io,,,False
qualified.com,,,False
qualifio.com,,Qualifio SPRL,False
qualifywizard.com,,,False
qualimero.com,,,False
qualitrol.com,,,False
qualtive.io,,,False
qualtrics.com,Analytics;Audience Measurement;Embedded Content;Session Replay;Third-Party Analytics Marketing,"Silver Lake Technology Management, L.L.C.",False
qualtrics.com.edgekey.net,,Akamai Technologies,False
quant.jp,,"QUANT, Inc.",False
quantcast.com,,Quantcast Corporation,False
quantcount.com,,Quantcast Corporation,False
quanticfy.io,,,False
quantifire.co.uk,,,False
quantity-breaks-now.herokuapp.com,CDN,"Salesforce.com, Inc.",False
quantserve.com,Ad Motivated Tracking;Advertising;Analytics;Audience Measurement;Third-Party Analytics Marketing,Quantcast Corporation,True
quantum-ingest-production-770847698.us-east-1.elb.amazonaws.com,CDN,"Amazon Technologies, Inc.",False
quantumdex.io,,APAC Digital Exchange,False
quantummetric.com,,Quantum Metric Inc.,False
quarticon.com,,DOMENY.PL sp. z o.o,False
qub.ca,,,False
quebecor.com,,,False
quebecormedia.com,,Quebecor Media Inc.,False
quebecormedia2.edgekey.net,,Akamai Technologies,False
queen.one,,,False
queerty-wp.b-cdn.net,CDN,BunnyCDN,False
queniuaa.com,,,False
queniubg.com,,,False
queniubi.com,,,False
queniumf.com,,,False
queryly.com,,Queryly LLC,False
questduo.com,,,False
questionpro.com,,QuestionPro Inc,False
questvert.pl,,,False
queue-fair.net,,,False
queue-it.net,,Queue-it Inc.,False
quevisiterenfrance.com,,,False
quge5.com,,,False
quic.map.fastly.net,Action Pixels;Ad Motivated Tracking;Advertising;Analytics;CDN;Embedded Content;Session Replay;Third-Party Analytics Marketing,"Fastly, Inc.",True
quickbooksconnect.com,,,False
quickcep.com,,,False
quickfire-digital.workers.dev,,,False
quicksearchui.com,,,False
quickspark.com,,,False
quickstart-da630b51.myshopify.com,Analytics;CDN;Embedded Content;Online Payment,Shopify Inc.,False
quicktext.im,,,False
quietknowledge.com,,"Leven Labs, Inc. DBA Admiral",False
quietlythough.com,,,False
quikly.com,,,False
quilljs.com,,,False
quiltster.com,,,False
quince-events.com,,,False
quincymedia.com,,,False
quinengine.com,,,False
quinn-prod.herokuapp.com,CDN,"Salesforce.com, Inc.",False
quinnipiac.edu,,,False
quinta.tools,,,False
quiq-api.com,,,False
quiq-cdn.com,,,False
quivers.com,,"Quivers International, Inc.",False
quixova.com,,,False
quizdaily.com,,,False
quizzicalrun.com,,,False
qumath.in,,,False
qumucloud.com,,Qumu,False
qunis.ru,,,False
quora.com,Advertising;Analytics;Embedded Content;Social - Comment;Social - Share;Social Network,Quora,True
quorum.works,,,False
quotemedia.com,,,False
quoteninja.com,,,False
quotidiano.net,,Monrif Net S.p.A.,False
qvc.com.edgekey.net,,Akamai Technologies,False
qvcemail.com,,,False
qwant.com,,Qwant SAS,False
qwerty24.net,,,False
qwiklabs.com,,,False
qwtag.com,,,False
qzzzzzzzzzqq.com,,,False
r-ad.ne.jp,,,False
r-adimg.com.edgekey.net,,Akamai Technologies,False
r10s.jp,,"Rakuten, Inc.",False
r2.dev,,,False
r2b2.cz,,,False
r2b2.io,,,False
r2g.click,,,False
r2net.com,,,False
r34-cdn.pages.dev,,,False
r4-ym-uploads.s3-us-west-2.amazonaws.com,CDN,"Amazon Technologies, Inc.",False
r42tag.com,,Relay42 Technology B.V.,False
r4u.be,,,False
r66net.com,,VIDEOSTEP NV,False
r66net.net,,,False
r7.com.edgekey.net,,Akamai Technologies,False
r9cdn.net,,KAYAK SOFTWARE CORPORATION,False
r9x.in,,,False
raaslab-analytics.com,,,False
rabbitloader.xyz,,,False
rabbitrifle.com,,"Leven Labs, Inc. DBA Admiral",False
rabbits.webcam,,,False
rabitsfan.com,,,False
rabobank.com,,,False
raceusid.com,,,False
rackcdn.com,Analytics;CDN,"Rackspace US, Inc.",False
rackcdn.io,,,False
rackforstorage.com,,,False
rackwarehouse.myshopify.com,Analytics;CDN;Embedded Content;Online Payment,Shopify Inc.,False
radancy.net,,,False
radar.com,,,False
radar.io,,"Radar Labs, Inc.",False
radcliffe-harvard-edu-prod.s3.amazonaws.com,CDN,"Amazon Technologies, Inc.",False
radial.com,,Radial Inc,False
radian-weapons-strapi-production.s3.us-east-2.amazonaws.com,CDN,"Amazon Technologies, Inc.",False
radiantdigital.com,,,False
radiantmediatechs.com,,Radiant Media Player EURL,False
radiateprose.com,,"Leven Labs, Inc. DBA Admiral",False
radio-canada.ca,,Canadian Broadcasting Corporation,False
radio-reveil.net,,,False
radio.co,,,False
radioafrica.digital,,,False
radiobase.org,,,False
radioless.com,,,False
radioplayer.cloud,,,False
radiosalina.com,,,False
radissonhotels.net,,,False
radius.video,,,False
radwarecloud.net,,,False
raek.net,,,False
raengine.com,,,False
raffle.ai,,,False
rageagainstthesoap.com,,,False
raidrush.ws,,,False
railway.app,,,False
rain-staging.com,,,False
rainlocal.com,,,False
rainmk.com,,,False
rainpos.com,,,False
raisenow.io,,,False
raisethemoney.com,,,False
raisingcanesgear.com,,,False
rajapaito.app,,,False
rajapaito.ink,,,False
rajatravel.online,,,False
rakanto.com,,,False
rakuten.co.jp,,"Rakuten, Inc.",False
rakuten.com,,"Rakuten, Inc.",False
rakuten.com.edgekey.net,,Akamai Technologies,False
rakuten.edgekey.net,,Akamai Technologies,False
rakutenadvertising.io,,,False
rakutentvslu.map.fastly.net,Action Pixels;Ad Motivated Tracking;Advertising;Analytics;CDN;Embedded Content;Session Replay;Third-Party Analytics Marketing,"Fastly, Inc.",True
rallytrck.website,,,False
rambla.be,,,False
rambler.ru,Ad Motivated Tracking;Advertising;Analytics;Third-Party Analytics Marketing,"Rambler Internet Holding, LLC",True
rampanel.com,,Research and Analysis of Media in Sweden AB,False
ramsalt.com,,,False
ramsey4gov.com,,,False
ramseysolutions.com,,,False
ramseysolutions.net,,"Lampo Licensing, LLC",False
ramtrucks.com,,Fiat Chrysler Automobiles,False
randemretail.online,,,False
randisphotos.com,,,False
randomhouse.com,,Random House IT,False
randomlocker.com,,,False
randomuser.me,,,False
rangergustav.com,,,False
rantion-admin.com,,,False
rapala.eu,,,False
rapbeh.vip,,,False
rapid-efirstbank-com-653218151.us-west-1.elb.amazonaws.com,CDN,"Amazon Technologies, Inc.",False
rapidapi.com,,,False
rapidedge.io,,,False
rapidfilehost.com,,,False
rapidfire.cc,,,False
rapidgator.net,,,False
rapidlercdn.com,,,False
rapidscansecure.com,,"Aperia Solutions, Inc.",False
rapidsearch.app,,,False
rapidsearch.dev,,,False
rapidspike.com,,,False
raptive.com,,,False
raptivecdn.com,,,False
raptor.digital,,,False
raptorstatic.com,,,False
raptorsupplies.com.sg,,,False
raqn-web-static.azureedge.net,CDN,Microsoft Corporation,False
raqn.io,,,False
rarelypunenhancements.com,,,False
raremarq.workers.dev,,,False
rasch.edgekey.net,,Akamai Technologies,False
raspaid.pl,,,False
raspberry-pi-geek.de,,,False
raspcs.pl,,,False
ratemyagent.com.au,,,False
rater8.com,,,False
rating-widget.com,,"Rating-Widget, Inc.",False
ratings.md,,,False
rationalcdn.com.edgekey.net,,Akamai Technologies,False
ravanallc.com,,,False
ravecapture-app-assets.s3.amazonaws.com,CDN,"Amazon Technologies, Inc.",False
ravecapture.com,,,False
ravelin.click,,,False
ravelry.com,,,False
ravelrycache.com,,,False
raven.news,,,False
ravenjs.com,Analytics,"Functional Software, Inc.",False
ravensburger.cloud,,,False
ravm.tv,,"Roku, Inc.",False
ravn.no,,,False
raw.githubusercontent.com,,"GitHub, Inc.",False
rawgit.com,CDN;Embedded Content,RawGit,False
rawrr-2248.myshopify.com,Analytics;CDN;Embedded Content;Online Payment,Shopify Inc.,False
raxcdn.com,,"Rackspace US, Inc.",False
raygun.com,,,False
raygun.io,,Mindscape Limited,False
rayjump.com,,Mobvista,False
raylo.com,,,False
rayn.io,,,False
rayoscms.net,,,False
raysweather.com,,,False
raz.fr,,,False
razerdata.com,,,False
razor.media,,,False
razorpay.com,,,False
rbav3-zentral-pro-id.azurewebsites.net,CDN,Microsoft Corporation,False
rbc.com,,Royal Bank of Canada,False
rbc.com.edgekey.net,,Akamai Technologies,False
rbccdn.com,,,False
rbcpayplan.com,,,False
rbcroyalbank.com,,Royal Bank of Canada,False
rbcwealthmanagement.com,,,False
rbfinance.com,,,False
rbictg.com,,"Restaurant Brands International, Inc.",False
rbk.ru,,PAKH Ltd,False
rbl.ms,,,False
rbstsystems.live,,,False
rccl.com,,,False
rcefoto.com,,,False
rcf.digital,,,False
rch.io,,,False
rci.com,,"RCI, LLC",False
rciservices.eu,,,False
rcmd.jp,,,False
rcplatformhk.com,,,False
rcrsv.io,,,False
rcs.it,,RCS Mediagroup S.p.A,False
rcsmetrics.it,,RCS Mediagroup S.p.A,False
rcsobjects.it,,RCS Mediagroup S.p.A,False
rctiplus.com,,,False
rctiplus.id,,,False
rcvlink.com,,,False
rcwilley.workers.dev,,,False
rcworst.myshopify.com,Analytics;CDN;Embedded Content;Online Payment,Shopify Inc.,False
rd.nl,,,False
rdbe.live,,,False
rdcdn.com,,ReachDynamics LLC,False
rdcnw.net,,,False
rdcnw.net.akadns.net,CDN,Akamai Technologies,False
rdcpix.com,,,False
rddywd.com,,,False
rdrctgoweb.com,,,False
rdstation.com.br,,RD Gestão e Sistemas Ltda. EPP,False
rdtsclnmde-a.akamaihd.net,CDN,Akamai Technologies,False
rdxgo.click,,,False
re-in.de,,,False
re-thinkingthefuture.in,,,False
rea.ch,,,False
reach5.co,,,False
reach5.net,,CommuniThink,False
reachgeneric.co.uk,,,False
reachlocallivechat.com,,,False
reachlocalservices.com,,"Gannett Co., Inc.",False
react-circle-flags.pages.dev,,,False
reactandshare.com,,,False
reactify.app,,,False
readalong.ai,,,False
readingcinemas.com,,,False
readme.io,,,False
readnovel.eu,,,False
readpeak.com,,MCN - Media Content News Oy,False
readspeaker.com,,ReadSpeaker Holding BV,False
readthedocs.org,,"Read the Docs, Inc",False
readwhere.com,,,False
readyrefresh.com.edgekey.net,,Akamai Technologies,False
reaktion.com,,,False
real-time-analytics-3f2e7.web.app,,Google LLC,False
realclearpolitics.com,,"RealClearHoldings, LLC",False
realclearpublicaffairs.com,,,False
realestate.com.au,,REALESTATE.COM.AU PTY LIMITED,False
realitydocs.com,,,False
realizationnewestfangs.com,,,False
reallyfreegeoip.org,,,False
realmagnet.land,,Higher Logic,False
realme.com,,,False
realmemobile.com,,,False
realperson.cloud,,,False
realperson.de,,,False
realsrv.com,Ad Motivated Tracking;Advertising;Analytics;Third-Party Analytics Marketing,"ExoClick, S.L.",True
realstack.com,,,False
realtimely.io,,,False
realtimestack.com,,,False
realtor.com,,Move Inc.,False
realvu.net,Ad Fraud;Ad Motivated Tracking;Advertising;Analytics,RealVu Inc,True
realytics.io,,smartclip Europe GmbH,False
realytics.net,,smartclip Europe GmbH,False
reamaze-prod.s3.amazonaws.com,CDN,"Amazon Technologies, Inc.",False
reamaze.com,,Lantirn Incorporated,False
reamaze.io,,Lantirn Incorporated,False
rebase-api.global.ssl.fastly.net,Action Pixels;Ad Motivated Tracking;Advertising;Analytics;CDN;Embedded Content;Session Replay;Third-Party Analytics Marketing,"Fastly, Inc.",True
rebeccacostthousand.com,,,False
rebelboost.com,,,False
rebelmouse.com,,,False
rebelmouse.io,,,False
rebillia.com,,,False
reblaze.com,,,False
rebuyengine.com,,"Rebuy, LLC",False
recaptcha.net,,Google LLC,False
recapture.io,,,False
recart.com,,,False
reccodo.com,,,False
receiptful.com,,,False
recensioni-io-static-folder.s3.eu-central-1.amazonaws.com,CDN,"Amazon Technologies, Inc.",False
receptivity.io,,,False
recessrain.com,,"Leven Labs, Inc. DBA Admiral",False
recet.de,,,False
recetasderechupete.com,,,False
rechargeadapter.com,,,False
rechargeapps.com,,,False
rechargecdn.com,,,False
rechner.club,,,False
rechtschreibpruefung24.de,,,False
recis.io,,RECISIO SAS,False
reciteme.com,,,False
reclaimhosting.com,,,False
recoil.tv,,,False
recoilnetwork.com,,,False
recollect-images.global.ssl.fastly.net,Action Pixels;Ad Motivated Tracking;Advertising;Analytics;CDN;Embedded Content;Session Replay;Third-Party Analytics Marketing,"Fastly, Inc.",True
recollect-us.global.ssl.fastly.net,Action Pixels;Ad Motivated Tracking;Advertising;Analytics;CDN;Embedded Content;Session Replay;Third-Party Analytics Marketing,"Fastly, Inc.",True
recollect.net,,,False
recomaticapp.com,,,False
recombee.com,,,False
recommend.pro,,,False
reconditerespect.com,,"Leven Labs, Inc. DBA Admiral",False
reconvert-cdn.com,,,False
reconvert.com,,,False
recordedthereby.com,,,False
recovermycart.com,,,False
recovery-soft.com,,,False
recovery.com,,,False
recruitics.com,,Recruitics LLC,False
recruitireland.com,,,False
recruitology.com,,,False
recurly.com,,"Recurly, Inc.",False
recurpro.in,,,False
recyclecoach.com,,,False
recyclehorridleading.com,,,False
red-shield.net,,,False
redbankgreen.com,,,False
redbrain.com,,,False
redbubble.com,,Redbubble Ltd,False
redbull.com,,Red Bull GmbH,False
redbull.com.edgesuite.net,CDN,Akamai Technologies,False
redbull.edgesuite.net,CDN,Akamai Technologies,False
redchirp.com,,,False
redcircle.com,,,False
redcross.org,,American National Red Cross,False
redd.it,,Reddit Inc.,False
reddeeradvocate.com,,,False
reddit.com,Ad Motivated Tracking;Advertising;Analytics;Audience Measurement;Badge;Embedded Content;Social - Comment;Social - Share;Social Network;Third-Party Analytics Marketing,Reddit Inc.,True
redditmedia.com,,Reddit Inc.,False
redditstatic.com,Action Pixels;Ad Motivated Tracking;Analytics,Reddit Inc.,True
reddoorz.com.edgekey.net,,Akamai Technologies,False
redeal.se,,,False
redeaudio.com,,,False
redefine.pl,,Cyfrowy Polsat S.A.,False
redeye.international,,,False
redfast.com,,"REDFAST, INC.",False
redfastlabs.com,,,False
redgifs.com,,,False
redhat.com.edgekey.net,,Akamai Technologies,False
redhatstatic.com,,,False
rediads.com,,,False
rediem.io,,,False
rediff.com.edgekey.net,,Akamai Technologies,False
rediff64.com.edgekey.net,,Akamai Technologies,False
redintelligence.net,,,False
redirect.pizza,,,False
redirectify.app,,,False
redirection-server-qi2yta3k2a-ez.a.run.app,,Google LLC,False
redirectmapper.com,,,False
redpineapplemedia.com,,,False
redraiderswire.com,,,False
redretarget.com,,,False
redsara.es,,,False
redskins.com,,NFL Enterprises LLC,False
redtube.com,,Aylo,False
reductionetudiant.fr,,,False
redwap-cdn.com,,,False
reebok.com,,adidas AG,False
reebr.com,,,False
reedexpo.com,,,False
reedpopcdn.com,,,False
reelevant.com,,,False
reelup.io,,,False
reengage.ai,,,False
reevoo.com,,,False
refer-maccosmetics.com,,,False
referly.so,,,False
referral-hub.com,,,False
referralcandy.com,,,False
referralfetch.herokuapp.com,CDN,"Salesforce.com, Inc.",False
referralhero.com,,,False
referralrock.com,,,False
refersion.com,,"Refersion, Inc.",False
refgrow.com,,,False
refilliate.com,,,False
refiner.io,,,False
refinery89.com,,,False
reflected.net,,,False
reflectednetworks.map.fastly.net,Action Pixels;Ad Motivated Tracking;Advertising;Analytics;CDN;Embedded Content;Session Replay;Third-Party Analytics Marketing,"Fastly, Inc.",True
refokus.com,,,False
reftagger.com,,"Logos Research Systems, Inc.",False
refundid.com,,,False
reg.cloud,,,False
regenergize.com,,,False
regie-agricole.com,,ISAGRI SA,False
reginapps.com,,,False
regio7.cat,,,False
regiogate.net,,,False
regiogroei.cloud,,,False
region-academique-nouvelle-aquitaine.fr,,,False
regionh.dk,,,False
regions.com,,Regions Financial Corporation,False
regnumchristi.es,,,False
regulationprivilegescan.top,,,False
rei.com.edgekey.net,,Akamai Technologies,False
reibootmac.com,,,False
reignitehq.com,,,False
reinforcinghope.info,,,False
reinos.b-cdn.net,CDN,BunnyCDN,False
reishunger.com,,,False
rejoiner.com,,,False
rek.ai,,,False
rekai.se,,,False
rekhta.org,,,False
reklon.net,,,False
relaido.jp,,,False
relap.io,,,False
related.hu,,,False
relateddigital.com,,HEDEF MEDYA TANITIM INTERAKTIF MEDYA PAZARLAMA A.S,False
relay-lzglwr.fly.dev,,,False
relay-t.io,,,False
relay.cool,,,False
release-assets.githubusercontent.com,,"GitHub, Inc.",False
relevant-digital.com,,,False
relevantbits.com,,,False
relewise.com,,,False
reliablesite.org,,,False
reloadify.com,,,False
reloapp.co,,,False
reloop.com.au,,,False
relyance.ai,,,False
remarketstats.com,,,False
remarkety-app.s3.amazonaws.com,CDN,"Amazon Technologies, Inc.",False
remarkety.com,,,False
remax.tech,,,False
remixd.com,,,False
remotecompany.com,,,False
renamereptiliantrance.com,,,False
renault.com,,Renault SAS,False
renderbetter.app,,,False
renderbetter.com,,,False
renderbetter.dev,,,False
renderbetter.net,,,False
renderseo.com,,,False
rendia.com,,,False
rene-graeber.de,,,False
renogy.cn,,,False
rentalcars.com,,Booking.com B.V.,False
rentpenny.com,,,False
rentracks.jp,,,False
rentracksw.com,,,False
rentsync.com,,,False
reo.dev,,,False
reolink.us,,,False
repd.us,,,False
reperio.news,,,False
repixel.co,,,False
replayapp.io,,,False
replit.app,,,False
replo.app,,,False
replocdn.com,,,False
report-uri.com,,Report-URI Ltd.,False
reportingsolution.net,,,False
reproio.com,,Repro Inc.,False
repstatic.it,,Elemedia S.p.A.,False
reputable.click,,,False
reputation.com,,"Reputation.com, Inc",False
reputationhub.site,,,False
reputon.com,,,False
reqcdn.com,,,False
requestmetrics.com,,TrackJS LLC,False
res-stls-prod.edgesuite.net,CDN,Akamai Technologies,False
resar.org,,,False
resc.dev,,,False
rescueme.org,,Rescue Me,False
research-int.se,,WPP plc,False
research.gov,,,False
research.net,,Momentive Inc.,False
researchnow.com,,Research Now Limited,False
reseau-canope.fr,,RESEAU CANOPE,False
resellerratings.com,,Answers Corporation,False
reserveamerica.com,,"Active Network, LLC",False
reservecloud.com,,,False
reservedghettocrimpycrimpy.com,,,False
reserveinstore.com,,,False
resetdigital.co,,Reset Digital LLC,False
resetsrv.com,,,False
residentagent-api-production.azurewebsites.net,CDN,Microsoft Corporation,False
residenthome.com,,,False
resized.co,,,False
resizepixel.b-cdn.net,CDN,BunnyCDN,False
resjscdn.com,,,False
resmed.com.edgekey.net,,Akamai Technologies,False
reson8.com,Ad Fraud;Ad Motivated Tracking;Advertising;Analytics;Third-Party Analytics Marketing,Resonate Networks,True
resonantrock.com,,"Leven Labs, Inc. DBA Admiral",False
resonate.com,,Resonate Networks,False
resoneo.com,,,False
resova.us,,,False
respondelligent.com,,,False
responseiq.com,,,False
responsetap.com,,,False
responsiveads.com,,ResponsiveAds™ Inc.,False
responsivevoice.org,,ExitReality,False
responsum.app,,,False
restaurantguru.com,,,False
restockrocket.io,,,False
restodata.ca,,,False
restomp-excity.online,,,False
restored316.com,,,False
restowelected.com,,,False
restrainstorm.com,,"Leven Labs, Inc. DBA Admiral",False
resultflow.ai,,,False
resultsdm.com,,,False
resultspage.com,,"SLI Systems, Inc",False
resumebuilder.com.edgekey.net,,Akamai Technologies,False
resupplyapp.com,,,False
resy.com,,,False
retagro.com,,,False
retail.googleapis.com,CDN;Embedded Content,Google LLC,False
retailconnect.app,,,False
retailrocket.net,,Retail Rocket,False
retailrocket.ru,,Retail Rocket,False
retargeted.co,,,False
retargetiq.com,,,False
retargetly.com,,Retargetly LLC,False
retargetpro.com,,,False
retarglow.com,,,False
retentionscience.com,,Wajao Inc,False
retextion.com,,,False
retileupfis.com,,,False
retrobowlofficial.com,,,False
retrogames.cc,,,False
returngo.ai,,,False
rev.iq,,,False
revagency.net,,,False
revampcdn.com,,,False
revampco.com,,,False
revation.com,,,False
revboostprocdnadsprod.azureedge.net,CDN,Microsoft Corporation,False
revcatch.com,,,False
revcontent.com,Ad Motivated Tracking;Advertising;Analytics;Audience Measurement;Third-Party Analytics Marketing,"RevContent, LLC",True
revealid.xyz,,,False
revenue.cat,,,False
revenuefrontier.net,,,False
revenuehero.io,,,False
revenuehunt.com,,,False
revenuereel.com,,,False
revers-rever-a60sxbbh41k1-2058840294.us-east-1.elb.amazonaws.com,CDN,"Amazon Technologies, Inc.",False
revfluent.com,,,False
revhope.io,,,False
revhunter.tech,,,False
revico.jp,,,False
review-alerts.com,,,False
reviewability.com,,,False
reviews-cache-proxy-ajr57c2s7q-ue.a.run.app,,Google LLC,False
reviews.co.uk,,,False
reviews.io,,Liquid New Media Limited,False
reviewsimportify.com,,,False
reviewsjet.com,,,False
reviewsonmywebsite.com,,,False
revinate.com,,,False
revive-adserver.net,,,False
revive-eo.com,,,False
reviveservers.com,,,False
revize.com,,,False
revjet.com,Ad Fraud;Ad Motivated Tracking;Advertising;Analytics;Audience Measurement;Third-Party Analytics Marketing,RevJet,True
revlifter.com,,,False
revlifter.io,,RevLifter Limited,False
revma.io,,,False
revoffers.com,,,False
revolugo.com,,,False
revolutionparts.io,,,False
revolveassets.com,,Eminent Inc,False
revolveclothing.com.edgekey.net,,Akamai Technologies,False
revrtb.net,,,False
revsure.cloud,,,False
revy.io,,,False
revzilla.com,,RevZilla Motorsports LLC,False
rewardful.com,,,False
rewardsbag.com,,,False
rewardstyle.com,,"rewardStyle, Inc.",False
rewise.ai,,,False
reworldmediafactory.com,,,False
rexel-cdn.com,,,False
rexel.com,,,False
rexelusa.com,,"REXEL USA, INC.",False
rexrzy.com,,,False
reyvow-patient.jp,,,False
rezcomm.com,,,False
rezync.com,Ad Motivated Tracking,Zeta Global,True
rfdcontent.com,,VerticalScope Inc,False
rfihub.com,Ad Motivated Tracking;Advertising;Third-Party Analytics Marketing,Zeta Global,True
rfihub.net,Ad Fraud;Advertising;Social - Comment;Social Network,Zeta Global,True
rfk-staticfiles-prod.s3.amazonaws.com,CDN,"Amazon Technologies, Inc.",False
rfksrv.com,,Reflektion,False
rflxm.io,,,False
rfpx1.com,,,False
rfstat.com,,,False
rfunbox.com,,,False
rgapps.net,,,False
rgifscdn.com,,,False
rgpub.io,,,False
rheinmain4family.de,,,False
rhino-usa-inc.myshopify.com,Analytics;CDN;Embedded Content;Online Payment,Shopify Inc.,False
rhombusads.com,,"Kargo Global, Inc.",False
ri-bu.com,,,False
riamiavid.com,,,False
ribbonapp.com,,,False
ribn.com,,,False
ricardostatic.b-cdn.net,CDN,BunnyCDN,False
ricardostaticfiles.b-cdn.net,CDN,BunnyCDN,False
richaudience.com,,Rich Audience Technologies,False
richemont.com,,,False
richmediastudio.com,,,False
richpanel.com,,,False
richrelevance.com,,RichRelevance,False
rick.ai,,,False
ricoh.co.jp,,,False
ricohimagingstore.com,,,False
riddle.com,,,False
ride-octane-api-prod-static.s3.amazonaws.com,CDN,"Amazon Technologies, Inc.",False
ride.ch,,,False
ridefox-dev.myshopify.com,Analytics;CDN;Embedded Content;Online Payment,Shopify Inc.,False
ridemotive.com,,,False
rifraf.it,,,False
rightinthebox.com,,,False
rightnowtech.com,,Oracle Corporation,False
rightonin.com,,,False
rijkscloud.nl,,,False
rijksoverheid.nl,,Rijksoverheid,False
ring.com,,"Amazon Technologies, Inc.",False
ringcentral.com,,"RingCentral, Inc.",False
ringier-advertising.ch,,Ringier AG,False
ringieraxelspringer.tech,,,False
ringpublishing.com,,,False
rinkerpipe.com,,,False
rinvoq.com,,,False
rio-tech.com,,,False
rioseo.com,,,False
riotcdn.net,,,False
rip-curl-eu.myshopify.com,Analytics;CDN;Embedded Content;Online Payment,Shopify Inc.,False
ripcurl.com,,,False
ripcurl.eu,,,False
ripleyprd.wpenginepowered.com,,,False
rise-ai.com,,,False
riskified.com,,Riskified Ltd.,False
riv2m.com,,,False
rivalx.com,,,False
rive.app,,,False
riverbalka.top,,,False
riverhit.com,,,False
rivieratravel.com,,,False
rivr.app,,,False
rivsec.eu,,,False
rivyo.com,,,False
rjf.com.edgekey.net,,Akamai Technologies,False
rkdms.com,Ad Motivated Tracking;Advertising;Analytics;Third-Party Analytics Marketing,Merkle Inc,True
rkiapps.com,,,False
rlcdn.com,Ad Fraud;Ad Motivated Tracking;Advertising;Analytics;Third-Party Analytics Marketing,"LiveRamp Holdings, Inc.",True
rlcdn.net,,,False
rlets.com,,"Gannett Co., Inc.",False
rlfrc.net,,,False
rlproton.com,,,False
rmbl.ws,,Rumble Inc.,False
rmdsp.ru,,,False
rmetrics.ru,,,False
rmf.fm,,,False
rmf.pl,,,False
rmhfrtnd.com,,,False
rmishe.com,,,False
rmtag.com,Ad Motivated Tracking;Advertising;Analytics;Third-Party Analytics Marketing,"Rakuten, Inc.",True
rmzsglng.com,,,False
rncdn7.com,,"Reflected Networks, LLC",False
rndtech.de,,,False
rnengage.com,,Oracle Corporation,False
roadpass.com,,,False
roadster.com,,,False
roadwayai.com,,,False
roanyermall.com,,,False
roarapi.com,,,False
robee.tech,,,False
roberthalfonline.com,,,False
robinhq.com,,Robin Software B.V.,False
robinpro.gallery,,,False
robly.com,,,False
robust-themes.com,,,False
rock5rice.com,,,False
rocket-rez.com,,,False
rocket.dev,,,False
rocketaccount.com,,,False
rocketcdn.me,,,False
rocketmiles.com,,,False
rocketmortgage.com,,Quicken Loans Inc.,False
rocketmortgage.com.edgekey.net,,Akamai Technologies,False
rockmedialibrary.com,,,False
rockstargames.com.edgekey.net,,Akamai Technologies,False
rocky-mountain-leather-supply.myshopify.com,Analytics;CDN;Embedded Content;Online Payment,Shopify Inc.,False
rodexchange.com,,,False
roeye.com,,,False
roeyecdn.com,,,False
rogers-assets.com,,,False
rogers.com,,Rogers Communications Inc.,False
rogersdigitalmedia.com,,Rogers Communications Inc.,False
rogersdigitalmedia.com.edgekey.net,,Akamai Technologies,False
rogersmedia.com,,Rogers Communications Inc.,False
rogersmedia.com.edgekey.net,,Akamai Technologies,False
roi-server.com,,,False
roimediaconsultants.com,,,False
roirevolution.com,,,False
roistat.com,,"B-Analytics, LLC",False
roivenue.com,,,False
rokka.io,,,False
rokt-api.com,,,False
rokt.com,,Rokt Entities,False
rokymedia.com,,,False
roland.com,,Roland Corporation,False
rolex.com,,ROLEX SA,False
rollbar.com,,"Rollbar, Inc.",False
rollerdigital.com,,,False
rollgosize.com,,,False
rollick.io,,Avala Marketing Group,False
rolltidewire.com,,,False
romans-cdn.b-cdn.net,CDN,BunnyCDN,False
romerobill.com,,,False
romw-cdn.co,,,False
roninmedia.io,,,False
ronracepub.com,,,False
rontar.com,,Rontar,False
roobrik.com,,,False
roobrik.s3-us-west-1.amazonaws.com,CDN,"Amazon Technologies, Inc.",False
roof.ai,,,False
roomvo.com,,,False
roosteasy.com,,,False
rootftw.workers.dev,,,False
rootnet.io,,,False
rootrez.com,,,False
rootsrated.com,,,False
ropeanresu.com,,,False
rorix.nl,,,False
rose.de,,,False
rosebikes.de,,ROSE Bikes GmbH,False
roseperl.com,,,False
rosewoodhotelgroup.com,,,False
rosselcdn.net,,Rossel Interactive Media s.a.,False
rossmann.map.fastly.net,Action Pixels;Ad Motivated Tracking;Advertising;Analytics;CDN;Embedded Content;Session Replay;Third-Party Analytics Marketing,"Fastly, Inc.",True
rostercdn.com,,,False
roughremove.com,,,False
roularta.be,,,False
roularta.net,,,False
roularta.nl,,,False
roundprinceforest.com,,,False
roundprincemusic.com,,,False
roundprincethere.com,,,False
roundprinceweb.com,,,False
route.com,,,False
routeapp.io,,,False
routemaps.de,,,False
rover.com,,"A Place for Rover, Inc.",False
rovid.nl,,Rijksoverheid,False
rownd.io,,,False
roxit.nl,,,False
roxxtraxx.de,,,False
royalcanin-weshare-online.io,,,False
royalgazettefeatures.com,,,False
royalty-online.nl,,,False
roymorgan.com,,Roy Morgan Research Ltd.,False
rp-assets.com,,,False
rparts-sites.s3.amazonaws.com,CDN,"Amazon Technologies, Inc.",False
rpglogs.com,,,False
rpm-tesla-acc.myshopify.com,Analytics;CDN;Embedded Content;Online Payment,Shopify Inc.,False
rptechnical.ru,,,False
rpxnow.com,,Akamai Technologies,False
rq7cuf9.x.incapdns.net,CDN,Imperva Inc.,False
rqtrk.eu,Ad Motivated Tracking;Advertising,Roq.ad,True
rs-app-prod-1304324915.eu-west-1.elb.amazonaws.com,CDN,"Amazon Technologies, Inc.",False
rs-online.com,,RS Components Ltd,False
rs-online.com.edgekey.net,,Akamai Technologies,False
rsbrain.com,,,False
rschooltoday.com,,,False
rsg.sc,,,False
rsms.me,,,False
rsquaredsolutions.es,,,False
rss.app,,,False
rss.com,,,False
rss2json.com,,,False
rssdog.com,,,False
rssshark.azurewebsites.net,CDN,Microsoft Corporation,False
rstatic.be,,Link Media bvba,False
rsvmc.cloud,,,False
rswag.ch,,,False
rswhost.com,,,False
rsz.sk,,,False
rt-bq-pub-113104584-dot-billing-project-271011.el.r.appspot.com,CDN,Google LLC,False
rt2d.com,,,False
rt8x.net,,,False
rtactivate.com,,"Semcasting, Inc.",False
rtb-analytics.com,,,False
rtb-global.com,,,False
rtb-oveeo.com,,,False
rtb-pinklion.io,,,False
rtb-stack.com,,,False
rtb.mx,,,False
rtb123.com,,,False
rtbbtr.com,,,False
rtbhouse.com,,RTB House S.A.,False
rtbiq.com,,,False
rtbprotect.com,,,False
rtbrain.app,,,False
rtbrenab.net,,,False
rtbscale.com,,,False
rtbsuperhub.com,,,False
rtbsystem.com,,RTBsystem,False
rtbuzz.net,,,False
rtbwave.com,,,False
rtbwise.com,,,False
rtcd.me,,,False
rtg-contentful.s3.amazonaws.com,CDN,"Amazon Technologies, Inc.",False
rtg-endpoint.global.ssl.fastly.net,Action Pixels;Ad Motivated Tracking;Advertising;Analytics;CDN;Embedded Content;Session Replay;Third-Party Analytics Marketing,"Fastly, Inc.",True
rtg-prod.com,,,False
rtisports.de,,,False
rtk.io,,"RTK.IO, Inc",False
rtl.de,,,False
rtmark.net,Ad Fraud;Ad Motivated Tracking;Advertising,Propeller Ads,True
rtmscl.com,,,False
rtoaster.jp,,BrainPad Inc.,False
rtpclient.ch,,,False
rtrsupport.de,,,False
rtsclients.com,,,False
rtscustomer.com,,,False
rttrk.com,,,False
rtve.map.fastly.net,Action Pixels;Ad Motivated Tracking;Advertising;Analytics;CDN;Embedded Content;Session Replay;Third-Party Analytics Marketing,"Fastly, Inc.",True
rtx-source-icons.s3.amazonaws.com,CDN,"Amazon Technologies, Inc.",False
rtxapps.com,,,False
rubiconproject.com,Ad Motivated Tracking;Advertising,"Magnite, Inc.",True
rubiconredirect.com,,,False
rubix.click,,,False
rubyapps.io,,,False
rubyblu.com,,,False
rudderlabs.com,,Rudderstack Inc.,False
rudderstack.com,,Rudderstack Inc.,False
rufflandperformancekennels.myshopify.com,Analytics;CDN;Embedded Content;Online Payment,Shopify Inc.,False
rugfrfji.win,,,False
rule34.art,,,False
rule34.xxx,,,False
rulive.ru,,,False
rum-ingress-coralogix.com,,,False
rum.us-east-1.amazonaws.com,CDN,"Amazon Technologies, Inc.",False
rumble.cloud,,,False
rumble.com,,Rumble Inc.,False
rumble.work,,,False
rumt-sg.com,,,False
rumt-us.com,,,False
rumt-zh.com,,Tencent Holdings Ltd.,False
run-in-rabbit.myshopify.com,Analytics;CDN;Embedded Content;Online Payment,Shopify Inc.,False
runative-syndicate.com,,,False
runconverge.com,,,False
rundsp.com,Ad Motivated Tracking;Advertising;Analytics,RUN,True
runescape.com,,Jagex Limited,False
runescape.com.edgesuite.net,CDN,Akamai Technologies,False
runetki6.com,,,False
runllm.com,,,False
runnea.com,,,False
runninghub.cn,,,False
runsignup.com,,Bickel Advisory Services,False
runzy.com,,,False
ruparupa.io,,,False
rupertisdivingintoocean.com,,,False
russiatoday.com,,,False
russmedia.digital,,,False
rusticprice.com,,"Leven Labs, Inc. DBA Admiral",False
rutarget.ru,Ad Motivated Tracking;Audience Measurement;Third-Party Analytics Marketing,RuTarget LLC,True
ruter.dk,,,False
rutracker.cc,,,False
rutube.ru,,"Obshchestvo s ogranichennoj otvetstvennostyu ""RUFORM""",False
rvaed.com,,,False
rvapps.io,,,False
rvere.com,,,False
rvlife.com,,"Social Knowledge, LLC",False
rvmessage.online,,,False
rvmnews.com,,,False
rvo.nl,,Ministerie van Economische Zaken en Klimaat,False
rvohealth.com,,,False
rvohealth.io,,,False
rvty.net,,,False
rvu.co.uk,,,False
rwbasecamp.com,,,False
rybbit.com,,,False
rybbit.io,,,False
rybena.com.br,,,False
rydeshopper.com,,,False
ryviu.com,,,False
ryviu.io,,,False
ryzeo.com,,EZ Publishing Inc.,False
s-bol.com,,Koninklijke Ahold Delhaize N.V.,False
s-cloud.fi,,Suomen Osuuskauppojen Keskuskunta,False
s-microsoft.com,,Microsoft Corporation,False
s-microsoft.com.edgekey.net,,Akamai Technologies,False
s-onetag.com,Ad Motivated Tracking;Advertising,Sovrn Holdings,True
s-trojmiasto.pl,,,False
s.sni.global.fastly.net,Action Pixels;Ad Motivated Tracking;Advertising;Analytics;CDN;Embedded Content;Session Replay;Third-Party Analytics Marketing,"Fastly, Inc.",True
s10h.io,,,False
s13emagst.akamaized.net,CDN,Akamai Technologies,False
s14a.biz,,,False
s17a.biz,,,False
s18a.biz,,,False
s1significadoses.b-cdn.net,CDN,BunnyCDN,False
s2.shared.global.fastly.net,Action Pixels;Ad Motivated Tracking;Advertising;Analytics;CDN;Embedded Content;Session Replay;Third-Party Analytics Marketing,"Fastly, Inc.",True
s25.work,,,False
s2stracking.com,,,False
s3-accelerate.amazonaws.com,CDN,"Amazon Technologies, Inc.",False
s3-helios-use1nisprod-videooutput.s3.amazonaws.com,CDN,"Amazon Technologies, Inc.",False
s3-spotlightr-output.b-cdn.net,CDN,BunnyCDN,False
s3-symbol-logo.b-cdn.net,CDN,BunnyCDN,False
s3-tbb-querely.s3.amazonaws.com,CDN,"Amazon Technologies, Inc.",False
s3-tradingview.b-cdn.net,CDN,BunnyCDN,False
s3.us-east-1.amazonaws.com,CDN,"Amazon Technologies, Inc.",False
s3.us-west-2.amazonaws.com,CDN,"Amazon Technologies, Inc.",False
s3config-imageassets8b277104-1w91ygk51i0o7.s3.amazonaws.com,CDN,"Amazon Technologies, Inc.",False
s3rzs3l.x.incapdns.net,CDN,Imperva Inc.,False
s4mdsp.com,,Ask Locala SAS,False
s4p-iapps.com,,,False
s4p.jp,,,False
s73cloud.com,,,False
s81c.com,,International Business Machines Corporation,False
sa-as.com,,,False
sa-tech.de,,,False
sa.gov,,,False
sa7eer.com,,,False
saabre.com,,,False
saal-digital.net,,,False
saam.media,,,False
saambaa.com,,Saambaa LLC,False
saas-multilingual.s3.us-east-2.amazonaws.com,CDN,"Amazon Technologies, Inc.",False
saasbison.com,,,False
saashub.com,,,False
saasler-impact.herokuapp.com,CDN,"Salesforce.com, Inc.",False
saastool.site,,,False
saasweb.cloud,,,False
saavn.com,,"Saavn, LLC",False
saawsedge.com,,,False
sabavision.com,,,False
sabrinablond.com,,,False
saby.ru,,,False
sacdn.no,,,False
sacdnssedge.com,,,False
saconsole.com,,,False
sacwumsf.com,,,False
sadbaguette.com,,,False
sadlers-wells-assets.s3.amazonaws.com,CDN,"Amazon Technologies, Inc.",False
sadmin.workers.dev,,,False
safavieh-home.myshopify.com,Analytics;CDN;Embedded Content;Online Payment,Shopify Inc.,False
safe-and-sound-hq.myshopify.com,Analytics;CDN;Embedded Content;Online Payment,Shopify Inc.,False
safe-installation.com,,,False
safe-iplay.com,,,False
safeandnotsorry.com,,,False
safecharge.com,,,False
safeopt.com,,,False
safestatic.org,,,False
safevibes.com,,,False
safevisit.online,,,False
saffire.com,,,False
sagepay.com,,,False
sail-horizon.com,Ad Motivated Tracking;Advertising;Analytics;Embedded Content;Third-Party Analytics Marketing,CM Group,True
sail-personalize.com,,CM Group,False
sail-track.com,,CM Group,False
sailthru.cloud,,,False
sailthru.com,,CM Group,False
sainsburys-groceries.co.uk,,,False
saipm.com,,,False
sajari.com,,Sajari,False
sajari.net,,,False
sakura.ne.jp,,Sakura Internet Inc.,False
salecycle.com,,SaleCycle Limited,False
salemallpass.com,,Salem Communications Corporation,False
saleminteractivemedia.com,,,False
salemlivechat.com,,,False
salemnewschannel.com,,,False
salemove.com,,,False
salemwebnetwork.com,,Salem Communications Corporation,False
saleor.cloud,,,False
sales-marker.jp,,,False
sales-ninja.me,,,False
salesape.ai,,,False
salescaptain.com,,,False
saleschedulerapp.com,,,False
salesfeed.com,,,False
salesfire.co.uk,,,False
salesforce-scrt.com,,,False
salesforce-sites.com,,"Salesforce.com, Inc.",False
salesforce.com,,"Salesforce.com, Inc.",False
salesforce.com.edgekey.net,,Akamai Technologies,False
salesforceliveagent.com,Embedded Content;Support Chat Widget,"Salesforce.com, Inc.",False
salesloft.com,,SalesLoft,False
salesmanago.com,,,False
salesmanago.pl,,Benhauer sp. z o.o.,False
salesmartly.com,,,False
salesmate.io,,,False
salespop.com,,,False
salesreps.io,,,False
saleswingsapp.com,,,False
sallinggroup.com,,,False
sallyjo.com,,,False
sallyjo.io,,,False
salsalabs.org,,"Salsa Labs, Inc.",False
salsify-ecdn.com,,,False
salsify.com,,,False
saltbox.tech,,,False
saltedtravel.com,,,False
saltwatersportsman.com-content,,,False
salutetutortwiddling.com,,,False
salvageparts.biz,,,False
salvationarmyusa.org,,,False
sam-turner-sons.myshopify.com,Analytics;CDN;Embedded Content;Online Payment,Shopify Inc.,False
sam4m.com,,Ask Locala SAS,False
samayam.com.edgekey.net,,Akamai Technologies,False
samba.tv,,Free Stream Media Corp,False
samcart.com,,,False
samcloud.com,,,False
samedia-b2-east.b-cdn.net,CDN,BunnyCDN,False
samita.io,,,False
samplicio.us,Action Pixels;Ad Motivated Tracking;Audience Measurement;Third-Party Analytics Marketing,"Lucid Holdings, LLC",True
sams-sigma.com,,,False
samsclub.com.akadns.net,CDN,Akamai Technologies,False
samsclub.com.edgekey.net,,Akamai Technologies,False
samsclubimages.com,,,False
samsung.com,,Samsung Electronics Co. Ltd,False
samsung.com.edgekey.net,,Akamai Technologies,False
samsungosp.com,,,False
sancdn.net,,"ICF Technology, Inc",False
sandals.com,,"Unique Vacations, Ltd",False
sandals.com.edgekey.net,,Akamai Technologies,False
sandbox-immobilienscout24.de,,,False
sandhills.com,,Sandhills Publishing,False
sandiegohat.myshopify.com,Analytics;CDN;Embedded Content;Online Payment,Shopify Inc.,False
sandnes-garn.be,,,False
sandsiv.com,,,False
sandviks.com,,,False
sandwichconscientiousroadside.com,,,False
sanitas.tech,,,False
sanity.io,,Sanity,False
sanjoseresidentassistant.com,,,False
sankakuapi.com,,,False
sankakucomplex.b-cdn.net,CDN,BunnyCDN,False
sanoma-sndp.fi,,,False
sanoma-sst.fi,,,False
sanoma.fi,,Sanoma Corporation,False
sans.edu,,,False
sansec.watch,,,False
saooti.com,,,False
sap.akadns.net,CDN,Akamai Technologies,False
sap.com,,SAP SE,False
sap.com.edgekey.net,,Akamai Technologies,False
sap.corp,,,False
sapautomate.com,,,False
sape.ru,,LTD Sape,False
sapo.pt,,MEO Servicos de Comunicacoes e Multimedia SA,False
sardine.ai,,Sardine Inc.,False
sardius.media,,,False
sascdn.com,Advertising,Smartadserver S.A.S,True
sasquatchstudio.co,,,False
sasshoes-com.s3-us-west-2.amazonaws.com,CDN,"Amazon Technologies, Inc.",False
satcb.azureedge.net,CDN,Microsoft Corporation,False
satis.fi,,Consult IT Nordic AB,False
satismeter.com,,SatisMeter,False
savedby.io,,,False
saveonenergy.cloud,,,False
saveyourcart.io,,,False
savills.co.uk,,,False
savings-agent.com,,,False
savingsaccounts.com,,,False
savoryorange.com,,"Leven Labs, Inc. DBA Admiral",False
savviihq.com,,Savvii B.V.,False
savvytrack.nl,,,False
saxotrader.com,,,False
sayprimer.com,,,False
saysimple.io,,,False
saystudent.blog,,,False
sayweee.net,,,False
sbb.berlin,,,False
sbdinc.com,,,False
sber.ru,,Sberbank of Russia,False
sberbank.ru,,Sberbank of Russia,False
sbermarketing.ru,,,False
sbibliaoncom.b-cdn.net,CDN,BunnyCDN,False
sbnation.com,,"Vox Media, Inc.",False
sbt.azureedge.net,CDN,Microsoft Corporation,False
sbxp.edgekey.net,,Akamai Technologies,False
sc-1348665604.us-west-2.elb.amazonaws.com,CDN,"Amazon Technologies, Inc.",False
sc-apps.com,,,False
sc-cloud.net,,,False
sc-devel.s3.eu-central-1.amazonaws.com,CDN,"Amazon Technologies, Inc.",False
sc-static.net,Action Pixels;Ad Motivated Tracking;Advertising;Analytics;Embedded Content,Snap Inc.,True
sc.care,,,False
sc.gl,,,False
sc7.com,,,False
scalapay.com,,,False
scale.sc,,,False
scaledrone.com,,,False
scalefast.com,,,False
scaleflex.it,,,False
scalendarrcom.b-cdn.net,CDN,BunnyCDN,False
scalibur.io,,,False
scalingo.io,,,False
scanalert.com,,McAfee LLC,False
scandibots.no,,,False
scandichotels.com.edgekey.net,,Akamai Technologies,False
scanluxgroup.com,,,False
scannermaster.com,,Scanner Master Corp.,False
scanscout.com,,Tremor Video DSP,False
scarabresearch.com,Advertising;Analytics,SAP SE,True
scaredslip.com,,,False
scaredstomach.com,,"Leven Labs, Inc. DBA Admiral",False
scarf.sh,,,False
scashwl.com,,,False
scatec.io,,,False
scatteredstream.com,,"Leven Labs, Inc. DBA Admiral",False
scayle.cloud,,,False
scb.world,,,False
scct-app.herokuapp.com,CDN,"Salesforce.com, Inc.",False
sccw.pages.dev,,,False
scdn.co,,Spotify AB,False
scene7.com,Advertising;CDN,Adobe Inc.,True
scene7.com.edgekey.net,,Akamai Technologies,False
scfsdvc.com,,,False
scgrocery.net,,,False
schaefer-shop.de,,,False
schaefer-shop.digital,,,False
sched.com,,,False
schema-flow.com,,,False
schemaapp.com,,Hunch Manifest Inc,False
schemamarkup.io,,,False
schemaplus.io,,,False
schemaplusfiles.s3.amazonaws.com,CDN,"Amazon Technologies, Inc.",False
schibsted.com,,Schibsted Media Group,False
schibsted.io,,Schibsted Media Group,False
schibsted.media,,Schibsted Media Group,False
schibsted.no,,,False
schibsted.tech,,Schibsted Media Group,False
schjmp.com,,,False
schneider-electric.com,,SCHNEIDER ELECTRIC INDUSTRIES SAS,False
schneider-electric.com.edgekey.net,,Akamai Technologies,False
schnelle-online.info,,Holger Schulz Online e.K.,False
schnittberichte.com,,,False
scholarlyiq.com,,Scholarly iQ,False
scholarshipowl.com,,,False
schoolbundle365.com,,,False
schools.nyc,,,False
schoolwires.com,,,False
schots-home-emporium.myshopify.com,Analytics;CDN;Embedded Content;Online Payment,Shopify Inc.,False
schottenland.de,,,False
schrijven.online,,,False
schuelerhilfe-online.de,,,False
schultzlarsen.com,,,False
schwab.com,,"Charles Schwab & Co., Inc.",False
schwab.com.edgekey.net,,Akamai Technologies,False
schwabcdn.com,,,False
schweizmobil.ch,,,False
sci-hub.shop,,,False
scicentric.org,,,False
sciencefix.blog,,,False
scientific-python.org,,,False
scinable.net,,,False
scintillatingsilver.com,,"Leven Labs, Inc. DBA Admiral",False
scope3.com,,,False
scopely.io,,Saudi Arabia Public Investment Fund,False
scoreapp.com,,,False
scorecardresearch.com,Analytics;Audience Measurement,"comScore, Inc",False
scored.co,,,False
scorestream.com,,,False
scoreuniverse.com,,,False
scorpion.co,,,False
scorpioncms.com,,,False
scotiabank.com,,Bank of Nova Scotia,False
scotiabank.com.edgekey.net,,Akamai Technologies,False
scottsmiraclegro.com,,,False
scoutos.com,,,False
scouts-l.net,,,False
scptp9.com,,,False
scpwiki.com,,,False
scrapcranes.com,,,False
screeb.app,,,False
screechingstocking.com,,,False
screechingstove.com,,"Leven Labs, Inc. DBA Admiral",False
screen9.com,,,False
screenpilot.com,,,False
screenpopper.com,,EZ Publishing Inc.,False
scribd.com,,"Scribd, Inc.",False
scribd.map.fastly.net,Action Pixels;Ad Motivated Tracking;Advertising;Analytics;CDN;Embedded Content;Session Replay;Third-Party Analytics Marketing,"Fastly, Inc.",True
scribdassets.com,,"Scribd, Inc.",False
scribit.pro,,,False
scrippscloud.com,,,False
scrippsdigital.com,,The E.W. Scripps Company,False
scrippsnetworks.com.edgekey.net,,Akamai Technologies,False
script-support.com,,,False
script.ac,,"Human Security, Inc.",False
scriptengine.net,,,False
scriptintel.io,,,False
scripts.qualifioapp.com,,,False
scriptwrapper.com,,,False
scrivito.com,,,False
scroll.com,,"Twitter, Inc.",False
scrubbingcenter.com,,,False
scrumball.cn,,,False
scrvt.com,,,False
scsstatic.ch,,Swisscom (Schweiz) AG,False
sctv.ch,,,False
scupio.com,,"Bridgewell, Inc.",False
scw.cloud,,,False
sdapi.io,,,False
sdbb.ch,,,False
sdcdn.io,,,False
sdcdns.com,,,False
sdcvisit.com,,US Bank,False
sdd1.ch,,,False
sddan.com,,Sirdata SAS,False
sdiapi.com,Fraud Prevention,sourcedefense,False
sdimgs.com,,Streetdirectory,False
sdk-amazonaws.com,,,False
sdk-set1.com,,,False
sdk.amazonaws.com,CDN,"Amazon Technologies, Inc.",False
sdn.cz,,,False
sdp-cdn.net,,,False
sdpplatforms.workers.dev,,,False
sdrive.azureedge.net,CDN,Microsoft Corporation,False
sdtagging.azureedge.net,CDN,Microsoft Corporation,False
sdv.fr,,,False
se.edgekey.net,,Akamai Technologies,False
se.edgesuite.net,CDN,Akamai Technologies,False
sea-lion-app-bpk7e.ondigitalocean.app,,,False
seaart-gateway.akamaized.net,CDN,Akamai Technologies,False
seaart.dev,,,False
seaart.me,,,False
seadform.net,,,False
seaio.ch,,,False
seal-app-nvqmx.ondigitalocean.app,,,False
sealapps.com,,,False
sealmetrics.com,,,False
sealsubscriptions.com,,,False
seamless.map.fastlylb.net,,,False
seamly-app.com,,,False
seamuseum.net,,,False
seaofthieveswebassetsprod.azureedge.net,CDN,Microsoft Corporation,False
search-soundsnap.com,,,False
search.gov.sg,,,False
searchanise.com,,Searchanise,False
searchatlas.com,,,False
searchhub.io,,,False
searchiq.co,,,False
searchkings.ca,,,False
searchlight.partners,,,False
searchly.com,,,False
searchmagic.com,,,False
searchmarketing.com,,CommerceHub,False
searchresultsworld.com,,,False
searchrys.com,,,False
searchserverapi.com,,,False
searchserverapi1.com,,,False
searchspring.io,,,False
searchspring.net,,,False
searchstax.com,,,False
searchunify.com,,,False
seaskydvd.com,,,False
seaskylink.com,,,False
seaskypro.com,,,False
seasoneffects.com,,,False
seat.com,,"SEAT, S.A.",False
seatcoversolutions-7977.myshopify.com,Analytics;CDN;Embedded Content;Online Payment,Shopify Inc.,False
seated.com,,,False
seatshop-filters-widget-prod-fjb87.ondigitalocean.app,,,False
seattlecoffeegear.myshopify.com,Analytics;CDN;Embedded Content;Online Payment,Shopify Inc.,False
sebago-it.myshopify.com,Analytics;CDN;Embedded Content;Online Payment,Shopify Inc.,False
sebokep.vip,,,False
secomapp.com,,,False
secomtech.com,,,False
secondego.com,,,False
secondstreetapp.com,,,False
secrets.ai,,,False
sectigo.com,,Sectigo Limited,False
section.io,,,False
secure-afterpay.com.au,,Touch Networks Pty Ltd,False
secure-analytics.com,,,False
secure-track1.com,,,False
secure-update.co.uk,,,False
secureaddisplay.com,,,False
securedataimages.com,CDN,FriendFinder Networks Inc.,False
securedataimages.com.edgesuite.net,CDN,Akamai Technologies,False
securedvisit.com,Ad Motivated Tracking;Advertising,4Cite Marketing,True
secureholiday.net,,,False
secureinternetbank.com,,,False
securem2.com,,,False
securenetsystems.net,,,False
secureoffersites.com,,,False
secureprivacy.ai,,Skarpline,False
secureserver.net,SSO,GoDaddy Inc.,False
securetoken.googleapis.com,CDN;Embedded Content,Google LLC,False
securetrust.com,,,False
securiti.ai,,,False
security-privacy.com,,,False
securityannex.net,,,False
securitymetrics.com,,,False
securitytrfx.com,,,False
securykit.com,,,False
seeclickfix.com,,,False
seedbacklink.com,,,False
seeds.no,,,False
seedtag.com,,SEEDTAG ADVERTISING S.L.,False
seeka.services,,,False
seekinsprecision.com,,,False
seel.com,,,False
seenfil.com,,,False
seenthis.co,,,False
seenthis.io,,,False
seenthis.se,,,False
seersco.com,,,False
seesource.com,,,False
seez.co,,,False
sefaria.org,,,False
sefiles.net,,,False
seg.js,,,False
segler-verein-staad.de,,,False
segment-box.com,,,False
segment.com,Action Pixels;Ad Motivated Tracking;Advertising;Analytics;Third-Party Analytics Marketing,"Segment.io, Inc.",True
segment.io,Action Pixels;Ad Motivated Tracking;Advertising;Analytics;Third-Party Analytics Marketing,"Segment.io, Inc.",True
segmentapis.com,,,False
segmentify.com,,Segmentify Yazilim A.S.,False
segmentstream.com,,,False
segmetrics.io,,,False
segmint.net,,,False
segreencolumn.com,,,False
segs.jp,,,False
segtrk.com,,,False
seguno.com,,"Seguno Software, Inc.",False
seikowatches.com,,SEIKO HOLDINGS CORPORATION,False
selcdn.net,,,False
selectmedia.asia,,,False
selectra.com,,,False
selency.com,,,False
self-veri.com,,,False
self.systems,,,False
selfbook.com,,,False
selfclick.pro,,,False
selfridges.com,,Selfridges Retail Limited,False
seline.com,,,False
selkirk-sport.myshopify.com,Analytics;CDN;Embedded Content;Online Payment,Shopify Inc.,False
sellingsimplified.net,,,False
sellioapps.com,,,False
sellpy-parse-prod.herokuapp.com,CDN,"Salesforce.com, Inc.",False
sellpy.net,,,False
sellup.herokuapp.com,CDN,"Salesforce.com, Inc.",False
sellwild.com,,,False
selvklart.no,,,False
semasio.net,Ad Motivated Tracking;Advertising,Semasio GmbH,True
sematext.com,,,False
sembo.travel,,,False
semrush.com,,SEMrush CY LTD,False
semuadisini.xyz,,,False
sendcloud.net,,"Shenzhen Hexun Huagu Information Technology Co., Ltd.",False
sendcloud.sc,,,False
sender.net,,,False
sendfox.com,,,False
sendgrid.com,,"SendGrid, Inc",False
sendhark.com,,,False
sendinblue.com,,Dual Technologies Services,False
sendlane.com,,,False
sendowl.com,,,False
sendsafely.com,,,False
sendspark.com,,,False
sendtonews.com,,,False
sendx.io,,,False
senja-assets.b-cdn.net,CDN,BunnyCDN,False
senja.io,,,False
sennheiser-cloud.com,,,False
sennheiser.com,,Sennheiser electronic GmbH & Co. KG,False
senseforth.com,,,False
sensefuel.live,,,False
sensehq.com,,,False
sensfrx.ai,,,False
sensic.net,,,False
sensitiveclick.com,,,False
sensor-datasink-1858823711.us-west-2.elb.amazonaws.com,CDN,"Amazon Technologies, Inc.",False
sensors-data-upload-520449964.us-west-2.elb.amazonaws.com,CDN,"Amazon Technologies, Inc.",False
sensors-datasink-us-927341496.us-west-2.elb.amazonaws.com,CDN,"Amazon Technologies, Inc.",False
sensorsdata.cn,,"Sensors Network Technology (Beijing) Co., Ltd.",False
sensorsdata.com,,"Sensors Network Technology (Beijing) Co., Ltd.",False
sensorsdatavip.com,,,False
sensorsjourney.com,,,False
sentinelpro.com,,,False
sentry-cdn.com,Analytics;CDN,"Functional Software, Inc.",False
sentry.io,,"Functional Software, Inc.",False
senty.com.au,,,False
seo-blocks.com,,,False
seoab.io,,,False
seoant.com,,,False
seobotai.com,,,False
seocares.com,,,False
seojuice.io,,,False
seomanager.com,,,False
seon.io,,,False
seondf.com,,,False
seondfresolver.com,,,False
seondnsresolve.com,,,False
seoplatform.io,,,False
separatesort.com,,"Leven Labs, Inc. DBA Admiral",False
sephora.co.uk,,,False
septima.dk,,,False
sequel.io,,,False
sequelvideo.com,,,False
sequracdn.com,,,False
sera.to,,,False
sermonaudio.com,,,False
sero.tech,,,False
seroundprince.com,,,False
serv90.com,,,False
servebom.com,,"Purch Group, Inc.",False
servedby-buysellads.com,,BuySellAds,False
servedbyadbutler.com,,AdButler,False
servedbyivo.com,,,False
servedbysmart.com,,,False
serveditup.com,,,False
servefilesonly.com,,,False
servenobid.com,,Prebid.org,False
servenobids.com,,,False
server-side-tagging-237cnm7xlq-uc.a.run.app,,Google LLC,False
server-side-tagging-4ptnomxg5q-uc.a.run.app,,Google LLC,False
server-side-tagging-4yywuaej2q-uc.a.run.app,,Google LLC,False
server-side-tagging-623ktauwta-uc.a.run.app,,Google LLC,False
server-side-tagging-672ritsaca-uc.a.run.app,,Google LLC,False
server-side-tagging-7lw5t4h42q-uc.a.run.app,,Google LLC,False
server-side-tagging-7spcvy4omq-uc.a.run.app,,Google LLC,False
server-side-tagging-7wnb65nivq-uc.a.run.app,,Google LLC,False
server-side-tagging-agtfiui4gq-uc.a.run.app,,Google LLC,False
server-side-tagging-b2c2itg3wq-uc.a.run.app,,Google LLC,False
server-side-tagging-b7hlkr477a-uc.a.run.app,,Google LLC,False
server-side-tagging-blnbqlxcya-uc.a.run.app,,Google LLC,False
server-side-tagging-bn46go7nra-uc.a.run.app,,Google LLC,False
server-side-tagging-c4algtcb7q-uc.a.run.app,,Google LLC,False
server-side-tagging-dhhspy46ma-uc.a.run.app,,Google LLC,False
server-side-tagging-e3giecpaia-uc.a.run.app,,Google LLC,False
server-side-tagging-eigkgigpxa-uc.a.run.app,,Google LLC,False
server-side-tagging-fqgh7f6ola-uc.a.run.app,,Google LLC,False
server-side-tagging-gcqfkmu2qq-uc.a.run.app,,Google LLC,False
server-side-tagging-gwnjy56nma-uc.a.run.app,,Google LLC,False
server-side-tagging-h2qw55nphq-uc.a.run.app,,Google LLC,False
server-side-tagging-h3sa2x4bfa-uc.a.run.app,,Google LLC,False
server-side-tagging-humao46ewq-uc.a.run.app,,Google LLC,False
server-side-tagging-hxelzrqmha-uc.a.run.app,,Google LLC,False
server-side-tagging-iitc75mtea-uc.a.run.app,,Google LLC,False
server-side-tagging-iwumrqn3ia-uc.a.run.app,,Google LLC,False
server-side-tagging-jay2rczlwq-uc.a.run.app,,Google LLC,False
server-side-tagging-jfim274zeq-uc.a.run.app,,Google LLC,False
server-side-tagging-jimaxebjya-uc.a.run.app,,Google LLC,False
server-side-tagging-k6bo2zdg2q-uc.a.run.app,,Google LLC,False
server-side-tagging-kfabgrqsca-lz.a.run.app,,Google LLC,False
server-side-tagging-kprfcptyga-uc.a.run.app,,Google LLC,False
server-side-tagging-livx3p2vba-uc.a.run.app,,Google LLC,False
server-side-tagging-lqfkbr2rpq-uc.a.run.app,,Google LLC,False
server-side-tagging-lvqnmm64bq-uc.a.run.app,,Google LLC,False
server-side-tagging-mgrpsmcwxa-uc.a.run.app,,Google LLC,False
server-side-tagging-mh62c4hpya-uc.a.run.app,,Google LLC,False
server-side-tagging-mykimv3nta-uc.a.run.app,,Google LLC,False
server-side-tagging-n4tmbfzo7q-uc.a.run.app,,Google LLC,False
server-side-tagging-n5stl6toya-uc.a.run.app,,Google LLC,False
server-side-tagging-nu7k25nftq-uc.a.run.app,,Google LLC,False
server-side-tagging-oh37ak3tfq-uc.a.run.app,,Google LLC,False
server-side-tagging-olubkeitfa-uc.a.run.app,,Google LLC,False
server-side-tagging-ookvvl23mq-uc.a.run.app,,Google LLC,False
server-side-tagging-papakasjsa-uc.a.run.app,,Google LLC,False
server-side-tagging-pj4ulo6r5a-uc.a.run.app,,Google LLC,False
server-side-tagging-q6nk4xfvhq-uc.a.run.app,,Google LLC,False
server-side-tagging-sw34qojrpa-uc.a.run.app,,Google LLC,False
server-side-tagging-t22nqfy7nq-uc.a.run.app,,Google LLC,False
server-side-tagging-t7h4rmmdlq-uc.a.run.app,,Google LLC,False
server-side-tagging-ttsouhquba-uc.a.run.app,,Google LLC,False
server-side-tagging-tv5qpkgqeq-uc.a.run.app,,Google LLC,False
server-side-tagging-ucwrz57auq-uc.a.run.app,,Google LLC,False
server-side-tagging-v7yx4unsjq-uc.a.run.app,,Google LLC,False
server-side-tagging-vsfdocceva-uc.a.run.app,,Google LLC,False
server-side-tagging-w3t7lo2lmq-uc.a.run.app,,Google LLC,False
server-side-tagging-w66n5pxv4a-uc.a.run.app,,Google LLC,False
server-side-tagging-wegj3aa24q-uc.a.run.app,,Google LLC,False
server-side-tagging-xga7vfylma-uc.a.run.app,,Google LLC,False
server-side-tagging-xmqbdnzlha-uc.a.run.app,,Google LLC,False
server-side-tagging-xqgk2uszeq-uc.a.run.app,,Google LLC,False
server-side-tagging-y3fy3dhmga-uc.a.run.app,,Google LLC,False
server-side-tagging-yxapxrrzbq-uc.a.run.app,,Google LLC,False
server-side-tagging-yxkxisxb2q-uc.a.run.app,,Google LLC,False
server-side-tagging-yyx7mbxhta-uc.a.run.app,,Google LLC,False
server-side-tagging-znoxbbywsa-uc.a.run.app,,Google LLC,False
serverable.com,,,False
serverbid.com,,"Consumable, Inc.",False
serverdata.net,,,False
serverion.com,,,False
serverip.ch,,,False
serverowl.net,,,False
serverpower.net,,,False
serveservnet.com,,,False
servg1.net,,,False
servh.net,,,False
serviant.nl,,,False
service-cmp.com,,,False
service-now.com,,,False
serviceadtube.workers.dev,,,False
servicecloudweb.com,,,False
serviceform.com,,,False
servicenowservices.com,,,False
servicepipe.ru,,,False
services.abbott,,,False
servicesadmedia.com,,,False
servicesaustralia.gov.au,,,False
servicify-appointments.herokuapp.com,CDN,"Salesforce.com, Inc.",False
servimg.com,,,False
serving-sys.com,Ad Motivated Tracking;Advertising,"Amazon Technologies, Inc.",True
serving-sys.ru,,,False
servmetric.com,,,False
servrapp.com,,,False
sesamy-dns.com,,,False
sesamy.com,,,False
seseasky.com,,,False
session-recording-now.herokuapp.com,CDN,"Salesforce.com, Inc.",False
session-replays.io,,,False
sessionrewind.com,,,False
setlistfm.com,,Live Nation Entertainment,False
setubridgeapps.com,,,False
setupad.com,,SETUPAD Inc.,False
setupad.io,,,False
setupad.net,,,False
setupcmp.com,,,False
sevendaystickets.com,,,False
sevenmeters.biz,,,False
sevenrooms.com,,,False
sevstar933krop.com,,,False
sewest.net,,,False
sewingpartsonline.myshopify.com,Analytics;CDN;Embedded Content;Online Payment,Shopify Inc.,False
sex-picsxxx.name,,,False
sex4tokens.com,,,False
sexad.net,,"ICF Technology, Inc",False
sexbokep.net,,,False
sexcash.com,,,False
sexchatters.com,,,False
sexfortokens.com,,,False
sexgramm.ru,,,False
sexsex61.com,,,False
sextankmen.org,,,False
sextb.net,,,False
sextubes2u.com,,,False
sexyhint.myshopify.com,Analytics;CDN;Embedded Content;Online Payment,Shopify Inc.,False
sexyland-2.myshopify.com,Analytics;CDN;Embedded Content;Online Payment,Shopify Inc.,False
sexymilfspics.com,,,False
seznam.cz,,"Seznam.cz, a.s.",False
sezzle.com,,,False
sf-express.com,,,False
sf-logs.io,,,False
sf-syn.com,,,False
sf.gov,,,False
sfacdn.io,,,False
sfchronicle.com,,Hearst Communications,False
sfdcdigital.com,,,False
sfdcstatic.com,,"Salesforce.com, Inc.",False
sfdcstatic.com.edgekey.net,,Akamai Technologies,False
sfdr.co,,,False
sfly.io,,,False
sflysso.edgekey.net,,Akamai Technologies,False
sfmc-content.com,,,False
sfnix.net,,,False
sftoaa.com,,,False
sg-host.com,,,False
sg-nyandco.myshopify.com,Analytics;CDN;Embedded Content;Online Payment,Shopify Inc.,False
sg.fr,,,False
sgf-patron-support-chatbot.vercel.app,,,False
sgit.se,,,False
sgmntfy.com,,,False
sgp-usercenter-oppo-pubgw-2124816047.ap-southeast-1.elb.amazonaws.com,CDN,"Amazon Technologies, Inc.",False
sgsnssdk.com,,ByteDance Ltd.,False
sgsonline.net,,,False
sgtm-tires-easy-p4d6w5vuea-uc.a.run.app,,Google LLC,False
sgvafs.top,,,False
sgwidget.com,,,False
shabdkosh.net,,,False
shakegoldfish.com,,"Leven Labs, Inc. DBA Admiral",False
shakingtacklingunpeeled.com,,,False
shaklee.com,,,False
shaklee.com.edgekey.net,,Akamai Technologies,False
shannons.com.au,,,False
shanon-services.com,,,False
shapecomb.com,,"Leven Labs, Inc. DBA Admiral",False
shapermint.com,,,False
shapo.io,,,False
shappify.com,,Shappify,False
share-cdn-prod.azureedge.net,CDN,Microsoft Corporation,False
share.google,,,False
shareaholic.com,Ad Motivated Tracking;Advertising;Analytics;Embedded Content;Social - Share;Third-Party Analytics Marketing,Shareaholic Inc,True
shareaholic.net,,Shareaholic Inc,False
shareasale-analytics.com,,Shareasale.com,False
shareasale.com,,Shareasale.com,False
sharebang.com,,,False
sharechat.com,,Mohalla Tech Pvt. Ltd.,False
sharedcount.com,,,False
sharedimages.azureedge.net,CDN,Microsoft Corporation,False
sharedvision.io,,,False
sharelinktechnologies.com,,,False
sharemedia.rs,,,False
sharepointonline.com.edgekey.net,,Akamai Technologies,False
sharethis.com,Ad Motivated Tracking;Advertising;Embedded Content;Social - Share;Third-Party Analytics Marketing,"ShareThis, Inc",True
sharethrough.com,Ad Motivated Tracking;Advertising,"Sharethrough, Inc.",True
sharkninja.com,,,False
sharkninja.de,,,False
sharkvidskr.com,,,False
sharky777.xyz,,,False
sharpschool.com,,,False
sharpspring.com,,Sharpspring Inc,False
shawcable.net,,,False
shawfiles.s3.us-east-2.amazonaws.com,CDN,"Amazon Technologies, Inc.",False
shawlocal.b-cdn.net,CDN,BunnyCDN,False
shb-sync.com,,,False
shcdn.de,,,False
shdid.me,,,False
sheerid.com,,,False
sheets.googleapis.com,CDN;Embedded Content,Google LLC,False
shein.com,,"ZOETOP Business Co., Limited",False
shein.com.edgekey.net,,Akamai Technologies,False
shelterbuddy.com,,,False
shemalestardb.b-cdn.net,CDN,BunnyCDN,False
shemediax.com,,,False
shenqimanhua.cc,,,False
shepple.com,,,False
sherpaoutdoor.com,,,False
sherrilltree-middleware-prod.appspot.com,CDN,Google LLC,False
shesubscriptions.com,,"Leven Labs, Inc. DBA Admiral",False
shetlandarts.org,,,False
shgapi.com,,,False
shgcdn.com,,,False
shgcdn2.com,,,False
shgcdn3.com,,,False
shield-templates-prod.b-cdn.net,CDN,BunnyCDN,False
shielded.co.nz,,,False
shields.io,,,False
shifen.com,,,False
shift4.com,,,False
shift4shop.com,,,False
shiftdigitalapps.io,,,False
shigotech.io,,,False
shiksha.edgekey.net,,Akamai Technologies,False
shiksha.ws,,,False
shimano.com,,Shimano North America Holding,False
shinagawa-five.jp,,,False
shinbashi-hitozuma.jp,,,False
shinesty.myshopify.com,Analytics;CDN;Embedded Content;Online Payment,Shopify Inc.,False
shinobi.jp,,Ninja Tools Inc.,False
shinystat.com,,,False
shipbob.com,,,False
shipearlyapp.com,,,False
shipinsure.io,,,False
shipped-production.s3.amazonaws.com,CDN,"Amazon Technologies, Inc.",False
shippedapp.co,,,False
shippedsuite.com,,,False
shipscout.app,,,False
shiptect.com,,,False
shipup.co,,,False
shipwill.com,,,False
shoalter.com,,,False
shocho.co,,Corey Tisdale,False
shock-surplus.myshopify.com,Analytics;CDN;Embedded Content;Online Payment,Shopify Inc.,False
shockya.com,,,False
shoecarnival.com,,"Shoe Carnival, Inc.",False
shoesize.me,,,False
shofifi-pps.web.app,,Google LLC,False
shogakukan-web-api.net,,,False
shogun-abc-production.global.ssl.fastly.net,Action Pixels;Ad Motivated Tracking;Advertising;Analytics;CDN;Embedded Content;Session Replay;Third-Party Analytics Marketing,"Fastly, Inc.",True
shop-beurer.com,,,False
shop-chadwicks.com,,,False
shop-chat-agent-lively-rain-2855.fly.dev,,,False
shop-countrystore.com,,,False
shop-d20pfsrd-com.myshopify.com,Analytics;CDN;Embedded Content;Online Payment,Shopify Inc.,False
shop-keeper.com,,,False
shop-thenorthstyle.com,,,False
shop.app,,Shopify Inc.,False
shop.pe,,Add Shoppers,False
shopabunda.s3.us-west-2.amazonaws.com,CDN,"Amazon Technologies, Inc.",False
shopapps.site,,,False
shoparize.com,,,False
shopassistant-ai.com,,,False
shopback.com,,,False
shopbandit1.com,,,False
shopbop.com,,BOP LLC,False
shopcircle.co,,,False
shopclimb.com,,,False
shopcraft.dev,,,False
shopee.co.id,,Sea Limited,False
shopforward.eu,,,False
shopgate.com,,,False
shopgun.com,,,False
shopiapps.in,,,False
shopify-app-bizrate-pos-sa-prod.s3.amazonaws.com,CDN,"Amazon Technologies, Inc.",False
shopify-hubbox.s3.amazonaws.com,CDN,"Amazon Technologies, Inc.",False
shopify-notification-app.herokuapp.com,CDN,"Salesforce.com, Inc.",False
shopify-simplemaps.s3.amazonaws.com,CDN,"Amazon Technologies, Inc.",False
shopify.com,Analytics;CDN;Embedded Content;Online Payment,Shopify Inc.,False
shopifyapps.com,,Shopify Inc.,False
shopifycdn.com,CDN;Embedded Content,Shopify Inc.,False
shopifycdn.net,,,False
shopifycloud.com,,Shopify Inc.,False
shopifyorderlimits.s3.amazonaws.com,CDN,"Amazon Technologies, Inc.",False
shopifysvc.com,,Shopify Inc.,False
shopimind.io,,,False
shopinsync.com,,,False
shopkeepertools.com,,,False
shoplazza.com,,,False
shoplift.ai,,,False
shoplightspeed.com,,,False
shoplive.cloud,,Shoplive,False
shoplocal.com,,"ShopLocal, LLC.",False
shoplyai.ai,,,False
shoplytics.com,,,False
shoplytics.de,,,False
shopmy.us,,,False
shopmyexchange.com.edgekey.net,,Akamai Technologies,False
shopnetic.com,,,False
shopoe.net,,,False
shopperapproved.com,,Global Marketing Strategies,False
shopping-behaviour-interest-data.s3.us-west-2.amazonaws.com,CDN,"Amazon Technologies, Inc.",False
shopping-compare.com,,,False
shoppingcartelite.com,,,False
shoppinggives.com,,,False
shops.myshopify.com,Analytics;CDN;Embedded Content;Online Payment,Shopify Inc.,False
shopsage.ai,,,False
shopsixle.com,,,False
shopstyle.com,,Shopstyle Inc.,False
shopsummersalt.myshopify.com,Analytics;CDN;Embedded Content;Online Payment,Shopify Inc.,False
shopthruapp.com,,,False
shoptoken-assets.s3.amazonaws.com,CDN,"Amazon Technologies, Inc.",False
shopvote.de,,,False
shopvoxpopulus.com,,,False
shopwoodmans.com,,,False
shopyalehome.com,,,False
shopyflow.io,,,False
shortpixel.ai,,,False
shorts-img.b-cdn.net,CDN,BunnyCDN,False
shoutout.global,,,False
shoutwiki-servers.com,,,False
show-creative1.com,,,False
show-sb.com,,,False
showcasegalleries.io,,,False
showheroes.com,,ShowHeroes GmbH,False
showit.co,,,False
showmeyouradsnow.com,,,False
showpass.com,,,False
showvid.ws,,,False
shrinetheme.com,,,False
shrlnk.org,,,False
shudder.com,,,False
shufoo.net,,"TOPPAN PRINTING CO., LTD.",False
shulex-voc.com,,,False
shulex.com,,,False
shuttercloud.org,,,False
shutterflycdn.com,,,False
shutterstock.com,CDN;Embedded Content,Shutterstock Inc.,False
shutto-translation.com,,,False
sia-france.fr,,,False
siatenidantic.com,,,False
sibautomation.com,,Dual Technologies Services,False
sibboventures.com,,,False
sibforms.com,,,False
sibulla.com,,,False
sidearm-syndication.s3.amazonaws.com,CDN,"Amazon Technologies, Inc.",False
sidearmdev.com,,,False
sidearmsports.com,,SIDEARM Sports,False
sided.co,,,False
sidedeal.com,,,False
sidekickai.co,,,False
sidepanda.com,,,False
sideshow-prod-media.s3.amazonaws.com,CDN,"Amazon Technologies, Inc.",False
siemens-cdn.com,,,False
siemens-healthineers.cloud,,,False
siemens.com,,Siemens,False
siemens.com.edgekey.net,,Akamai Technologies,False
siena.cx,,,False
sierra.chat,,,False
sierrastatic.com,,,False
sift.com,Fraud Prevention,"Sift Science, Inc.",False
siftscience.com,Fraud Prevention,"Sift Science, Inc.",False
sigalert.com,,"iHM Identity, Inc.",False
sight-sound.com,,,False
sigillo-netcomm.pages.dev,,,False
sigillo.workers.dev,,,False
sigmaaldrich.com,,Sigma Aldrich Corporation,False
sigmapic.com,,,False
signalfx.com,,,False
signalhire.co,,,False
signalintent.com,,,False
signalr.net,,,False
signapsesolutions.com,,,False
signatureskin-7398-2.myshopify.com,Analytics;CDN;Embedded Content;Online Payment,Shopify Inc.,False
signifyd.com,,Signifyd Inc.,False
signpanda.me,,,False
sigscicloudwaf.com,,,False
sikt.no,,,False
silent-basis.pro,,,False
siliconweb.com,,,False
silkengirl.com,,,False
silktide.com,,,False
silverassist.com,,,False
silvercloudinc.com,,SilverCloud Inc,False
silveregg.net,,"Silver Egg Technology CO.,Ltd.",False
silvermob.com,,,False
silversiri.com,,,False
silverthumbs.b-cdn.net,CDN,BunnyCDN,False
sim-cdn.nl,,,False
simanalytics.nl,,,False
simbad.pro,,Programmatic Media LLC,False
simcerebic.com,,,False
similarcdn.com,,,False
similarweb.com,,SimilarWeb LTD,False
simon.com,,"Simon Property Group, L.P.",False
simonsignal.com,,,False
simple.com.au,,,False
simple105.com,,,False
simpleanalytics.com,,,False
simpleanalytics.io,,,False
simpleanalyticscdn.com,,,False
simpleanalyticsexternal.com,,,False
simplecast.com,,Sirius XM Holdings Inc.,False
simplecastcdn.com,,,False
simpleicons.org,,,False
simplelocalize.io,,,False
simpleparish.com,,,False
simplepaste.site,,,False
simplesvg.com,,,False
simpletexting.com,,,False
simpleview-europe.com,,,False
simpleviewcms.com,,Simpleview LLC,False
simpleviewdms.com,,,False
simpleviewinc.com,,Simpleview LLC,False
simpleviewtools.com,,,False
simplex.tv,,,False
simpli.fi,Ad Motivated Tracking;Advertising;Analytics,Simplifi Holdings Inc.,True
simplicitycms.ca,,,False
simply.com,,,False
simplybook.me,,,False
simplykitchenparts.myshopify.com,Analytics;CDN;Embedded Content;Online Payment,Shopify Inc.,False
simplywebshop.de,,,False
simprosysapps.com,,,False
simpshopifyapps.com,,,False
sinaedge.com,,,False
sinajs.cn,,Sina Corporation,False
sinch.com,,Sinch AB,False
sinclairstoryline.com,,Sinclair Broadcast Group Inc,False
sinful.media,,,False
sinful.tech,,,False
sinfulservice.dk,,,False
singaporeair.com.edgekey.net,,Akamai Technologies,False
singo.vn,,,False
singroot.com,,"Leven Labs, Inc. DBA Admiral",False
singsw.com,,,False
singular.net,,"Singular Labs, Inc.",False
sinparty.com,,,False
sinplacement.com,,,False
sinter-collect.com,,,False
sirclocdn.xyz,,,False
sirdata.eu,,,False
sirdata.io,,Sirdata SAS,False
sirius.press,,,False
sirv.com,CDN,Jake Brumby,False
sis-schwerin.de,,,False
sissify.online,,,False
sistema.gov.br,,,False
site-config.com,,,False
site-static.com,,,False
site.com,CDN,"Salesforce.com, Inc.",False
site24x7rum.com,,ZOHO Corporation,False
site24x7rum.com.au,,,False
site24x7rum.eu,,ZOHO Corporation,False
site24x7rum.in,,,False
siteassetsthefarside.b-cdn.net,CDN,BunnyCDN,False
siteassist.biz,,,False
sitebehaviour.com,,,False
siteblindado.com,,EDITORA GLOBO S/A.,False
sitecockpit.com,,,False
sitecorecloud.io,,,False
sitecorecontenthub.cloud,,,False
sitecoreproxy.io,,,False
sitedataprocessing.com,,,False
sitefinity.com,,,False
siteforce.com,,,False
siteimprove.com,Analytics,Siteimprove A/S,False
siteimproveanalytics.com,Analytics,Siteimprove A/S,False
siteimproveanalytics.io,Analytics,Siteimprove A/S,False
sitejabber.com,,,False
sitelabweb.com,,,False
sitelead.net,,,False
sitelock.com,,Sitelock LLC,False
sitelytics.tech,,,False
sitemana.com,,,False
sitemeter.com,,Site Meter Inc.,False
siteperformancetest.net,,,False
sitepxl.com,,,False
sites-analytics.com,,,False
sitescdn.net,CDN,,False
sitescout.com,Action Pixels;Ad Motivated Tracking;Advertising;Analytics,"Centro, Inc.",True
sitesearch360.com,,,False
sitesell.com,,,False
sitest.jp,,,False
sitestream.co,,,False
sitetran.com,,,False
sitevibes.com,,,False
sitewebnetwork.top,,,False
sitewebnetwork3.top,,,False
sitewit.com,,,False
sitkainsights.com,,,False
sixt.com,,SIXT SE,False
sixthreezerobikes.myshopify.com,Analytics;CDN;Embedded Content;Online Payment,Shopify Inc.,False
sizebay.technology,,,False
sj-cdn.net,,,False
sjscdn.com,,,False
sjsmartcontent.ru,,,False
sjv.io,,Impact,False
sk-static.com,,SK Acquisition Ltd.,False
sk.ht,,Skaze,False
skaitv.gr,,,False
skapamer.com,,,False
skassets.com,,SK Intertainment,False
skated.co,,,False
skatepro.com,,,False
skbv.se,,,False
skcrtxr.com,,,False
skechers.co.uk,,,False
skechers.com,,"Skechers U.S.A., Inc.",False
skeepers.io,,,False
skeetads.com,,,False
sketchdaily-api-gip2v.ondigitalocean.app,,,False
skibuller.com.au,,,False
skillbuilder.io,,,False
skillyai.com,,,False
skimresources.com,Ad Motivated Tracking;Advertising;Analytics,Skimbit LTD,True
skinmatchapp.com,,,False
skio.com,,,False
skiocheck.com,,,False
skipify.com,,,False
skipto-landmarks-headings.github.io,CDN;Non-Tracking,"GitHub, Inc.",False
skiresort-service.com,,Skiresort Service International GmbH,False
skiv.com,,,False
skoda-auto.com,,SKODA AUTO a.s.,False
skool.com,,,False
skoringen.dk,,,False
skplanet.com,,SK Group,False
skpr.live,,,False
sks.com,,SKS Consulting,False
skullmagnets.com,,,False
sky.blackbaudcdn.net,,,False
sky.com.edgekey.net,,Akamai Technologies,False
sky.com.edgesuite.net,CDN,Akamai Technologies,False
sky.it,,Comcast Corporation,False
skyassets.com.edgekey.net,,Akamai Technologies,False
skybeam-analytics.com,,,False
skycdp.com,,,False
skyglue.com,,,False
skyharbor.com.edgekey.net,,Akamai Technologies,False
skyjs.org,,,False
skynav.app,,,False
skynettechnologies.com,,,False
skynettechnologies.us,,,False
skynews.com,,Comcast Corporation,False
skypack.dev,,,False
skyra.no,,,False
skyscanner.net,,Trip.com Group Limited,False
skyscannerplatform.net,,,False
skyscnr.com,,Trip.com Group Limited,False
skysports.com,,Comcast Corporation,False
skytraffix.net,,,False
skyword.com,,,False
skz.se,,,False
slack.com,,"Slack Technologies, Inc.",False
slashdot.org,,"SourceForge Media, LLC",False
slashed.cloud,,,False
slater-app.s3.amazonaws.com,CDN,"Amazon Technologies, Inc.",False
slater.app,,,False
slatic.net,,Alibaba Group,False
sleak.chat,,,False
sleeknote.com,,,False
sleekplan.com,,,False
sleepoverlimitprofound.com,,,False
slgnt.eu,,Selligent,False
slgnt.us,,Selligent,False
slickstream.com,,,False
slicktext.com,,,False
slicktext.s3.us-west-2.amazonaws.com,CDN,"Amazon Technologies, Inc.",False
slidepresenter.com,,,False
slideruleanalytics.com,,,False
slideruletools.com,,,False
slightlyoffensive.ghost.io,,,False
sligro-digital.nl,,,False
slim02.jp,,,False
slimesupplies.net,,,False
slinkway.com,,,False
slope3.com,,,False
slotsproxy.azurewebsites.net,CDN,Microsoft Corporation,False
sloyalty.com,,,False
slpht.com,,,False
slpy.com,,,False
slsnlytcs.com,,,False
sltwtr.com,,,False
slurrp.com.edgesuite.net,CDN,Akamai Technologies,False
sluurpy.it,,,False
smaato.net,Ad Motivated Tracking;Advertising;Analytics,Smaato Inc.,True
smac-ad.com,,,False
smacksmallness.space,,,False
smadex.com,,Entravision Communications Corporation,False
smailru.net,,,False
smalk.ai,,,False
smallestpawsmention.com,,,False
smallwoods.io,,,False
smanavi.net,,,False
smarketer.de,,,False
smart-bdash.com,,,False
smart-company-365.com,,,False
smart-digital-solutions.com,,"CacheNetworks, LLC",False
smart-digital-solutions.de,,,False
smart-digital-solutions.io,,,False
smart-enterprise-acumen.com,,,False
smart-feeds.com,,,False
smart-id.ca,,,False
smart-pixl.com,,,False
smart-pixl.net,,,False
smart-tribune.com,,,False
smart.link,,Kochava,False
smartadhi.com,,,False
smartadserver.com,Ad Motivated Tracking;Advertising,Smartadserver S.A.S,True
smartarget.online,,,False
smartcallback.ru,,,False
smartclick.net,,,False
smartclip-services.com,,,False
smartclip.net,,smartclip Europe GmbH,False
smartclipspain.com,,,False
smartcmobile.com,,,False
smartcustomer.com,,,False
smartdevicesales.com,,,False
smarterhq.io,,SmarterHQ,False
smartertrack.com,,SmarterTools Inc.,False
smartfit.online,,,False
smartframe.io,,,False
smarthint.co,,,False
smartico.one,,,False
smartling.com,,"Smartling, Inc.",False
smartlook.cloud,,,False
smartlook.com,,,False
smartmeapp.com,,,False
smartmetrics.co.uk,,,False
smartmoneypeople.com,,,False
smartnews-ads.com,,"SmartNews, Inc.",False
smartocto.com,,,False
smartology.co,,,False
smartp.com,,NET SOLUTION PARTNER Sarl,False
smartpak.com.edgekey.net,,Akamai Technologies,False
smartpixl.com,,,False
smartpushedm.com,,,False
smartrecognition.com,,,False
smartreply.io,,,False
smartrmail.com,,,False
smartsam.ai,,,False
smartseer.com,,,False
smartsites.com,,,False
smartspends.com,,,False
smartstream.tv,,SMARTSTREAM.TV GmbH,False
smartsupp.com,,,False
smartsuppcdn.com,,,False
smartsuppchat.com,,,False
smartthing.org,,,False
smartyads.com,,,False
smartytech.io,,,False
smartytouch.co,,,False
smashfly.com,,,False
smassets.net,,Momentive Inc.,False
smcloud.net,,,False
smct.co,,SMARTER CLICK TECHNOLOGY LTD,False
smct.io,,SMARTER CLICK TECHNOLOGY LTD,False
smdome.com,,,False
smdp.ghost.io,,,False
smedata.sk,,,False
smeetz.com,,,False
smehost.net,,,False
smg-loadblancer-1386172344.us-east-1.elb.amazonaws.com,CDN,"Amazon Technologies, Inc.",False
smg.com,,Service Management Group,False
smi2.net,,"Obshchestvo s ogranichennoj otvetstvennostyu ""Internet Kholding E-generator""",False
smi2.ru,,"LLC ""SMI2""",False
smi2cdn.ru,,"LLC ""SMI2""",False
smile.io,,Smile Inc.,False
smilewanted.com,,,False
smileybee.com,,,False
smiling.video,,,False
smithburka.com,,,False
smithsonian.museum,,Smithsonian Institution,False
smn.rs,,,False
smooch.io,,"Zendesk, Inc.",False
smooth.ie,,,False
smootify.io,,,False
smopy.com,,,False
smore.com,,,False
smorgads.com,,,False
smoxy.eu,,,False
smoxycdn.net,,,False
smrtwheel.com,,,False
sms-magic.com,,,False
smsbump.com,,,False
smtrk.net,,,False
smugmug.com,,"SmugMug, Inc.",False
snack-media.com,,,False
snack-projects.co.uk,,,False
snack-scripts.b-cdn.net,CDN,BunnyCDN,False
snackly.co,,Minute Spoteam Ltd.,False
snap.edgekey.net,,Akamai Technologies,False
snapchat.com,Action Pixels;Ad Motivated Tracking;Social Network,Snap Inc.,True
snapengage.com,Support Chat Widget,"Timzon, LLC",False
snaping.net,,ONE TIME SARL,False
snapmaker.ghost.io,,,False
snappages.site,,,False
snapsea.io,,,False
snaptrckr.fun,,,False
snaptube.app,,,False
snapwidget.com,,,False
snbets.com,,,False
sndcdn.com,,SoundCloud Global Limited & Co. KG,False
sndimg.com,,Scripps Networks LLC,False
sndr.no,,,False
sneaker-freaker.b-cdn.net,CDN,BunnyCDN,False
snedrilo.info,,,False
snidigital.com,,Scripps Networks LLC,False
snigelweb.com,,,False
snipcart.com,,,False
snitcher.com,,,False
snoobi.eu,,,False
snosites.com,,,False
snow.com,,Vail Resorts Inc.,False
snplow.net,,,False
snrbox.com,,,False
snrgolfsrc.b-cdn.net,CDN,BunnyCDN,False
sntjim.com,,,False
snts-app.herokuapp.com,CDN,"Salesforce.com, Inc.",False
snuffilm.com,,,False
snva.jp,,,False
soapps.net,,,False
sobeys.com,,Sobeys Capital Incorporated,False
sobot.com,,Wisdom Tooth Technology,False
sobot.io,,,False
socastsrm.com,,,False
socdm.com,Ad Motivated Tracking;Advertising,Supership Inc,True
socds.net,,,False
sociablekit.com,,,False
social-sb.com,,Spreading Apps,False
socialbeat.io,,,False
socialboards.com,,,False
socialclimb.com,,,False
socialclime.com,,,False
socialdisplay.com,,,False
socialintents.com,,,False
socialprooff.com,,,False
socialshopwave.com,,,False
socialsignin.net,,,False
socialsnowball.io,,,False
societe-des-avis-garantis.fr,,,False
sociofyme.com,,,False
sociomantic.com,,sociomantic labs GmbH,False
socket.io,,,False
soclminer.com.br,,RM SISTEMAS,False
socloz.com,,CloseToMe,False
socoms.net,,,False
socrata.com,,,False
socure.io,,,False
socy.cloud,,,False
socy.es,,,False
socy.pro,,,False
sodimac.com,,,False
soflopxl.com,,,False
softbank.jp,,SoftBank Group Corp.,False
softbear.com,,,False
softclick.de,,,False
sogei.it,,,False
sohatv.vn,,,False
sohib21.ink,,,False
sohohousedigital.com,,,False
sojern.com,Ad Motivated Tracking;Advertising,"Sojern, Inc.",True
solads.media,,,False
solar-4-rvs.myshopify.com,Analytics;CDN;Embedded Content;Online Payment,Shopify Inc.,False
solarwinds.com,,"SolarWinds Worldwide, LLC",False
soleilhausse.com,,,False
solidarity.tech,,,False
soliver.com,,,False
solodrop.com,,,False
solosholidays.co.uk,,,False
soloway.ru,,"LLC ""Internest-holding""",False
solsticemedia.com.au,,,False
solta.io,,,False
solty.biz,,,False
solutions4delivery.com,,,False
solvedata.app,,,False
solvedata.io,,,False
sombreros-y-gorras.myshopify.com,Analytics;CDN;Embedded Content;Online Payment,Shopify Inc.,False
somediaag.qualifioapp.com,,,False
somfy.com,,,False
sonataplatform.com,,"TAPTAP DIGITAL, S.L.",False
song-club.de,,,False
songaplay.com,,,False
songsterritory.com,,"Leven Labs, Inc. DBA Admiral",False
songtradr.com,,,False
sonic.net,,,False
sonobi.com,Advertising,"Sonobi, Inc",True
sonos.com.edgekey.net,,Akamai Technologies,False
sonyglobal.akamaized.net,CDN,Akamai Technologies,False
sonymusiccreative.com,,,False
sonymusicfans.com,,,False
soonerswire.com,,,False
sooqr.com,,Sooqr,False
soothingglade.com,,"Leven Labs, Inc. DBA Admiral",False
sootoarathus.net,,,False
sopalk.com,,,False
sophi.io,,The Globe and Mail Inc.,False
sophiaaccoladewest.com,,,False
sophisticatedpin.com,,,False
sophus3.com,,,False
sopress.dev,,,False
sopro.io,,,False
soreto.com,,,False
soron.ai,,,False
sortd.mobi,,,False
sortir.com,,,False
sos-wp-media.s3.amazonaws.com,CDN,"Amazon Technologies, Inc.",False
soulframe.com.edgesuite.net,CDN,Akamai Technologies,False
soundcloud.com,CDN;Embedded Content,SoundCloud Global Limited & Co. KG,False
soundcoreusa.myshopify.com,Analytics;CDN;Embedded Content;Online Payment,Shopify Inc.,False
soundestlink.com,,,False
soundlyproduction-staticbucket-1u1j3b7ijqb2i.s3.us-west-2.amazonaws.com,CDN,"Amazon Technologies, Inc.",False
sourceforge.net,,"SourceForge Media, LLC",False
south-dakota-news-watch.ghost.io,,,False
southernglazers.com,,,False
southparkstudios.nu,,,False
souvlatraffic.com,,,False
sovendus-connect.com,,,False
sovendus.com,,,False
sovon.nl,,,False
sovopt.com,,,False
sovrn.co,,,False
sovrn.com,,Sovrn Holdings,False
sovrnlabs.net,,Sovrn Holdings,False
sovrnservices.com,,,False
sozialversicherung.at,,Hauptverband der oesterreichischen Sozialversicherungstraeger,False
sp-20190723062100149400000004-2096444657.eu-west-1.elb.amazonaws.com,CDN,"Amazon Technologies, Inc.",False
sp-20191106151015265200000008-622223770.eu-west-1.elb.amazonaws.com,CDN,"Amazon Technologies, Inc.",False
sp-20191126130538726000000008-781616090.us-east-1.elb.amazonaws.com,CDN,"Amazon Technologies, Inc.",False
sp-20191219113910757700000008-1506078549.eu-west-1.elb.amazonaws.com,CDN,"Amazon Technologies, Inc.",False
sp-20200121131031778800000008-1995078531.ap-southeast-2.elb.amazonaws.com,CDN,"Amazon Technologies, Inc.",False
sp-2020052115502083830000000a-1150652649.us-east-1.elb.amazonaws.com,CDN,"Amazon Technologies, Inc.",False
sp-2020080320302799020000000b-1651118174.us-west-2.elb.amazonaws.com,CDN,"Amazon Technologies, Inc.",False
sp-20220707190837319400000005-90759198.eu-central-1.elb.amazonaws.com,CDN,"Amazon Technologies, Inc.",False
sp-gn.com,,,False
sp-micro-next.b-cdn.net,CDN,BunnyCDN,False
sp-micro-proxy.b-cdn.net,CDN,BunnyCDN,False
sp-prod.net,,Sourcepoint Technologies Inc,False
sp-selfservice.com,,,False
sp-trk.com,,,False
sp-wukong-tracker.b-cdn.net,CDN,BunnyCDN,False
sp148.global.ssl.fastly.net,Action Pixels;Ad Motivated Tracking;Advertising;Analytics;CDN;Embedded Content;Session Replay;Third-Party Analytics Marketing,"Fastly, Inc.",True
space48apps.com,,,False
spaces.ca,,,False
spacial.com,,,False
spadsync.com,,,False
spain-tourist-guide.com,,,False
spamkill.co,,,False
spamkill.dev,,,False
spangleservice.com,,,False
spanishdict.com,,"Curiosity Media, Inc.",False
spara.co,,,False
sparefoot.com,,SpareFoot Inc.,False
spares.nu,,,False
spark-foxsports.edgesuite.net,CDN,Akamai Technologies,False
sparkasse-vor-ort.de,,,False
sparkasse.de,,Sparkassen-Finanzportal GmbH,False
sparkassen-mediacenter.de,,,False
sparkcms.com.au,,,False
sparkdriverapp.com,,,False
sparkflow.net,,,False
sparklayer.io,,,False
sparkloop.app,,,False
sparknotes.com.edgekey.net,,Akamai Technologies,False
sparkplugin.com,,,False
sparrow.ru,,,False
spartanswire.com,,,False
sparteo.com,,,False
spartez-software.com,,,False
spartezchatfiles.b-cdn.net,CDN,BunnyCDN,False
sparx-learning.com,,,False
spatialstream.com,,,False
spbx.app,,,False
spcdn.ca,,,False
speakcdn.com,,,False
speakol.com,,,False
speakpipe.com,,,False
speakup.ai,,,False
speaz.com,,,False
speccheck.com,,,False
specialdistrict.org,,,False
specials.de,,,False
specialtystats.info,,AirTight Design,False
spectaclebough.com,,,False
spectator.co.uk,,,False
spectrumbrands.com,,,False
spectrumflow.net,,,False
spectrumnews1.com,,,False
speechify-api-dot-speechifymobile.uc.r.appspot.com,CDN,Google LLC,False
speechify.com,,,False
speedboostr.io,,,False
speedcdnjs.com,,,False
speedcurve.com,,SpeedCurve Limited,False
speednik.com,,,False
speedrfp.com,,,False
speedsize.com,,,False
speedspot.org,,,False
speedtestcustom.com,,Ziff Davis LLC,False
speedvitals.com,,,False
speedwaymotorsports.com,,"Speedway Motorsports, Inc.",False
speedy.b-cdn.net,CDN,BunnyCDN,False
speedysurfcdn.net,,,False
speee-ad.akamaized.net,CDN,Akamai Technologies,False
speee-ad.jp,,Takeru Nakanishi,False
speetals.com,,,False
spektrix.com,,Spektrix Ltd,False
spellingoefenen.nl,,,False
spellingthoughts.com,,,False
spellknight.com,,,False
spendino.de,,,False
spendsdetachment.com,,,False
sperry.com.edgekey.net,,Akamai Technologies,False
spexjs.com,,,False
sph.com.sg,,,False
sphdigital.com.sg,,,False
sphera.tools,,,False
sphereup.com,,"SphereUp, Inc",False
sphlabs.com,,,False
spicegems.com,,,False
spicegems.org,,,False
spicycubes.co,,,False
spiffy.ai,,,False
spiffy.co,,,False
spigenus.myshopify.com,Analytics;CDN;Embedded Content;Online Payment,Shopify Inc.,False
spinasale.com,,,False
spindl.link,,,False
spinitron.com,,,False
spinmeet.com,,,False
spinnaker-js.com,,,False
spinoco.com,,,False
spinudev.com,,,False
spinwheelapp.com,,,False
spinwheelmaker.com,,,False
spiraldisturbedimmortality.com,,,False
spiriit.cloud,,,False
spirit.com.edgekey.net,,Akamai Technologies,False
spiritdaily.org,,,False
spiritrestructuring.com,,,False
splash-screen.net,,International Business Machines Corporation,False
splashmath.com,,,False
spline.design,,,False
splio.com,,,False
split.io,,"Split Software, Inc.",False
splitit.com,,,False
splunkcloud.com,,"Splunk, Inc.",False
spmediacdn.com,,,False
spockee.io,,,False
spoks.com,,,False
spolecznosci.net,,,False
sponichi.co.jp,,,False
spookysleet.com,,"Leven Labs, Inc. DBA Admiral",False
sporkcdn.s3.amazonaws.com,CDN,"Amazon Technologies, Inc.",False
sport.akamaized.net,CDN,Akamai Technologies,False
sport1hub.com,,,False
sportal365images.com,,Ringier AG,False
sportdbc.com,,,False
sportfeeds.io,,,False
sportholding.no,,,False
sportmercure.live,,,False
sportmonks.com,,,False
sportngin.com,,Sport Ngin,False
sportplatz-media.com,,,False
sportradar.com,,Sportradar AG,False
sportradarserving.com,,Sportradar AG,False
sports-cube.com,,,False
sportsbase.io,,,False
sportsbookwire.com,,,False
sportscheck.com,,SportScheck GmbH,False
sportsdata.io,,,False
sportsengine.com,,Comcast Corporation,False
sportsengineplay.com,,,False
sportslocalmedia.com,,Spacefoot SAS,False
sportsmediaagency.com,,,False
sportsnet-cdn.akamaized.net,CDN,Akamai Technologies,False
sportsresearch.myshopify.com,Analytics;CDN;Embedded Content;Online Payment,Shopify Inc.,False
sportswarehouse.map.fastly.net,Action Pixels;Ad Motivated Tracking;Advertising;Analytics;CDN;Embedded Content;Session Replay;Third-Party Analytics Marketing,"Fastly, Inc.",True
sporty.net,,,False
sportydog.net,,,False
spot.im,,OpenWeb Technologies Ltd.,False
spotcointeractive.com,,,False
spoteam.com,,,False
spoteffects.net,,,False
spothero.com,,SpotHero Inc.,False
spotible.com,,,False
spotify.com,CDN;Embedded Content,Spotify AB,False
spotify.map.fastly.net,Action Pixels;Ad Motivated Tracking;Advertising;Analytics;CDN;Embedded Content;Session Replay;Third-Party Analytics Marketing,"Fastly, Inc.",True
spotifycdn.com,CDN;Embedded Content,Spotify AB,False
spotifycdn.map.fastly.net,Action Pixels;Ad Motivated Tracking;Advertising;Analytics;CDN;Embedded Content;Session Replay;Third-Party Analytics Marketing,"Fastly, Inc.",True
spotim.market,,Spot.IM,False
spotlersearch.com,,,False
spotlersearchanalytics.com,,,False
spotlightr.com,,,False
spotlightstores.com,,,False
spotwerbung.ch,,SPOT Werbung Pircher Cantoni AG,False
spotxchange.com,Ad Motivated Tracking;Advertising;Analytics,"SpotX, Inc.",True
spox.com.edgekey.net,,Akamai Technologies,False
sppkgsi.com,,,False
sppopups.com,,,False
spreadshirt.net,,sprd.net AG,False
spreadshirtmedia.com,,sprd.net AG,False
spreadshirtmedia.net,,sprd.net AG,False
spreadshirts.net,,sprd.net AG,False
spreaker.com,,,False
spreedly.com,,"Spreedly, Inc.",False
spresso.com,,,False
sprig.com,,,False
sprii.io,,,False
spring-step-shoes.myshopify.com,Analytics;CDN;Embedded Content;Online Payment,Shopify Inc.,False
springbeetle.com,,,False
springbeetle.eu,,,False
springboardplatform.com,,"Springboard Video, LLC",False
springbot.com,,Springbot,False
springcast.fm,,,False
springer.com,,Springer Nature B.V.,False
springernature.com,,Springer Nature B.V.,False
springernature.io,,,False
springfieldarmory.b-cdn.net,CDN,BunnyCDN,False
springolive.com,,,False
springserve.com,Ad Motivated Tracking;Advertising,"SpringServe, LLC",True
springswindowfashions.com,,,False
springyaws.com,,,False
sprinklecontent.com,,,False
sprinklr.com,,,False
sprintbot.ai,,,False
sprinter-rv.myshopify.com,Analytics;CDN;Embedded Content;Online Payment,Shopify Inc.,False
sprocket-ping.s3.amazonaws.com,CDN,"Amazon Technologies, Inc.",False
sprocket.bz,,"Sprocket Co., Ltd.",False
sproutvideo.com,,"SproutVideo, LLC",False
spryker.toys,,,False
spur.us,,,False
sputnik.ru,,"Public Joint Stock Company ""Rostelecom""",False
sputniknews.com,,"ROSSIYA SEGODNYA, FGUP",False
spybot.org,,,False
sq7bhu-kk.myshopify.com,Analytics;CDN;Embedded Content;Online Payment,Shopify Inc.,False
sqs.us-east-1.amazonaws.com,CDN,"Amazon Technologies, Inc.",False
sqspcdn.com,,,False
squadkin.com,,,False
squadup.com,,,False
square-enix-games.com,,"SQUARE ENIX CO., LTD.",False
square-enix.com,,"SQUARE ENIX CO., LTD.",False
squarecdn.com,,"Block, Inc.",False
squarelovin-main-app.s3.eu-central-1.amazonaws.com,CDN,"Amazon Technologies, Inc.",False
squarelovin.com,,,False
squareoffs.com,,SquareOffs LLC,False
squarespace-cdn.com,,"Squarespace, Inc",False
squarespace.com,CDN,"Squarespace, Inc",False
squarespace.map.fastly.net,Action Pixels;Ad Motivated Tracking;Advertising;Analytics;CDN;Embedded Content;Session Replay;Third-Party Analytics Marketing,"Fastly, Inc.",True
squareup.com,,"Block, Inc.",False
squareup.map.fastly.net,Action Pixels;Ad Motivated Tracking;Advertising;Analytics;CDN;Embedded Content;Session Replay;Third-Party Analytics Marketing,"Fastly, Inc.",True
squareweb.app,,,False
squarewebsites.org,,,False
squeezely.tech,,,False
squirro.cloud,,,False
squiz.cloud,,Squiz Australia Pty. Ltd.,False
sr-mediathek.de,,,False
srchy.ai,,,False
srcspot.com,,,False
srf.ch,,Schweizer Radio und Fernsehen,False
srgssr.ch,,Schweizerische Radio- und Fernsehgesellschaft,False
srmdata-eur.com,,"ZOETOP Business Co., Limited",False
srmdata-us.com,,,False
srpcdigital.com,,,False
srv19-va.com,,,False
srv431.com,,,False
srvb1.com,,,False
srvgl.com,,,False
srviral.com,,,False
srvpxl.com,,,False
srvsynd.com,,,False
srvzone.com,,,False
ss-domain.com,,,False
ss-gtm.com,,,False
ss-platform.com,,,False
ss-staging-assets.s3-us-west-1.amazonaws.com,CDN,"Amazon Technologies, Inc.",False
ssbcdn.com,,,False
sscdn.co,,,False
ssctech.com,,,False
ssense.com,,,False
ssgocc.com,,,False
sskzlabs.com,,,False
ssl-images-amazon.com,CDN,"Amazon Technologies, Inc.",False
ssl2.edgekey.net,,Akamai Technologies,False
sslip.io,,,False
ssm.codes,,,False
ssmas.com,,,False
ssmhc.com,,,False
sspinc.io,,"Secret Sauce Partners, Inc.",False
sspnet.tech,,,False
ssqt.io,,SaaSquatch.com Inc.,False
ssref.net,,,False
sst-58874-nszpmsl3ca-ul.a.run.app,,Google LLC,False
sst-alb-62780951.ap-northeast-1.elb.amazonaws.com,CDN,"Amazon Technologies, Inc.",False
sstsimprosys.com,,,False
st-content.com,,,False
st-hatena.com,,"Hatena Co., Ltd.",False
st.com.edgekey.net,,Akamai Technologies,False
stackadapt.com,Action Pixels;Ad Motivated Tracking;Advertising;Analytics;Audience Measurement,Collective Roll,True
stackla.com,,Stackla,False
stacksports.com,,,False
stackstaging.com,,,False
stackvaults.com,,,False
stadiamaps.com,,,False
stadion.io,,,False
staedtlercdn.com,,,False
staff-start.com,,,False
stage-entertainment.com,,,False
stage-entertainment.de,,,False
stage.bio,,,False
staging-bing-int.com,,,False
stalkoda.com,,,False
stamen-maps.a.ssl.fastly.net,Action Pixels;Ad Motivated Tracking;Advertising;Analytics;CDN;Embedded Content;Session Replay;Third-Party Analytics Marketing,"Fastly, Inc.",True
stamped.io,,Stamped TECHNOLOGIES PTE. LTD.,False
stampinup.io,,,False
standardaccount.pro,,,False
stands4.com,,,False
stanley-pmi.myshopify.com,Analytics;CDN;Embedded Content;Online Payment,Shopify Inc.,False
stanwith.me,,,False
stape.ai,,,False
stape.at,,,False
stape.be,,,False
stape.biz,,,False
stape.ca,,,False
stape.cc,,,False
stape.chat,,,False
stape.cloud,,,False
stape.de,,,False
stape.do,,,False
stape.gl,,,False
stape.host,,,False
stape.id,,,False
stape.im,,,False
stape.info,,,False
stape.io,,,False
stape.ma,,,False
stape.my,,,False
stape.net,,,False
stape.nz,,,False
stape.org,,,False
stape.run,,,False
stape.st,,,False
stape.tech,,,False
stape.us,,,False
stape.vip,,,False
stape.ws,,,False
stapecdn.com,,,False
staples-3p.com,,,False
staples-canada-dev3.myshopify.com,Analytics;CDN;Embedded Content;Online Payment,Shopify Inc.,False
staples-static.com,,,False
staples.ca,,Staples,False
staples.com.edgekey.net,,Akamai Technologies,False
staplesconnect.com,,,False
staq-cdn.com,,,False
staqlab.com,,,False
starapps.studio,,,False
starbucks.com,,Starbucks Coffee Company,False
starbucks.com.edgekey.net,,Akamai Technologies,False
stardewvalleywiki.com,,,False
starfieldtech.com,,GoDaddy Inc.,False
starii-rover.com,,,False
starii.com,,,False
starnxdomain.net,,,False
starrynets.com,,,False
starsbuildingweb.com,,,False
startappnetwork.com,,,False
startcdn.b-cdn.net,CDN,BunnyCDN,False
startertemplatecloud.com,,,False
startlilly.com,,,False
startquestion.com,,,False
startupbenchmarks.com,,,False
startupdirectory.net,,,False
startupfa.me,,,False
stat-rock.com,,,False
stat-track.com,,,False
stat.media,,,False
stat24.com,,,False
statad.ru,,,False
statcdn.com,,,False
statcounter.com,Analytics,StatCounter,False
statcounter.io,,,False
state-bicycle-co.myshopify.com,Analytics;CDN;Embedded Content;Online Payment,Shopify Inc.,False
state.gov,,United States Department of State,False
state.nm.us,,State of New Mexico,False
state.tx.us,,State of Texas -  Dept of Information Resources,False
statefarm.edgekey.net,,Akamai Technologies,False
statepoint.net,,,False
statewide-appliances.myshopify.com,Analytics;CDN;Embedded Content;Online Payment,Shopify Inc.,False
static-af.com,,KONINKLIJKE LUCHTVAART MAATSCHAPPIJ N.V.,False
static-bahn.de,,,False
static-bluray.com,,,False
static-cloudflare.workers.dev,,,False
static-d3-rogent.com,,,False
static-dm.akamaized.net,CDN,Akamai Technologies,False
static-fb.com,,KONINKLIJKE LUCHTVAART MAATSCHAPPIJ N.V.,False
static-fotomoto-com.s3.amazonaws.com,CDN,"Amazon Technologies, Inc.",False
static-immobilienscout24.de,,,False
static-jcpenney.com,,,False
static-jigidi.b-cdn.net,CDN,BunnyCDN,False
static-kl.com,,,False
static-kwcdn-com.trafficmanager.net,CDN,Microsoft Corporation,False
static-newsday-com.b-cdn.net,CDN,BunnyCDN,False
static-newson.akamaized.net,CDN,Akamai Technologies,False
static-p107537-e1063592.adobeaemcloud.com,,,False
static-p128711-e1252480.adobeaemcloud.com,,,False
static-p46175-e229011.adobeaemcloud.com,,,False
static-p58902-e658605.adobeaemcloud.com,,,False
static-p92866-e1086460.adobeaemcloud.com,,,False
static-sb.com,,Spreading Apps,False
static-segmentpool.com,,,False
static-spm.com,,,False
static-swaven.com,,,False
static-text.com,,,False
static-thomann.de,,,False
static-weekli.net,,,False
static.microsoft,,Microsoft Corporation,False
static.pub,,,False
staticbg.com.edgekey.net,,Akamai Technologies,False
staticccel.org,,,False
staticcdn.co.nz,,,False
staticcp.s3.amazonaws.com,CDN,"Amazon Technologies, Inc.",False
staticdash.net,,,False
staticdj.com,,,False
staticfiles.at,,Standard Verlagsgesellschaft m.b.H.,False
staticfiles.io,,,False
staticflickr.com,,"SmugMug, Inc.",False
staticimgs.com,,,False
staticld.com,,,False
staticlistal.b-cdn.net,CDN,BunnyCDN,False
staticmb.com,,,False
staticnaukambocean.edgekey.net,,Akamai Technologies,False
staticneo.com,,,False
staticont.net,,,False
statics-lapeyre.fr,,,False
staticsply.com,,,False
staticsstream.com,,,False
staticstuff.net,,Static Stuff LLC,False
statictuasaudecom.b-cdn.net,CDN,BunnyCDN,False
staticwars.com,,ArenaNet,False
staticxx.s3.amazonaws.com,CDN,"Amazon Technologies, Inc.",False
statiki.pl,,,False
statinside.com,,,False
stationmade.com,,,False
statisgeek.com,,,False
statisk.net,,,False
statistinamics.com,,,False
statmedia.ru,,,False
stats.tools,,,False
stats.wpmucdn.com,,,False
statserv.net,,,False
statsigapi.net,,"Statsig, Inc.",False
statsigcdn.com,,"Statsig, Inc.",False
statsinsider.com.au,,,False
statsradio.com,,,False
statstrk01.com,,,False
status.io,,T3CH.com LLC,False
statuscheck1.net,,,False
statuspage.io,,Atlassian Corporation plc,False
statuspal.io,,,False
staty.net,,,False
stay22.com,,,False
staylive.io,,,False
stbid.ru,,,False
stbm.it,,ARNOLDO MONDADORI EDITORE SpA,False
stc-schottenland.de,,,False
stclab.com,,,False
steady.page,,,False
steadycdn.com,,,False
steadyhq.com,,,False
steamboatpilot.com,,,False
steamcdn-a.akamaihd.net,CDN,Akamai Technologies,False
steampowered.com,,Valve Corp.,False
steamstatic.com,,,False
steelerswire.com,,,False
steelhousemedia.com,Ad Motivated Tracking;Advertising;Analytics;Third-Party Analytics Marketing,"Steel House, Inc",True
steelserve.com,,,False
steepandcheap.com.akamaized.net,CDN,Akamai Technologies,False
steerhealth.io,,,False
steinberg.net,,,False
stellate.sh,,,False
stellenplattform.net,,,False
steller.co,,,False
stemsbargain.com,,,False
stereotypedsugar.com,,"Leven Labs, Inc. DBA Admiral",False
stevemadden.com,,Andrews Kurth Kenyon LLP,False
stfucdn.com,,,False
stgeorge.com.au,,St.George Bank (Westpac Banking Corporation),False
stgy.ovh,,Citynews s.p.a.,False
stib-mivb.cloud,,,False
stickleyonsecurity.com,,,False
stickmanhookgame.org,,,False
sticky.io,,,False
stickyaddtocartbar.azurewebsites.net,CDN,Microsoft Corporation,False
stickyadstv.com,Ad Motivated Tracking;Advertising;Analytics,FreeWheel,True
stickyintel.com,,,False
stiddle.com,,,False
stihl.cloud,,,False
stil.dk,,,False
stillfront.com,,Stillfront Group,False
stilyoapps.com,,,False
stimme.de,,Heilbronner Stimme GmbH & Co. KG,False
stingray-app-n99th.ondigitalocean.app,,,False
stls.edgesuite.net,CDN,Akamai Technologies,False
stmedia.click,,,False
stnvideo.com,,,False
stoampaliy.net,,,False
stock-sync.com,,,False
stock02.com,,,False
stockinstore.net,,,False
stockist.co,,,False
stocktwits.com,,,False
stockx.com,,StockX LLC,False
stofogstil.b-cdn.net,CDN,BunnyCDN,False
stol.it,,,False
stomachscience.com,,"Leven Labs, Inc. DBA Admiral",False
stonly.com,,,False
stopandshop.com,,Koninklijke Ahold Delhaize N.V.,False
storable.com,,,False
storage.ghost.io,,,False
storage.googleapis.com,CDN;Embedded Content,Google LLC,False
storagefactory.io,,,False
storageimagedisplay.com,,,False
storagespanner.com,,,False
storagexhd.com,,,False
storefeeder.com,,,False
storeify.app,,,False
storejs.s3.us-west-2.amazonaws.com,CDN,"Amazon Technologies, Inc.",False
storepoint.co,,,False
storerank.ai,,,False
storerocket.io,,,False
storeswlaescript.myshopify.com,Analytics;CDN;Embedded Content;Online Payment,Shopify Inc.,False
storeya.com,,,False
stories.com.edgekey.net,,Akamai Technologies,False
storifyme.com,,,False
storifyme.xyz,,,False
storista.io,,,False
stormstrike.gg,,,False
storyblok.com,,,False
storycards.co,,,False
storygize.net,Action Pixels;Ad Motivated Tracking;Advertising;Third-Party Analytics Marketing,Storygize,True
storylane.io,,,False
storyly.io,,,False
storystream.ai,,Qubeeo Ltd,False
stpd.cloud,,SETUPAD Inc.,False
strackr.com,,,False
strafrechtadvocaten.nl,,,False
straightnest.com,,"Leven Labs, Inc. DBA Admiral",False
straitstimes.com.sg,,,False
stralia.link,,,False
strandbags-au.myshopify.com,Analytics;CDN;Embedded Content;Online Payment,Shopify Inc.,False
strangeclocks.com,,"Leven Labs, Inc. DBA Admiral",False
strapcode.myshopify.com,Analytics;CDN;Embedded Content;Online Payment,Shopify Inc.,False
strapiapp.com,,,False
strasbourg.cloud,,,False
stratuscx.com,,,False
strava-web-assets.s3.amazonaws.com,CDN,"Amazon Technologies, Inc.",False
strava.com,,Strava,False
strawburn.com,,,False
strawroute.com,,,False
stream.co.jp,,J-Stream Inc.,False
stream18.net,,,False
streamabc.net,,,False
streamable.com,,,False
streamamg.com,,PA Media Group,False
streamate.com,,"ICF Technology, Inc",False
streamcompanies.com,,,False
streameast.ec,,,False
streameye.net,,StreamEye Ltd.,False
streamfarm.net,,Netlantic GmbH,False
streamgates.net,,,False
streamguys.com,,,False
streamguys1.com,,"StreamGuys, Inc.",False
streamhentai.org,,,False
streamhoster.com,,,False
streamhub.tech,,,False
streamja.com,,,False
streamlit.app,,,False
streammydata.ru,,,False
streamobs.net,,,False
streamoptim.com,,,False
streamparty.online,,,False
streampsh.top,,,False
streamrail.com,,Unity Software Inc.,False
streamrail.net,,Unity Software Inc.,False
streamtape.com,,,False
streamtheworld.com,,"Triton Digital, Inc.",False
streem.com.au,,,False
streetmetrics.io,,,False
streetviewpixels-pa.googleapis.com,CDN;Embedded Content,Google LLC,False
strem.io,,,False
strike.fox,,,False
striking-personal.pro,,,False
strip-chat.app,,,False
strip-chat.best,,,False
strip-chat.chat,,,False
strip-chat.club,,,False
strip-chat.direct,,,False
strip-chat.io,,,False
strip-chat.live,,,False
strip-chat.me,,,False
strip-chat.pro,,,False
strip-chat.webcam,,,False
strip.chat,,,False
stripcash.com,,,False
stripchat.be,,,False
stripchat.cam,,,False
stripchat.care,,,False
stripchat.com,,Technius Ltd,False
stripchat.direct,,,False
stripchat.dk,,,False
stripchat.express,,,False
stripchat.io,,,False
stripchat.org,,,False
stripchat.porn,,,False
stripchat.run,,,False
stripchat.vision,,,False
stripchat.webcam,,,False
stripchat2.com,,,False
stripchatgirls.com,,,False
stripchatlive.com,,,False
stripchatnow.com,,,False
stripchats.app,,,False
stripchats.chat,,,False
stripchats.direct,,,False
stripchats.global,,,False
stripchats.info,,,False
stripchats.io,,,False
stripchats.me,,,False
stripchats.pro,,,False
stripchats.site,,,False
stripchats.social,,,False
stripchats.webcam,,,False
stripchats.website,,,False
stripe.com,CDN;Embedded Content;Online Payment,"Stripe, Inc",False
stripe.network,CDN;Embedded Content;Online Payment,"Stripe, Inc",False
stripecdn.com,,,False
stripecdn.map.fastly.net,Action Pixels;Ad Motivated Tracking;Advertising;Analytics;CDN;Embedded Content;Session Replay;Third-Party Analytics Marketing,"Fastly, Inc.",True
stripst.com,,,False
strivesidewalk.com,,"Leven Labs, Inc. DBA Admiral",False
strix45ql.com,,,False
strmcdn.com,,,False
stroeerdigitalgroup.de,,Ströer Group,False
stroeerws.de,,,False
stronglytoy.com,,,False
strossle.com,,,False
strp.chat,,,False
strpssts-ana.com,,,False
strpst.com,,Technius Ltd,False
strut.fit,,,False
sts.us-east-1.amazonaws.com,CDN,"Amazon Technologies, Inc.",False
stspg-customer.com,,,False
stsuca.one,,,False
sttsmntz.ru,,,False
stubcloudstatic.com,,,False
stubhub.com,,"Stubhub, Inc.",False
stubhub.ie,,,False
stubhub.net,,,False
stubhubstatic.com,,"Stubhub, Inc.",False
stucki.io,,,False
studentbeans.com,,,False
studentdiscount.com,,,False
studentmobiel.freetls.fastly.net,Action Pixels;Ad Motivated Tracking;Advertising;Analytics;CDN;Embedded Content;Session Replay;Third-Party Analytics Marketing,"Fastly, Inc.",True
studio19.com.au,,STUDIO 19 RENTALS PTY LTD,False
studiostack.com,,,False
studybreakmedia.com,,Chegg Inc.,False
studyclix-as-ie-cms-live.azurewebsites.net,CDN,Microsoft Corporation,False
studycooking.com,,,False
studycourse.blog,,,False
studyquicks.com,,,False
stuff.co.nz,,STUFF LIMITED,False
stuff.map.fastly.net,Action Pixels;Ad Motivated Tracking;Advertising;Analytics;CDN;Embedded Content;Session Replay;Third-Party Analytics Marketing,"Fastly, Inc.",True
stuffserve.me,,,False
stumbleupon.com,,StumbleUpon Inc,False
stupendoussnow.com,,"Leven Labs, Inc. DBA Admiral",False
sturdyarrival.com,,,False
stussy-na.myshopify.com,Analytics;CDN;Embedded Content;Online Payment,Shopify Inc.,False
styla.com,,Amazine GmbH,False
stylelabs.cloud,,,False
styles-rbc-com-1126970060.us-east-1.elb.amazonaws.com,CDN,"Amazon Technologies, Inc.",False
styleseat.com.akamaized.net,CDN,Akamai Technologies,False
stylevana-asset.com,,,False
stylevana.com,,,False
stylight.net,,,False
stylitics.com,,"Stylitics, Inc.",False
stylux.io,,,False
stytch.com,,,False
stz-aws56.com,,,False
su-cdn.com,,,False
suaplf.live,,,False
sub2tech.com,,,False
subhubapps.com,,,False
subi.co,,,False
subscribers.com,,Arbitrage LLC,False
subscribfy.com,,,False
subscriptionarchitect.github.io,CDN;Non-Tracking,"GitHub, Inc.",False
subscriptiongenius.com,,,False
subseacare.com,,,False
subsplash.com,,,False
subsplash.io,,,False
substack-post-media.s3.amazonaws.com,CDN,"Amazon Technologies, Inc.",False
substack.com,,,False
substackcdn.com,,,False
substrakt.net,,,False
subway.com.edgekey.net,,Akamai Technologies,False
subwaysurfers.com,,,False
success-software.biz,,,False
successfactors.com,,,False
sucuri.net,,GoDaddy Inc.,False
suedtirol.live,,,False
sufycdn.com,,,False
suggestedtv.com,,,False
suggestionbridge.com,,"Leven Labs, Inc. DBA Admiral",False
sugirl.info,,,False
suitableshop.net,,,False
sulasoktv.ph,,,False
sulbzjsrhzjcvdw.com,,,False
sulekha.io,,,False
sulkycook.com,,"Leven Labs, Inc. DBA Admiral",False
summ-ai.com,,,False
summitmedia-digital.com,,,False
summitmedia.com.ph,,,False
summitracing.com,,Summit Racing Equipment (Autosales Incorporated),False
sumo-shopify.com,,,False
sumo.com,Ad Motivated Tracking;Advertising;Embedded Content;Third-Party Analytics Marketing,Sumo Group,True
sumologic.com,,Sumo Logic Inc.,False
sumome.com,,,False
sun-porno.com,,,False
suncoast.com,,,False
suncorp.com.au,,Suncorp Metway Limited,False
suncorpbank.com.au,,Suncorp Metway Limited,False
sunday-school-shop.myshopify.com,Analytics;CDN;Embedded Content;Online Payment,Shopify Inc.,False
sundaysky.com,Ad Motivated Tracking;Advertising;Audience Measurement;Embedded Content,SundaySky Ltd.,True
sunderarmor.com,,,False
sundevils.com,,,False
sunhammer.io,,,False
sunlife.com.edgekey.net,,Akamai Technologies,False
sunmedia.tv,,,False
sunny.org,,,False
sunriverres.wpenginepowered.com,,,False
sunshinecoastcouncil.netlify.app,,,False
sunsphere.net,,,False
sunwingtravelgroup.com,,,False
supabase.co,,,False
supadu.com,,,False
supadu.io,,,False
super-qr-codes.s3.amazonaws.com,CDN,"Amazon Technologies, Inc.",False
super.com,,,False
superawesome.tv,,SuperAwesome Trading Limited,False
superboosty.com,,,False
superbump.herokuapp.com,CDN,"Salesforce.com, Inc.",False
supercast.com,,,False
superchat.de,,,False
superchat.live,,,False
superchatlive.com,,,False
supercounters.com,,,False
superficialspring.com,,"Leven Labs, Inc. DBA Admiral",False
superfiliate-cdn.com,,,False
superhumanstatic.com,,,False
supermoney.com,,"SuperMoney, LLC",False
superoffice.com,,,False
superpayments.com,,,False
superpinkday.com,,,False
superprof.com,,JBWG,False
superschema.workers.dev,,,False
supertab.co,,,False
supertreetrunk.com,,,False
superyachtapi.com,,,False
supload.us,,,False
supp.co,,,False
suppleapps.com,,,False
supplyframe.com,,"Supply Frame, Inc.",False
support-67d.workers.dev,,,False
support.me,,,False
support.xxx,,,False
supportal.ai,,,False
supporthero.io,,,False
supportingcast.fm,,,False
suprion.ru,,,False
suproderistrai.com,,,False
supwizapp.com,,,False
sur-ron.com,,,False
sur.ly,,,False
surebright.com,,,False
surecart.com,,,False
surecatch.co,,,False
surf-station-store.myshopify.com,Analytics;CDN;Embedded Content;Online Payment,Shopify Inc.,False
surfform.com,,,False
surfgayvideo.com,,,False
surfing-waves.com,,,False
surfly-us.com,,,False
surfly.com,,,False
surfshark.events,,,False
surfsharkstatus.com,,,False
surfside.io,,,False
surgetheme.com,,,False
surstrom.com,,,False
survale-email-lists.s3.amazonaws.com,CDN,"Amazon Technologies, Inc.",False
survale.com,,,False
survalyzer.eu,,,False
survata.com,Ad Motivated Tracking;Advertising;Analytics;Audience Measurement;Third-Party Analytics Marketing,"Survata, Inc.",True
survey.fm,,,False
surveycarrot.com,,,False
surveydynamix.com,,,False
surveygizmo.com,,,False
surveygizmo.eu,,,False
surveygizmobeacon.s3.amazonaws.com,CDN,"Amazon Technologies, Inc.",False
surveymonkey-assets.s3.amazonaws.com,CDN,"Amazon Technologies, Inc.",False
surveymonkey.com,,Momentive Inc.,False
surveysparrow.com,,,False
survicate-cdn.com,,,False
survicate.com,,Survicate Sp. z o.o.,False
survivalrealtymedia.com,,,False
susaui.azureedge.net,CDN,Microsoft Corporation,False
suspension.com,,,False
sustenpass.ch,,,False
sutherland.ai,,,False
svb-media.de,,,False
svc.ms,,Microsoft Corporation,False
svdcdn.com,,,False
svgator.com,,,False
svk-native.ru,,,False
svmkinfra.com,,,False
svonm.com,,schnee von morgen webTV GmbH,False
svp-api.edgesuite.net,CDN,Akamai Technologies,False
svp-images-vh.akamaized.net,CDN,Akamai Technologies,False
svp.ch,,,False
svradv.com,,,False
svrdntfctn.com,,,False
svtrd.com,,,False
sw-themes.com,,,False
swagbucks.com,,"Prodege, LLC",False
swagit.com,,,False
swankysquare.com,,"Leven Labs, Inc. DBA Admiral",False
swansonvitamins.workers.dev,,,False
swarmcdn.com,,,False
swatch.com.edgekey.net,,Akamai Technologies,False
swaven.com,,Swaven SAS,False
swayer.io,,,False
sweaterokay.com,,,False
swedencentral-01.azurewebsites.net,CDN,Microsoft Corporation,False
sweetanalytics.com,,,False
sweettooth.io,,,False
swell.store,,,False
swetrix.org,,,False
swifteq.com,,,False
swiftlyads.net,,,False
swiftmedia.s3.amazonaws.com,CDN,"Amazon Technologies, Inc.",False
swiftycdn.net,,,False
swiftype.com,,"Swiftype, Inc.",False
swiftypecdn.com,,"Swiftype, Inc.",False
swig.gy,,,False
swinglifestyle.com,,,False
swingslip.com,,"Leven Labs, Inc. DBA Admiral",False
swinity.com,,,False
swipetospin.com,,"Augmented Reality Concepts, Inc.",False
swis.nl,,,False
swisslos.ch,,SwissSign AG,False
swissqualiquest.ch,,,False
swisswebcams.ch,,OPAG Online Promotion AG,False
switch.ch,,,False
switcherstudio.com,,,False
switchgrowth.com,,,False
switchlabs.dev,,,False
swliveweb.azureedge.net,CDN,Microsoft Corporation,False
swm.de,,Stadtwerke Muenchen GmbH,False
swm.digital,,Seven Network Operations Limited,False
swncdn.com,,"Salem Media Group, Inc.",False
swogo.net,,,False
swoop.com,,,False
swpcld.com,,,False
swpsvc.com,,,False
swr.de,,SWR (Suedwestrundfunk Anstalt des oeffentlichen Rechts),False
swxlocalsports.com,,,False
swymrelay.com,,Swym Corporation,False
swymv3enterprise-01.azureedge.net,CDN,Microsoft Corporation,False
swymv3free-01.azureedge.net,CDN,Microsoft Corporation,False
swymv3premium-01.azureedge.net,CDN,Microsoft Corporation,False
swymv3pro-01.azureedge.net,CDN,Microsoft Corporation,False
swymv3starter-01.azureedge.net,CDN,Microsoft Corporation,False
sxccdn.com,,,False
sy-d.io,,,False
sy57d8wi.com,,,False
syf.com,,Synchrony Financial,False
syf.com.edgekey.net,,Akamai Technologies,False
syfpayments.com,,,False
syfpos.com,,,False
syftdata.com,,,False
symantec.com,,Broadcom Inc.,False
symbaloo-img01.b-cdn.net,CDN,BunnyCDN,False
symbaloo-static02.b-cdn.net,CDN,BunnyCDN,False
symbio.global,,,False
symbiosys.ai,,,False
symbolset.com,,Fonticons Inc,False
symplify.com,,Symplify Technologies AB,False
symplr-analytics-xddc4j3vva-ey.a.run.app,,Google LLC,False
symplr.de,,,False
sync-service.net,,,False
sync-transcend-cdn.com,,,False
syncads.io,,,False
syncbak.com,,,False
synchrony.com,,Synchrony Financial,False
synchronycredit.com,,Synchrony Financial,False
synchronycredit.com.edgekey.net,,Akamai Technologies,False
syncingbridge.com,,,False
syncronex.com,,Syncronex,False
syncsearch.jp,,"SyncThought, Inc.",False
synctrack.io,,,False
syndeca.com,,,False
syndetics.com,,ProQuest LLC,False
syndicatedsearch.goog,,Google LLC,False
syndigo.cloud,,Syndigo LLC,False
syndigo.com,,Syndigo LLC,False
synergycdn.com,,,False
synergyhub.ai,,,False
syngentaebiz.com,,,False
synoint.com,,,False
synopsys.com,,"Synopsys, Inc.",False
synqy.net,,,False
synsam.com,,,False
synthetix.com,,Synthetix Ltd,False
syr.edu,,,False
syracuse.cloud,,,False
syrenis.com,,Syrenis Ltd,False
sysbee.net,,,False
syseleven.net,,,False
sysero.nl,,,False
sysnetgs.com,,,False
syspectr.com,,,False
system1onesource.com,,,False
systemrequirementslabs.net,,,False
syteapi.com,,,False
sytecycle.com,,,False
syuh.net,,Impact,False
szn.cz,,"Seznam.cz, a.s.",False
t-idr.com,,,False
t-mobile.com,,"T-Mobile USA, Inc.",False
t-mobile.com.edgekey.net,,Akamai Technologies,False
t-online.de,,Deutsche Telekom AG,False
t-pulse.ru,,,False
t-systems.com,,,False
t.co,Ad Motivated Tracking;Advertising;Analytics;Audience Measurement;Badge;Embedded Content;Federated Login;Social - Share;Social Network,"Twitter, Inc.",True
t.sni.global.fastly.net,Action Pixels;Ad Motivated Tracking;Advertising;Analytics;CDN;Embedded Content;Session Replay;Third-Party Analytics Marketing,"Fastly, Inc.",True
t13.io,,"Publisher First, Inc. dba Freestar",False
t2037ulzqct5.com,,,False
t2bkonx.x.incapdns.net,CDN,Imperva Inc.,False
t2bw9u.net,,,False
t7cp4fldl.com,,,False
t8cdn.com,,Aylo,False
tabarn.app,,,False
tabgraf.com,,,False
tableau.com,,,False
tablethotels.com,,,False
tabletopbattles.com,,,False
taboola-display.com,,,False
taboola.com,Ad Motivated Tracking;Advertising;Audience Measurement;Third-Party Analytics Marketing,"Taboola, Inc.",True
tabootube.xxx,,,False
tacdn.com,,TripAdvisor LLC,False
tacklbox.io,,,False
tackle-world-usa.myshopify.com,Analytics;CDN;Embedded Content;Online Payment,Shopify Inc.,False
tacklewarehouse.com,,Sports Warehouse,False
tackytrains.com,,,False
tacoma-lifestyle.myshopify.com,Analytics;CDN;Embedded Content;Online Payment,Shopify Inc.,False
tactical-gear-distributors.myshopify.com,Analytics;CDN;Embedded Content;Online Payment,Shopify Inc.,False
tadex.id,,,False
tadpull.com,,,False
tadst.com,,Time and Date AS,False
tag-monitoring.com,,,False
tag1.info,,,False
tag4arm.com,,Havas SA,False
tagalys.com,,,False
tagboard.com,,Tagboard,False
tagbox.com,,,False
tagcommander.com,Action Pixels;Advertising;Analytics;Audience Measurement;Third-Party Analytics Marketing,Fjord Technologies,True
tagconcierge.com,,,False
tagdeliver.com,,,False
tagembed.com,,,False
tagfly.io,,,False
taggbox.com,,,False
taggrs.cloud,,,False
taggrs.io,,,False
taggshop.io,,,False
taggstar.com,,,False
taggyad.jp,,,False
taginsight.com,,,False
taginstall.com,,,False
taglive.xyz,,,False
tagpipes.com,,,False
tagsrvcs.com,,"Human Security, Inc.",False
tagtoo.co,,,False
tailfin.b-cdn.net,CDN,BunnyCDN,False
tailoredbrands.com,,,False
tailorhq.ai,,,False
tailtarget.com,,,False
tailwindcss.com,,Tailwind Labs,False
taiwantradeshows.com.tw,,,False
takeads.com,,,False
takecow.com,,,False
takedmca.com,,,False
takefile.link,,,False
takeoverrings.com,,,False
takingbackjuly.com,,,False
talentbrew.com,,"TMP Worldwide Advertising & Communications, LLC",False
talentbrew.io,,,False
talentegy.com,,,False
talentplatform.com,,,False
talentplatform.us,,,False
talentreef.com,,,False
talk-me.ru,,,False
talkable.com,,Curebit Inc,False
talkabouttrials.com,,,False
talkative-cdn.com,,,False
talkdesk.com,,,False
talkdeskapp.com,,,False
talkdeskapp.eu,,,False
talkdeskdev.com,,,False
talkfurther.com,,,False
talkie-ai.com.akamaized.net,CDN,Akamai Technologies,False
talkjs.com,,,False
talkk.ai,,,False
talkmarkets.com,,talkmarkets,False
talkscreativity.com,,,False
talkshop.live,,,False
tally.so,,,False
talpa.digital,,,False
talparad.io,,,False
taltz.com,,,False
talus.ch,,,False
tambourine.com,,,False
tamgrt.com,,TripAdvisor LLC,False
tampagov.net,,,False
tamruan.com,,,False
tandem.co,,,False
tandeminspector.com,,,False
tangiblee.com,,,False
tangoo.it,,,False
tangooserver.com,,,False
tanner-pontius.workers.dev,,,False
tantumpay.com,,,False
tanx.com,,Alibaba Group,False
taobao.com,,Alibaba Group,False
taostar.com,,"Triumphant, LLC",False
tap-sdks.b-cdn.net,CDN,BunnyCDN,False
tap.lilly,,,False
tapad.app,,,False
tapad.com,Ad Motivated Tracking;Advertising;Analytics;Third-Party Analytics Marketing,"Tapad, Inc.",True
tapbuy.io,,,False
tapc.art,,,False
tapcart.com,,,False
tapedeck.app,,,False
tapfiliate.com,,,False
tapimg.com,,,False
tapimg.net,,,False
tapioni.com,,AdSpyglass,False
tapnative.com,,,False
tapper.ai,,,False
tappx.com,,Tappcelator Media S.L.,False
tapsforveterans.org,,,False
taptapdada.com,,,False
taptapnetworks.com,,"TAPTAP DIGITAL, S.L.",False
target-opus.map.fastly.net,Action Pixels;Ad Motivated Tracking;Advertising;Analytics;CDN;Embedded Content;Session Replay;Third-Party Analytics Marketing,"Fastly, Inc.",True
target-video.com,,,False
target.com,Action Pixels;Ad Motivated Tracking;Advertising;Audience Measurement,Target Corporation,True
target2sell.com,,,False
targetads.io,,,False
targetbay.com,,,False
targetrtb.com,,,False
tarheelswire.com,,,False
tarhost.com,,,False
tarkettexchange.com,,,False
tarot.com,,,False
tarrantcounty.com,,County of Tarrant,False
tarrobads.com,,TARROB WEB SERVICES,False
tarteaucitron.io,,,False
taschen.com.edgekey.net,,Akamai Technologies,False
tashop.co,,,False
taskanalytics.com,,Task Analytics,False
taskrabbit.com,,,False
tastemadecdn.net,,,False
tastyrewards.com,,,False
tatadigital.com,,,False
tatads.com,,,False
tauck.ca,,,False
tavanoapps.com,,,False
tavus.io,,,False
tawenda-tech.org,,ARTEMIS,False
tawk.link,,,False
tawk.to,,,False
taxel.jp,,GMO AD Marketing Inc.,False
taxisubsea.com,,,False
tayna.com,,,False
tb-content.net,,,False
tb-list.com,,,False
tbamobcam.ch,,,False
tbank-online.com,,,False
tbank.ru,,,False
tbcdn.de,,,False
tbco.app,,,False
tblcontent.com,,,False
tbmbm.net,,,False
tbwdoo.com,,,False
tcapi.io,,,False
tcb-cdn.com,,,False
tcb-prod-923105517.us-east-2.elb.amazonaws.com,CDN,"Amazon Technologies, Inc.",False
tcccdn.com,,,False
tcdwm.com,,,False
tcol.it,,,False
tcs.akadns.net,CDN,Akamai Technologies,False
tcservercontainers.com,,,False
tctm.co,,Call Tracking Metrics LLC,False
tctm.xyz,,,False
tcv-images.s3.eu-west-2.amazonaws.com,CDN,"Amazon Technologies, Inc.",False
tcvs.io,,,False
tcwebvideo.s3.amazonaws.com,CDN,"Amazon Technologies, Inc.",False
td.com,,TD Bank Financial Group,False
td.com.edgekey.net,,Akamai Technologies,False
tda.link,,,False
tdbtrk.com,,,False
tds-p.com,,,False
tds.bid,,,False
tdscpc.gov.in,,,False
tdska.cfd,,,False
teach12.com,,,False
teads-xo.com,,,False
teads.tv,Ad Motivated Tracking;Advertising;Analytics;Audience Measurement;Third-Party Analytics Marketing,Teads ( Luxenbourg ) SA,True
tealiumapis.com,,,False
tealiumiq.com,Action Pixels;Ad Motivated Tracking;Advertising;Analytics;Audience Measurement;Session Replay;Third-Party Analytics Marketing,Tealium Inc.,True
team-rec.jp,,Team Lab Inc.,False
team-scaffold.s3.amazonaws.com,CDN,"Amazon Technologies, Inc.",False
team.blue,,,False
teambrain.app,,,False
teamio.com,,,False
teamskeet.com,,,False
teamskeetimages.com,,,False
teamunwind.com,,,False
teamvelocitymarketing.com,,,False
teamviewer.com,,,False
tech-arms.io,,,False
tech-info.fr,,,False
techdignity.com,,,False
techdsp.ru,,,False
techgearlab.b-cdn.net,CDN,BunnyCDN,False
techlab-cdn.com,,Akamai Technologies,False
techmediahub.net,,,False
technical-service.net,,CBC Cologne Broadcasting Center GmbH,False
technologyadvice.com,,TechnologyAdvice,False
technolutions.net,,,False
technoratimedia.com,Ad Fraud;Ad Motivated Tracking;Advertising,"Synacor, Inc.",True
techonline.com,,,False
techopg.com,,,False
techorus-cdn.com,,,False
techpump.com,,,False
techtarget.com,,"TechTarget, Inc.",False
techtouch.jp,,,False
ted-baker-com.myshopify.com,Analytics;CDN;Embedded Content;Online Payment,Shopify Inc.,False
teeinblue.com,,,False
teelaunch.com,,,False
teenmodelsclub.website,,,False
teensbay.al,,,False
teensbay.net,,,False
teenset.al,,,False
teenset.top,,,False
teepublic.com,,"DISTIL NETWORKS, INC.",False
tegna-media.com,,TEGNA Inc.,False
tegna-media.com.edgekey.net,,Akamai Technologies,False
teknikdelar.se,,,False
teknodrem.com,,,False
teknolur.eu.org,,,False
telcohumanmedia.com,,,False
tele.quebec,,,False
teleborsa.it,,Teleborsa S.r.l.,False
telecid.ru,,,False
teleflora.com.edgekey.net,,Akamai Technologies,False
telefonica.de,,,False
telegram.org,,Telegram Messenger LLP,False
telegraph.co.uk,,,False
telegraphmediagroup.com,,,False
telekom-dienste.de,,,False
telenor.net,,,False
telenorcdn.net,,,False
telerik.com,,Telerik EAD,False
telesco.pe,,,False
televicentro.com,,,False
telia.com,,,False
telixirs.com,,,False
telkomsel.com,,Telekomunikasi Seluler PT,False
tellingministries.org,,,False
tellurideplatform.com,,,False
telly-visions.ghost.io,,,False
tellyou.today,,,False
telstra.com,,Telstra Corporation Limited,False
telstra.com.au,,Telstra Corporation Limited,False
telstra.net,,,False
telus.com,,TELUS,False
telushealth.com,,,False
telvue.com,,,False
temails.com,,,False
tempo.co,,,False
tempoinsights.com,,,False
temptalia.workers.dev,,,False
tempted.com,,,False
temu.com,,Pinduoduo Inc.,False
ten-thousand.myshopify.com,Analytics;CDN;Embedded Content;Online Payment,Shopify Inc.,False
ten30studios.com,,,False
tencent-cloud.cn,,,False
tencent-cloud.com,,,False
tencent-cloud.net,,Tencent Holdings Ltd.,False
tencent.com,,Tencent Holdings Ltd.,False
tencentclb.com,,,False
tenhovenbomen.nl,,,False
tenk.fr,,,False
tennessee.edu,,University of Tennessee,False
tenor.com,,"Tenor, Inc.",False
tenorshare.com,,"THE ENDURANCE INTERNATIONAL GROUP, INC.",False
teraboxcdn.com,,,False
tercept.com,,,False
terelinkman.info,,,False
terijon-com.myshopify.com,Analytics;CDN;Embedded Content;Online Payment,Shopify Inc.,False
terminalfour.net,,,False
terminus.services,,Terminus,False
termly.io,,,False
termsfeed.com,,,False
termsfeedtag.com,,,False
ternair.com,,,False
ternairsoftware.com,,,False
terpli.io,,,False
terra.com.br,,Terra Networks Brasil S.A.,False
terratraf.com,,,False
terratraf.io,,,False
terre-net-media.fr,,NOUVELLE GENERATION DE PRESSE AGRICOLE,False
terrific-live-polls.web.app,,Google LLC,False
terrific.live,,,False
terrificdark.com,,,False
tes.com,,TES Global Limited,False
tesco.com,,Tesco PLC,False
tesco.com.edgekey.net,,Akamai Technologies,False
tescoinsurance.com,,,False
tesla.com.edgekey.net,,Akamai Technologies,False
test-255747212.us-east-1.elb.amazonaws.com,CDN,"Amazon Technologies, Inc.",False
test-az-ade.pantheonsite.io,,"Pantheon Systems, Inc.",False
test-drive-4-s6uit34pua-wl.a.run.app,,Google LLC,False
test-o-tron.myshopify.com,Analytics;CDN;Embedded Content;Online Payment,Shopify Inc.,False
testa-soft.tech,,,False
testfreaks.com,,TestFreaks AB,False
testifier.nl,,,False
testimonial.to,,,False
tettacrown.com,,,False
teuteuf.fr,,,False
texas.gov,,Texas Comptroller of Public Accounts,False
texaslottery.com,,,False
textify-cdn.com,,,False
textmygov.com,,,False
textrecruit.com,,,False
textrequest.com,,,False
tezfiles.com,,,False
tf-cdn.com,,,False
tf-internet-developer-prod-462490189.us-east-1.elb.amazonaws.com,CDN,"Amazon Technologies, Inc.",False
tf-prod-bunny-pullzone-1.b-cdn.net,CDN,BunnyCDN,False
tf-prod-green-docker-alb-2134879868.us-west-2.elb.amazonaws.com,CDN,"Amazon Technologies, Inc.",False
tf-prod-ssgtm-container-1624717518.eu-west-1.elb.amazonaws.com,CDN,"Amazon Technologies, Inc.",False
tf-saas-prod-ext-dispatcher-alb-1591815572.ap-northeast-1.elb.amazonaws.com,CDN,"Amazon Technologies, Inc.",False
tf1info.fr,,,False
tfaforms.com,,Veer West LLC.,False
tfaforms.net,,Veer West LLC.,False
tfb.me,,,False
tfd.com,,,False
tfhub.dev,,,False
tfla.xyz,,,False
tg.dev,,,False
tgb-edp-prd-aem-cnd-01-enp.azureedge.net,CDN,Microsoft Corporation,False
tgscript.s3.amazonaws.com,CDN,"Amazon Technologies, Inc.",False
tgstc.com,,,False
tgtag.io,,,False
thalia-apps.com,,,False
thank-you.io,,,False
thapi.workers.dev,,,False
thatsisterimages.s3.amazonaws.com,CDN,"Amazon Technologies, Inc.",False
thatsup.co,,Thatsup AB,False
thcdn.com,,The Hut.com Ltd.,False
thdstatic.com,,,False
thdws.com,,,False
the-british-shop.de,,,False
the-citizenry.myshopify.com,Analytics;CDN;Embedded Content;Online Payment,Shopify Inc.,False
the-gld-shop.myshopify.com,Analytics;CDN;Embedded Content;Online Payment,Shopify Inc.,False
the-joi-database-storage.b-cdn.net,CDN,BunnyCDN,False
the-joi-database.b-cdn.net,CDN,BunnyCDN,False
the-journal-shop-uk.myshopify.com,Analytics;CDN;Embedded Content;Online Payment,Shopify Inc.,False
the-metalverse.ghost.io,,,False
the-nexthint.b-cdn.net,CDN,BunnyCDN,False
the-ozone-project.com,,The Ozone Project,False
the-pros-closet.myshopify.com,Analytics;CDN;Embedded Content;Online Payment,Shopify Inc.,False
the-race.ghost.io,,,False
the-shops.co.uk,,,False
the-torah.netlify.app,,,False
the-traveler.ghost.io,,,False
the-urbanist.ghost.io,,,False
the-woolroom.myshopify.com,Analytics;CDN;Embedded Content;Online Payment,Shopify Inc.,False
theadex.com,Ad Motivated Tracking;Advertising,Virtual Minds AG,True
theads.io,,,False
theadx.com,,Turkticaret.Net,False
theahl.com,,Ameircan Hockey League,False
theajack.github.io,CDN;Non-Tracking,"GitHub, Inc.",False
thealtitudeplatform.net,,,False
thealtitudeplatform.studio,,,False
theappreciationengine.com,,,False
theario.com,,,False
theark.cloud,,,False
theassociationpartner.net,,,False
theatertoolkit.com,,,False
theatlantic.com,,Atlantic Media Inc.,False
theatredelaville.fr,,,False
thebaltimorebanner.com,,,False
thebeansgroup.com,,,False
theberean.org,,,False
thebestfetishsites.com,,,False
thebestfreeporn.net,,,False
thebestpaints.com,,,False
theblowers.com,,,False
thebrag.com,,,False
thebump.com.edgekey.net,,Akamai Technologies,False
thebutterfly.eu,,,False
thechatmaster.com,,,False
thechelseamagazinecompany.com,,,False
thechosen.media,,,False
thechristhospitalmychart.com,,,False
thecityreporter.nyc,,,False
thecollectordev.b-cdn.net,CDN,BunnyCDN,False
thecompanystore.com,,The Home Depot,False
thecontentserver.com,,,False
thecreativer.com,,,False
thecssdesignawards.online,,,False
thedigitalpanda.gitlab.io,,GitLab B.V.,False
thedressoutlet.myshopify.com,Analytics;CDN;Embedded Content;Online Payment,Shopify Inc.,False
theeroticreview.com,,,False
theflybook.com,,,False
thefoamcompany.myshopify.com,Analytics;CDN;Embedded Content;Online Payment,Shopify Inc.,False
thefontzone.com,,,False
thefreedictionary.com,,,False
thefrontrowhealth.com,,,False
thegamerimages.b-cdn.net,CDN,BunnyCDN,False
theglobeandmail.com,,The Globe and Mail Inc.,False
thegoodapi.com,,,False
thehartford.com.edgekey.net,,Akamai Technologies,False
thehealthsite.com.edgesuite.net,CDN,Akamai Technologies,False
thehotelsnetwork.com,,,False
thehut.net,,The Hut.com Ltd.,False
theindiestone.com,,,False
theinformr.com,,ten24 Media Inc.,False
thejobnetwork.com,,RealMatch Ltd,False
theknot.com,,XO Group Inc.,False
theladbiblegroup.com,,,False
thelasthunt.com,,,False
thelistwire.com,,,False
thelivechatsoftware.com,,,False
thelott.com.edgekey.net,,Akamai Technologies,False
thelotter-affiliates.com,,,False
thelotter.com,,GLOBIS HOLDING LIMITED,False
themango.workers.dev,,,False
theme-sphere.com,,,False
themediacdn.com,,,False
thememattic.com,,,False
themeruby.com,,,False
themescientist.app,,,False
themetartnetwork.net,,,False
themindhub.net,,,False
themoneytizer.com,,The Moneytizer,False
themoneytizer.fr,,,False
themotorombudsman.org,,,False
themoviedb.org,,Fanhattan LLC,False
themuse-renderer.vercel.app,,,False
thenameengine.com,,,False
thenational.scot,,Herald and Times Group,False
thenewsbar.net,,,False
thenewsbox.net,,,False
theo.marketing,,,False
theopen.com.edgekey.net,,Akamai Technologies,False
theoplayer.com,,THEO Technologies,False
theoutdoorstrader.b-cdn.net,CDN,BunnyCDN,False
theownly.io,,,False
theplace.com,,,False
theplatform.com,,thePlatform for Media,False
theplatform.eu,,"thePlatform, LLC",False
thepointyspritesclub.com,,,False
theporndude.com,,,False
thepublive.com,,,False
thequack.ai,,,False
theramswire.com,,,False
theraptormedia.com,,,False
therasaas.com,,,False
therave.co,,,False
therealreal.map.fastly.net,Action Pixels;Ad Motivated Tracking;Advertising;Analytics;CDN;Embedded Content;Session Replay;Third-Party Analytics Marketing,"Fastly, Inc.",True
theresanaiforthat.com,,,False
thereviewsplace.com,,,False
therichestimages.b-cdn.net,CDN,BunnyCDN,False
thermeon.io,,,False
thermofisher.com,,Thermo Fisher Scientific Inc.,False
thermofisher.com.edgekey.net,,Akamai Technologies,False
thescore.bet,,,False
theshoppad.com,,,False
theshoppad.net,,,False
thesmilingpencils.com,,,False
thesn.net,,,False
thesports01.com,,,False
thesportsterimages.b-cdn.net,CDN,BunnyCDN,False
thestar.com,,Toronto Star Newspapers Ltd.,False
thestudentroom.co.uk,,,False
thesun.co.uk,,News UK & Ireland Ltd,False
thesundevils.com,,SIDEARM Sports,False
thethingsimages.com,,,False
thetimes.com,,,False
thetrackernetwork.com,,,False
thetrainline.com,,Trainline.com Limited,False
thetravelimages.com,,,False
thetreeapp.org,,,False
theuniguide.co.uk,,,False
thevillages.com,,The Villages Technology Solutions Group,False
theweather.com,,,False
theweathernetwork.com,,Pelmorex Media Inc.,False
thewebconsole.com,,,False
thewishlist.io,,,False
theworldatlas.net,,,False
thewosgroup.com,,,False
theyarehuge.net,,,False
thg.dev,,,False
thg.dk,,,False
thgaltitude.com,,,False
thgim.com,,,False
thgingenuity.com,,,False
thgl-data-forge.b-cdn.net,CDN,BunnyCDN,False
thiaplatform.ai,,,False
thickteaching.com,,,False
thiecommerce.com,,,False
thieme.com,,,False
thieme.de,,Georg Thieme Verlag KG,False
thinglink.me,,Thinglink,False
thinkindot.com,,,False
thinklink.com,,,False
thinkorswim.com.edgekey.net,,Akamai Technologies,False
thinkwebcontent.com,,Think Web Content SL,False
thisgreencolumn.com,,,False
thisisbeacon.com,,,False
thisisdax.com,,,False
thisiswaldo.com,,,False
thisvid.com,,,False
thobits.com,,,False
thomann.de,,Thomann GmbH,False
thomann.fr,,,False
thomann.nl,,,False
thomannmusic.no,,,False
thomsonreuters.com,,Thomson Reuters,False
thon.com,,,False
thoughtmetric.io,,,False
threads.com,,,False
threads.net,,,False
threatcleaner.info,,,False
threedeepmarketing.com,,Three Deep Marketing & Sales Solutions,False
threekit.com,,,False
threetruck.com,,"Leven Labs, Inc. DBA Admiral",False
thrfun.com,,,False
thriftbooks.map.fastly.net,Action Pixels;Ad Motivated Tracking;Advertising;Analytics;CDN;Embedded Content;Session Replay;Third-Party Analytics Marketing,"Fastly, Inc.",True
thrillshare.com,,,False
thrive.today,,"Thrive Commerce, LLC",False
thron.com,,THRON SPA,False
thrtle.com,Ad Motivated Tracking;Advertising;Analytics;Audience Measurement,Throtle,True
thruthebible.io,,,False
thsproduction.b-cdn.net,CDN,BunnyCDN,False
thuiswinkel-cdn.org,,,False
thuiswinkel.org,,,False
thulium.com,,,False
thumbmarkjs.com,,,False
thumbnail.ws,,,False
thumbtackstatic.com,,,False
thunderhead.com,,Thunderhead.com Limited,False
thv11.com.edgekey.net,,Akamai Technologies,False
ti-media.net,,TI Media,False
ti-v10-prod-gtm-tm.trafficmanager.net,CDN,Microsoft Corporation,False
tiaa-cdn.net,,,False
tiaa.org,,Teachers Insurance and Annuity Association of America,False
ticdn.it,,,False
ticdn.net,,,False
ticino.ch,,,False
tickaroo.com,,,False
tickertech.com,,,False
tickertech.net,,,False
ticketm.net,,,False
ticketmaster.co.uk,,Live Nation Entertainment,False
ticketmaster.com,,Live Nation Entertainment,False
ticketmaster9.map.fastly.net,Action Pixels;Ad Motivated Tracking;Advertising;Analytics;CDN;Embedded Content;Session Replay;Third-Party Analytics Marketing,"Fastly, Inc.",True
ticketmatic.com,,,False
ticketsolutions.com.au,,,False
tickettransaction.com,,TicketNetwork,False
ticketunie.com,,,False
tickpick.com,,,False
tickxcore.com,,,False
tid.al,,,False
tidaltv.com,Ad Motivated Tracking;Advertising,"Amobee, Inc",True
tide-cdn.online,,,False
tidio.co,,Green Hills,False
tiermaker.com,,,False
tieszhu.com,,,False
tiffany.com,,Tiffany and Co,False
tigrelist.com,,,False
tihealth.com,,,False
tijdschrift.land,,,False
tiktok.com,,ByteDance Ltd.,False
tiktok.com.edgekey.net,,Akamai Technologies,False
tiktok.com.edgesuite.net,CDN,Akamai Technologies,False
tiktokcdn-eu.com,,,False
tiktokcdn-us.com,CDN,ByteDance Ltd.,False
tiktokcdn-us.com.akamaized.net,CDN,Akamai Technologies,False
tiktokcdn-us.com.edgesuite.net,CDN,Akamai Technologies,False
tiktokcdn.com,CDN,ByteDance Ltd.,False
tiktokshops.us,,,False
tiktokv.com,,ByteDance Ltd.,False
tiktokv.com.edgekey.net,,Akamai Technologies,False
tiktokv.com.edgesuite.net,CDN,Akamai Technologies,False
tiktokv.eu,,,False
tiktokv.us,,,False
tiktokw.eu,,,False
tiktokw.us,,ByteDance Ltd.,False
tildaapi.com,,,False
tildacdn.com,,,False
tildacdn.net,,,False
tilebar-vis.com,,,False
tiledesk.com,,,False
tileshop.io,,,False
tillpayments.com,,,False
tilvalhall.fr,,,False
timberland.eu,,,False
timdovs.com,,,False
time-ae.akamaized.net,CDN,Akamai Technologies,False
time.is,,,False
time.ly,,Rik Logtenberg,False
time1.me,,,False
timeanddate.com,,Time and Date AS,False
timeapi.io,,,False
timeextension.com,,,False
timeincuk.net,,TI Media,False
timeline-nutrition.myshopify.com,Analytics;CDN;Embedded Content;Online Payment,Shopify Inc.,False
timely.fun,,,False
timelyapp-prod.s3.us-west-2.amazonaws.com,CDN,"Amazon Technologies, Inc.",False
timeout.com,,Timeout England Limited,False
timepayment.com,,,False
timesa.pl,,,False
timesmonarchcivil.com,,,False
timesnownews.com.edgekey.net,,Akamai Technologies,False
timesofindia.com,,Times Internet Ltd,False
timesofindia.com.edgekey.net,,Akamai Technologies,False
timetrade.com,,,False
timify.com,,,False
timmywil.com,,,False
tind.io,,,False
tingot.com,,,False
tingyun.com,,北京基调网络股份有限公司,False
tinkoff.ru,,AO Tinkoff Bank,False
tintup.com,,,False
tinuiti.com,,,False
tiny-img.com,,,False
tiny.cloud,,Tiugo Technologies,False
tinybird.co,,,False
tinylytics.app,,,False
tinymce.com,,,False
tinyns.me,,,False
tinypass.com,Ad Motivated Tracking;Advertising;Analytics;Audience Measurement;Embedded Content;SSO;Third-Party Analytics Marketing,Piano Software,True
tinypic.com,,,False
tinytabs.io,,,False
tio.ch,,,False
tipeee.com,,MyMajorCompany,False
tipp24.com,,Tipp24 Services Ltd,False
tipsport.sk,,,False
tipsportaffiliate.com,,,False
tiqcdn.com,Advertising;Analytics;Audience Measurement;Tag Manager;Third-Party Analytics Marketing,Tealium Inc.,True
tiqets.com,,,False
tiscali.cz,,"TISCALI MEDIA, a.s.",False
titania.es,,,False
titantv.com,,"TitanTV, Inc",False
titantvguide.com,,,False
titleist.com,,Acushnet Company,False
titleist.com.edgekey.net,,Akamai Technologies,False
titus.one,,,False
tiun.dev,,,False
tiweb103cdnprod.azureedge.net,CDN,Microsoft Corporation,False
tixcdn.io,,,False
tixologi.com,,,False
tixuk.com,,,False
tiypa.com,,,False
tize.no,,,False
tjccdn.b-cdn.net,CDN,BunnyCDN,False
tjek.com,,,False
tjk-njk.com,,,False
tk0x1.com,,Online Media Solutions Ltd. dba Brightcom,False
tk3dapi.com,,,False
tklivechat.com,,,False
tkn1.net,,,False
tkrconnector.com,,,False
tl-res.com,,,False
tlcdelivers.com,,,False
tldw.me,,spoteam.com,False
tlmtr.org,,,False
tlsecure.com,,,False
tlt-cdn.com,,,False
tlweb-getaway.azurewebsites.net,CDN,Microsoft Corporation,False
tm-awx.com,,Reach plc,False
tm-azurefd.net,,,False
tmadsrv.com,,,False
tmatch.com,,,False
tmbi.com,,"Trusted Media Brands, Inc",False
tmdb.org,CDN;Embedded Content,Fanhattan LLC,False
tmf.al,,,False
tmgrup.com.tr,CDN,Turkuvaz Mobil Hizmetler A.Þ,False
tmpwebeng.com,,TMP Worldwide,False
tmrjmp.com,,,False
tmsi.akamaized.net,CDN,Akamai Technologies,False
tmssl.akamaized.net,CDN,Akamai Technologies,False
tmtarget.com,,,False
tmwh.de,,,False
tmyamz.com,,,False
tmz-ds.map.fastly.net,Action Pixels;Ad Motivated Tracking;Advertising;Analytics;CDN;Embedded Content;Session Replay;Third-Party Analytics Marketing,"Fastly, Inc.",True
tn-agw-prod.trafficmanager.net,CDN,Microsoft Corporation,False
tn-cloud.net,,,False
tnapplications.com,,,False
tnc-app.herokuapp.com,CDN,"Salesforce.com, Inc.",False
tncapp.com,,,False
tncid.app,,,False
tnet.b-cdn.net,CDN,BunnyCDN,False
tnew-assets.com,,,False
tnhs.cloud,,,False
tnn.in,,,False
tns-counter.ru,Analytics,JSC ADFACT,False
tns-cs.net,,,False
tnsosgovfiles.com,,,False
tnstatic.net,,,False
tntskk.com,,,False
tnu8.net,,Impact,False
toadandco.myshopify.com,Analytics;CDN;Embedded Content;Online Payment,Shopify Inc.,False
toadmash.net,,,False
toast.com,,"NHN Entertainment co.,ltd",False
toastmasterscdn.azureedge.net,CDN,Microsoft Corporation,False
tobrev-newsite.s3.amazonaws.com,CDN,"Amazon Technologies, Inc.",False
tobsnssdk.com,,ByteDance Ltd.,False
tockify.com,,,False
today.com,,Comcast Corporation,False
todd-snyder.myshopify.com,Analytics;CDN;Embedded Content;Online Payment,Shopify Inc.,False
togglestatic.com,,,False
toi-media.com,,,False
toiimg.com,,Times Internet Ltd,False
tokbox.com,,,False
tokenex.com,,"TokenEx, LLC",False
tokopedia-static.net,,,False
tokopedia.net.edgesuite.net,CDN,Akamai Technologies,False
tokyo-motion.net,,,False
tolk.ai,,,False
tolkie.nl,,,False
toll-lb-cluster-us-east-2-1431119442.us-east-1.elb.amazonaws.com,CDN,"Amazon Technologies, Inc.",False
tolstoycomments.com,,,False
tolt.io,,,False
tombrascloud.com,,,False
tomi.ai,,,False
tommy.com.edgekey.net,,Akamai Technologies,False
tommybahama.com.edgekey.net,,Akamai Technologies,False
tomorrow.io,,,False
tomtoc-online.myshopify.com,Analytics;CDN;Embedded Content;Online Payment,Shopify Inc.,False
tomtom.com,,TomTom International BV,False
tonemedia.com,,,False
toolfio.com,,,False
tooling-alb-1018946216.eu-west-1.elb.amazonaws.com,CDN,"Amazon Technologies, Inc.",False
tools.nhk,,,False
tooltip.io,,,False
toolz.at,,,False
toontrack.com.edgesuite.net,CDN,Akamai Technologies,False
tootimid.myshopify.com,Analytics;CDN;Embedded Content;Online Payment,Shopify Inc.,False
toots-a.akamaihd.net,CDN,Akamai Technologies,False
top100.ru,,"Rambler Internet Holding, LLC",False
top500.org,,,False
top5best.com,,,False
topblogs.de,,,False
topcollegeadmissionsconsultantsmetrics.com,,,False
topgear.nl,,,False
topicit.net,,,False
toplineads.com,,,False
toplist.cz,,TOPlist s.r.o,False
toplist.eu,,TOPlist s.r.o,False
toplist.sk,,TOPlist s.r.o,False
toplist100.org,,,False
topnotchs.site,,,False
toppfotball.no,,,False
toppreise.ch,,SwissSign AG,False
topreytings.ru,,,False
tops-graphics-origin.s3-us-west-2.amazonaws.com,CDN,"Amazon Technologies, Inc.",False
topsec.com,,,False
topsortassets.com,,,False
topspeedimages.com,,,False
topsrvimp.com,,,False
topxlist.xyz,,,False
torcai.com,,,False
tormetrics.org,,,False
torneopal.net,,,False
torpapa.com,,,False
torry.io,,,False
toryburch.com.edgekey.net,,Akamai Technologies,False
toss.im,,,False
tosshub.com,,T.V. Today Network Limited,False
tosshub.com.akamaized.net,CDN,Akamai Technologies,False
tostarsbuilding.com,,,False
totalboat.myshopify.com,Analytics;CDN;Embedded Content;Online Payment,Shopify Inc.,False
totaleclips.com,,,False
totalenergies.com,,,False
totalmediadatahub.com,,,False
toubiz.de,,,False
touch.global,,,False
touhidul002.github.io,CDN;Non-Tracking,"GitHub, Inc.",False
toulouse-metropole.fr,,,False
tourispo.com,,,False
touristicmaps.com,,,False
toutiao.com,,ByteDance Ltd.,False
toutiaostatic.com,,,False
toutoulliou.com,,,False
toutsante.fr,,,False
townhall.com,,Salem Communications Corporation,False
townnews.com,,,False
townrdwarfer.com,,,False
townsquare.media,,Townsquare Media,False
townsquareblogs.com,,Townsquare Media,False
townsquareblogs.com.edgekey.net,,Akamai Technologies,False
toxsales1.com,,,False
toyota-europe.com,,Toyota Motor Corporation,False
toyota-europe.edgesuite.net,CDN,Akamai Technologies,False
toyota-lexus-co_uk.edgesuite.net,CDN,Akamai Technologies,False
toyota.com,,Toyota Motor Corporation,False
toyota.eu,,,False
toyota.jp,,Toyota Motor Corporation,False
toyotafinancial.com,,Toyota Motor Corporation,False
toyotaowners.b-cdn.net,CDN,BunnyCDN,False
toyotaownersau.b-cdn.net,CDN,BunnyCDN,False
toysrus-shop.myshopify.com,Analytics;CDN;Embedded Content;Online Payment,Shopify Inc.,False
tp-em.cc,,,False
tp-em.com,,,False
tp-eye.com,,,False
tp-link.com,,"TP-LINK TECHNOLOGIES CO., LTD.",False
tp.media,,,False
tp88trk.com,,,False
tpdads.com,,,False
tpdwm.com,,,False
tpemb.com,,,False
tpembar.com,,,False
tpembars.com,,,False
tpmedia-reactads.com,,,False
tpmn.io,,"TPMN co., ltd.",False
tpo.gg,,,False
tpwgts.com,,,False
tq-tungsten.com,,,False
tqgo.top,,,False
tqlkg.com,,Conversant LLC,False
tracapis.com,,,False
tracead.com,,,False
traceaiplus.com,,,False
tracecontent.com,,,False
tracely.cloud,,,False
tracepixels.com,,,False
tracfone.com,,"TracFone Wireless, Inc.",False
tracify.ai,,,False
track-sst-g-982800934.us-west-1.elb.amazonaws.com,CDN,"Amazon Technologies, Inc.",False
track-trace.b-cdn.net,CDN,BunnyCDN,False
track.us.org,,,False
trackad.ai,,,False
trackad.cz,,webgarden s.r.o.,False
trackbase.ai,,,False
trackboxx.info,,,False
trackcb.com,,,False
trackcmp.net,Action Pixels;Ad Motivated Tracking;Advertising,"ActiveCampaign, Inc.",True
trackcollect.com,,,False
trackdesk.com,,,False
trackedlink.net,,,False
trackedweb.net,,,False
tracker-dot-optimeeze.appspot.com,CDN,Google LLC,False
tracker.gg,,,False
trackercdn.com,,,False
trackhs.com,,,False
trackier.com,,,False
trackify.info,,,False
tracking-scripts.s3.amazonaws.com,CDN,"Amazon Technologies, Inc.",False
trackingmore.net,,,False
trackingpin.com,,,False
trackingplan.com,,"Trackingplan, Inc.",False
trackjs.com,,TrackJS LLC,False
tracklution.com,,,False
trackme360.net,,,False
trackmytarget.com,,,False
trackonomics.net,,Trackonomics Ltd.,False
tracksmith-v2.myshopify.com,Analytics;CDN;Embedded Content;Online Payment,Shopify Inc.,False
trackwilltrk.com,,,False
tracookiepixel.xyz,,,False
tradablebits.com,,,False
tradecentric.com,,,False
tradedesk-segment.azurewebsites.net,CDN,Microsoft Corporation,False
tradedoubler.com,,TradeDoubler AB,False
tradehouse.media,,,False
tradeinn.com,,,False
tradeitdev.com,,,False
trademessenger.com,,,False
tradepending.com,,,False
traderinteractive.com,,,False
tradetracker.net,,TradeTracker FZ-LLC,False
tradingview-static.b-cdn.net,CDN,BunnyCDN,False
tradingview-widget.com,,,False
tradingview.com,,,False
tradovateapi.com,,,False
traefik.github.io,CDN;Non-Tracking,"GitHub, Inc.",False
traegergrills.io,,,False
traf-tdc-prod-performance.trafficmanager.net,CDN,Microsoft Corporation,False
traffaret.com,,,False
traffective.cloud,,,False
trafficbass.com,,,False
trafficcdn.com,,,False
trafficdeposit.com,,,False
trafficguard.ai,,,False
trafficguardapp.com,,,False
traffichaus.com,,"Traffic Haus, LLC",False
trafficjunky.com,,Aylo,False
trafficjunky.net,,Aylo,False
trafficly.site,,,False
trafficman.io,,,False
traffics-switch.de,,,False
trafficsan.com,,,False
trafficstars.com,Ad Motivated Tracking;Advertising,Traffic Stars,True
trafficsyncpro.com,,,False
traffiksource.com,,,False
traffmovie.com,,,False
traficstore.com,,,False
trafmag.com,,TrafMag,False
trail4runner.com,,,False
trailforks.com,,Fireroad Holdings Inc.,False
trailhead.com,,,False
trained-price.pro,,,False
trainweb.net,,NordiLusta LLC,False
trakkr.ai,,,False
trakpilot.com,,,False
tralalere.com,,,False
tramino.net,,,False
tranquilveil.com,,,False
transactmedia.github.io,CDN;Non-Tracking,"GitHub, Inc.",False
transcend-cdn.com,CDN,,False
transcend.io,,"Transcend, Inc.",False
transcy.io,,,False
transfermarkt.technology,,,False
transhub.io,,,False
transifex.com,,,False
transifex.net,,,False
transip.net,,,False
transistor.fm,,,False
transitapp.com,,Transit App,False
translate-pa.googleapis.com,CDN;Embedded Content,Google LLC,False
translate.googleapis.com,CDN;Embedded Content,Google LLC,False
translate.gov.au,,,False
translated-endpoints-json.s3.amazonaws.com,CDN,"Amazon Technologies, Inc.",False
transmit.security,,,False
transmitsecurity.io,,,False
transparentedge.io,,,False
transparenttextures.com,,,False
transpond.io,,,False
transsurgery.net,,,False
transtore.app,,,False
trashreality.com,,,False
trauer.de,,,False
travactory.com,,,False
travcorp.com,,,False
travel-assets.com,,"Expedia Group, Inc.",False
travelaudience.com,,,False
travelex.co.uk,,,False
travelex.net,,Travelex Limited,False
travelinsurance.com,,,False
travelocity.com,,"Expedia Group, Inc.",False
travelpayouts.com,,Go Travel Un Limited,False
travelsouthdakota.com,,,False
traveltripper.io,,,False
travelzoo.com.edgekey.net,,Akamai Technologies,False
traversedlp.com,,"Traverse Data, Inc.",False
travix.com,,Travix International,False
travyk.nl,,,False
traxoft.com,,,False
trbcdn.net,,,False
trbo.com,,Trbo GmbH,False
trck.house,,,False
trcksrv.de,,,False
trcktr.com,,,False
treadsy.com,,,False
treasuredata.com,Ad Motivated Tracking;Analytics;Audience Measurement,"Treasure Data, Inc",True
treasurevalley.jobs,,,False
treasury.gov,,United States Department of Treasury,False
treasurydirect.gov,,United States Department of Treasury,False
treatwell.com,,,False
treatwell.net,,,False
tree-nation.com,,,False
trekbikes.com,,Trek Bicycle Corporation,False
trekcdnprod.azureedge.net,CDN,Microsoft Corporation,False
trekkerweb.nl,,,False
tremorhub.com,Ad Motivated Tracking;Advertising,Telaria,True
trend.org,,,False
trendching.com,,,False
trendemon.com,,SSL Corporation,False
trendhunter.com.edgesuite.net,CDN,Akamai Technologies,False
trendii.com,,,False
trendmd.com,,,False
trendmicro.com,,Trend Micro Inc.,False
trengo.eu,,Trengo,False
trengo.s3.eu-central-1.amazonaws.com,CDN,"Amazon Technologies, Inc.",False
tresio.co,,,False
trex.media,,,False
triadctv.com,,,False
trial-eum-clientnsv4-s.akamaihd.net,CDN,Akamai Technologies,False
trial-eum-clienttons-s.akamaihd.net,CDN,Akamai Technologies,False
trialfire.com,,"Lieberman, Michael",False
trialhd.com,,,False
triangle.com,,,False
tribalfusion.com,Ad Motivated Tracking;Advertising,Exponential Interactive Inc.,True
tribl.io,,,False
tribooanalytics.com,,,False
tribute.ca,,Tribute Publishing Incorporated,False
tributecenteronline.com,,,False
tridentab.com,,,False
triggerbee.com,,Camelonta,False
triggeredmail.appspot.com,CDN,Google LLC,False
trimble.com,,Trimble Navigation,False
trinityaudio.ai,,,False
trinitymedia.ai,,,False
trinityroad.dev,,,False
trinos.io,,,False
triodos.com,,Triodos Bank N.V.,False
triolabs.io,,,False
trip.com,,Trip.com Group Limited,False
tripadvisor.co.uk,,TripAdvisor LLC,False
tripadvisor.com,,TripAdvisor LLC,False
tripbits.com,,,False
tripcrafters.com,,,False
tripgslb.akadns.net,CDN,Akamai Technologies,False
triple-it.nl,,,False
triplewhale-pixel.web.app,,Google LLC,False
triplewhale.systems,,,False
tripplite.com,,Tripp Lite,False
tripsavvy.com,,"About, Inc.",False
tripster.tech,,,False
triptease.io,,,False
triumphmotorcycles.co.uk,,,False
trivago.com,,trivago N.V.,False
trivago.com.edgekey.net,,Akamai Technologies,False
triviatrap.net,,,False
trk-brevinate.com,,,False
trk-keingent.com,,,False
trk42.net,,42 Ads GmbH,False
trkblue.com,,,False
trkcall.com,,,False
trkfut.com,,,False
trkkn.com,,,False
trklas.com,,,False
trkn.it,,,False
trkn.us,,Claritas LLC,False
trkwwtarget.com,,,False
trlution.com,,,False
trmads.eu,,,False
trmcdn.eu,,,False
trmit.com,,,False
trmzum.com,,,False
trojanpressinc.com,,,False
tron.edgekey.net,,Akamai Technologies,False
trooper-ch.myshopify.com,Analytics;CDN;Embedded Content;Online Payment,Shopify Inc.,False
troubleshade.com,,,False
trovaprezzi.it,,7Pixel srl,False
trove.com,,,False
trovit.com,,TROVIT,False
trovo-tag.com,,,False
trrsf.com.edgesuite.net,CDN,Akamai Technologies,False
trs.cn,,,False
trstatic.net,,,False
trstplse.com,,,False
trt.com.tr,,,False
trtglobal.io,,,False
tru.am,Third-Party Analytics Marketing,trueAnthem Corp,False
truconversion.com,,InvoCube Ltd,False
trucooperativebank.ca,,,False
trudigo.com,,,False
true.lilly,,,False
true.nl,,,False
trueanthem.com,,,False
trueaudioplayer.b-cdn.net,CDN,BunnyCDN,False
truecable-usd.myshopify.com,Analytics;CDN;Embedded Content;Online Payment,Shopify Inc.,False
trueclassictees-com.myshopify.com,Analytics;CDN;Embedded Content;Online Payment,Shopify Inc.,False
truefit.com,,True Fit Corporation,False
truefitcorp.com,Ad Motivated Tracking;Analytics;Third-Party Analytics Marketing,True Fit Corporation,True
truehits.in.th,,,False
trueleadid.com,Advertising;Third-Party Analytics Marketing,"Lead Intelligence, Inc.",True
truelightdesigns.com,,,False
trueloyal.com,,,False
truemed.com,,,False
truendo.com,,,False
trueprodigyapi.com,,,False
trueprofit.io,,,False
truepush.com,,,False
trueroas.com,,,False
trueroas.io,,,False
truesession.com.au,,,False
truevaultcdn.com,,,False
truex.com,,,False
truist.com,,Truist Financial Corporation,False
truist.com.edgekey.net,,Akamai Technologies,False
trumba.com,,Trumba Corporation,False
trumeasure.com,,The McClatchy Company,False
trumf.no,,,False
trumphotels.com,,THE TRUMP ORGANIZATION,False
trunkpkg.com,,,False
truoptik.com,Ad Motivated Tracking;Advertising;Analytics;Audience Measurement;Third-Party Analytics Marketing,21 Productions,True
trurating.com,,,False
trust-guard.com,,Trust Guard LLC,False
trust-id.ru,,,False
trust-provider.com,,Sectigo Limited,False
trust.reviews,,,False
trust360.jp,,,False
trustami.com,,,False
trustapps.co,,,False
trustarc.com,Badge,TrustArc Inc.,False
trustberrie.com,,,False
trustcommander.net,,Fjord Technologies,False
trustdecision.com,,,False
truste.ai,,,False
truste.com,Badge,TrustArc Inc.,False
trusted-checks.com,,,False
trustedcareaccess.com,,,False
trustedform.com,,,False
trustedshops.com,Badge,Trusted Shops GmbH,False
trustedsite.com,,PathDefender,False
trustedstack.com,,,False
trustev.com,,Trustev Ltd.,False
trustguard.com,,,False
trustify.de,,,False
trustifyreview.app,,,False
trustifyreview.com,,,False
trustindex.io,,,False
trustist.com,,,False
trustmark.gr,,,False
trustmary.com,,,False
trustmary.io,,,False
trustmate.io,,,False
trustoo.io,,,False
trustpielote.com,,,False
trustpilot.com,Analytics;Embedded Content,Trustpilot A/S,False
trustpilot.net,,Trustpilot A/S,False
trustprofile.com,,,False
trustshop.io,,,False
trustspot-app-assets.s3.amazonaws.com,CDN,"Amazon Technologies, Inc.",False
trustspot.io,,,False
trustwave.com,,"Trustwave Holdings, Inc.",False
trustx.org,Ad Motivated Tracking;Advertising,DCN,True
trustyou.com,,Trustyou GmbH,False
trustz.app,,,False
truthsocial.com,,,False
truvidplayer.com,,Brandsmind,False
truyo.com,,,False
trv-intake-form-rollback.vercel.app,,,False
trvdp.com,,Brandsmind,False
trvl-media.com,,"Expedia Group, Inc.",False
trvl-px.com,,"Expedia Group, Inc.",False
trx-carabiner.herokuapp.com,CDN,"Salesforce.com, Inc.",False
trx-hub.com,,,False
trx-unleash-794f030cd702.herokuapp.com,CDN,"Salesforce.com, Inc.",False
try-hubspot.com,,,False
trybirdie.com,,,False
trycaddie.com,,,False
trycentral.com,,,False
tryggehandel.net,,,False
trygravity.ai,,,False
tryinteract.com,,,False
tryinteract.io,,,False
trymimir.com,,,False
trynow.net,,,False
tryoctane.com,,,False
trysera.com,,,False
trysuri.myshopify.com,Analytics;CDN;Embedded Content;Online Payment,Shopify Inc.,False
trytadapp.com,,,False
trytagging.com,,,False
tryzens-analytics.com,,,False
ts4rent.eu,,,False
tsa-db.com,,,False
tsbfnxx.com,,,False
tsbluebox.com,,,False
tscimg.ca,,,False
tscom-content.netlify.app,,,False
tscprts.com,,,False
tsdtocl.com,,"Taboola, Inc.",False
tsf.al,,,False
tsheets.com,,,False
tsiaws.com,,,False
tspdatacenter.com,,,False
tsr-site-images.s3.amazonaws.com,CDN,"Amazon Technologies, Inc.",False
tstllc.net,,,False
tsuma-parade.com,,,False
tsuma-parade.jp,,,False
tsusercontent.com,,,False
tsutaeru.cloud,,,False
tsyndicate.com,Action Pixels;Ad Motivated Tracking;Advertising,Traffic Stars,True
tt-srv.com,,,False
tt03.biz,,,False
tt07.biz,,,False
ttag.io,,,False
ttarget.ru,,,False
ttcache.com,,,False
ttcontacts.com,,,False
ttdns2.com,,,False
ttecgov.us,,,False
ttg.at,,,False
ttl.ai,,,False
ttlagency.uk,,,False
ttvnw.net,,"Amazon Technologies, Inc.",False
ttwmed.com,,,False
ttwstatic.com,,,False
tubecup.net,,,False
tubemogul.com,Ad Motivated Tracking;Advertising;Analytics;Audience Measurement,Adobe Inc.,True
tubxporn.com,,,False
tufts-technology-services.github.io,CDN;Non-Tracking,"GitHub, Inc.",False
tui-mm.com,,,False
tui.com,,TUI AG,False
tui.com.edgekey.net,,Akamai Technologies,False
tuigroup.com,,,False
tumblr.com,,"Automattic, Inc.",False
tune.com,,,False
tunefindforfans.com,,,False
tunein.com,,TuneIn Inc.,False
tuplebar.com,,,False
tupsrv.com,,,False
turbify.biz,,,False
turbify.net,,,False
turbifycdn.com,,,False
turbo0.com,,,False
turbostats.xyz,,,False
turboviplay.com,,,False
turkifsaci.com,,,False
turkish123.info,,,False
turkish123.today,,,False
turn.com,Ad Motivated Tracking;Advertising,"Amobee, Inc",True
turner-tls.map.fastly.net,Action Pixels;Ad Motivated Tracking;Advertising;Analytics;CDN;Embedded Content;Session Replay;Third-Party Analytics Marketing,"Fastly, Inc.",True
turner.com,,"Warner Bros. Discovery, Inc.",False
turner.com.edgekey.net,,Akamai Technologies,False
turnto.com,,"Pixlee TurnTo, Inc.",False
turtl.co,,TURTL SURF & IMMERSE,False
turtleprod-88170232.us-east-1.elb.amazonaws.com,CDN,"Amazon Technologies, Inc.",False
tuto.net,,,False
tv-asahi.co.jp,,tv asahi corporation,False
tv-ds.edgekey.net,,Akamai Technologies,False
tv-ds2.edgekey.net,,Akamai Technologies,False
tv-v1.edgekey.net,,Akamai Technologies,False
tv.edgekey.net,,Akamai Technologies,False
tv.map.fastly.net,Action Pixels;Ad Motivated Tracking;Advertising;Analytics;CDN;Embedded Content;Session Replay;Third-Party Analytics Marketing,"Fastly, Inc.",True
tv1.eu,,,False
tv2-dk.map.fastly.net,Action Pixels;Ad Motivated Tracking;Advertising;Analytics;CDN;Embedded Content;Session Replay;Third-Party Analytics Marketing,"Fastly, Inc.",True
tv2.no,,TV 2 AS,False
tv2api.dk,,,False
tv2i.dk,,,False
tv2s.dk,,,False
tv5monde.com.edgekey.net,,Akamai Technologies,False
tv5mondeplus.com.akamaized.net,CDN,Akamai Technologies,False
tv5unis.ca,,,False
tvads.ai,,,False
tvanouvelles.akamaized.net,CDN,Akamai Technologies,False
tvchannel.info,,,False
tvconv.com,,,False
tver.jp,,"TVer, Inc.",False
tver.sale,,,False
tvgids.nl,,,False
tvmeter.nl,,,False
tvn.pl,,TVN S.A.,False
tvp.pl,,DOMENY.PL sp. z o.o,False
tvpage.com,,"TVPage, Inc.",False
tvpagewidgets.com,,,False
tvpixel.com,Ad Motivated Tracking;Advertising;Analytics,Data Plus Math,True
tvr-photos.com,,,False
tvscipixel.com,,,False
tvspielfilm.de,,TV SPIELFILM Verlag GmbH,False
tvspix.com,,,False
tvsquared.com,Ad Motivated Tracking;Advertising;Analytics;Audience Measurement,TVSquared,True
tvx.cloud,,,False
tvzhe.com,,,False
tw.cx,,,False
twdc.com,,,False
twdcgrid.com,,,False
tweakwise.com,,Tweakwise.com B.V.,False
tweakwisenavigator.com,,,False
tweakwisenavigator.net,,,False
twelfthmagpie.com,,,False
twelve.tools,,,False
twentythree.com,,,False
twgservice.ch,,,False
twiago.com,Ad Motivated Tracking;Advertising,twiago GmbH,True
twic.pics,,,False
twik.io,,,False
twilio.com,,"Twilio, Inc.",False
twiliocdn.com,,,False
twimg.com,CDN;Embedded Content;Social - Comment;Social - Share;Social Network,"Twitter, Inc.",False
twincdn.com,,,False
twinkl.co.uk,,Twinkl LTD,False
twinrdengine.com,,,False
twinrdsrv.com,,,False
twinrdsyte.com,,,False
twipecloud.net,,,False
twipemobile.com,,,False
twitch.map.fastly.net,Action Pixels;Ad Motivated Tracking;Advertising;Analytics;CDN;Embedded Content;Session Replay;Third-Party Analytics Marketing,"Fastly, Inc.",True
twitch.tv,CDN;Embedded Content,"Amazon Technologies, Inc.",False
twitchcdn.net,,"Amazon Technologies, Inc.",False
twitcount.com,,,False
twitframe.com,,,False
twitter-badges.s3.amazonaws.com,CDN,"Amazon Technologies, Inc.",False
twitter.com,Ad Motivated Tracking;Advertising;Analytics;Embedded Content;Federated Login;Social - Comment;Social - Share;Social Network,"Twitter, Inc.",True
twitter.github.io,CDN;Non-Tracking,"GitHub, Inc.",False
twitter.map.fastly.net,Action Pixels;Ad Motivated Tracking;Advertising;Analytics;CDN;Embedded Content;Session Replay;Third-Party Analytics Marketing,"Fastly, Inc.",True
two-img.com,,,False
twofour.de,,,False
twogameslink.com,,,False
twstatic.net,,,False
twz.com,,,False
tx.group,,,False
txgb.co.uk,,,False
txmblr.com,,,False
txnhh.com,,,False
txproxy.com,,,False
txtcartapp.com,,,False
txttoi.com,,,False
txxx.me,,,False
txxx.tube,,,False
tyamahori.com,,,False
tyler-4ac.workers.dev,,,False
tylertech.com,,,False
tynt.com,Action Pixels;Ad Motivated Tracking;Advertising;Social - Share;Third-Party Analytics Marketing,"33Across, Inc.",True
typeform.com,,Typeform S.L.,False
typekit.com,,Adobe Inc.,False
typekit.net,CDN,Adobe Inc.,False
typenetwork.com,,"The Font Bureau, Inc.",False
typesense.net,,,False
typesquare.com,,,False
typewise.app,,,False
typography.com,,"The Hoefler Type Foundry, Inc",False
typotheque.com,,Typotheque,False
tyre.dating,,,False
tyrereviews.com,,,False
tyreseeker.co.uk,,,False
tyroola.com,,,False
tyviso.com,,,False
tzoo-img.com,,,False
u-komi.com,,,False
u-team.by,,,False
u-tk.com,,,False
u.to,,,False
u2.shared.global.fastly.net,Action Pixels;Ad Motivated Tracking;Advertising;Analytics;CDN;Embedded Content;Session Replay;Third-Party Analytics Marketing,"Fastly, Inc.",True
u9eiw.com,,,False
uab2eg-0h.myshopify.com,Analytics;CDN;Embedded Content;Online Payment,Shopify Inc.,False
ual-onboardings.edgekey.net,,Akamai Technologies,False
uaudio-prod.myshopify.com,Analytics;CDN;Embedded Content;Online Payment,Shopify Inc.,False
ub-analytics.com,,,False
ub-assets.com,,Unbounce,False
ubackup.com,,,False
ubembed.com,Action Pixels;Analytics;Embedded Content,Unbounce,False
uberads.com,,,False
uberall.com,,,False
ubereats.com,,"Uber Technologies, Inc.",False
uberflip.com,,Flyp Technologies Inc.,False
ubernet.com,,,False
ubi.com.edgekey.net,,Akamai Technologies,False
ubika.io,,,False
ubisendaws.com,,,False
ubisoft.akadns.net,CDN,Akamai Technologies,False
ubisoft.com,,UbiSoft Entertainment,False
ubisoft.com.edgekey.net,,Akamai Technologies,False
ubs.com,,UBS AG,False
ubuntu-de.org,,"Canonical, Ltd.",False
ubuntu.com,,"Canonical, Ltd.",False
ubuntucommunity.s3.us-east-2.amazonaws.com,CDN,"Amazon Technologies, Inc.",False
uc-itp.b-cdn.net,CDN,BunnyCDN,False
uc-lab.com,,,False
ucarecdn.com,,"Uploadcare, LLC",False
uchat.co,,,False
uchat.com.au,,,False
uchicago-brand-fonts.s3.us-east-2.amazonaws.com,CDN,"Amazon Technologies, Inc.",False
uci.edu,,University of California - Irvine,False
uciservice.com,,"Expedia Group, Inc.",False
uclabruins.com,,SIDEARM Sports,False
uclawire.com,,,False
uconn.edu,,,False
ucookie.com.tr,,,False
ucsc-static.netlify.app,,,False
ucsc-truss.netlify.app,,,False
ucsc-webassets.netlify.app,,,False
ucweb.com,,Alibaba Group,False
udesk.cn,,北京沃丰时代数据科技有限公司,False
udeskglobal.com,,,False
udiscover.myshopify.com,Analytics;CDN;Embedded Content;Online Payment,Shopify Inc.,False
udmserve.net,,Underdog Media LLC,False
udn.com.tw,,,False
udnqqy-sb.myshopify.com,Analytics;CDN;Embedded Content;Online Payment,Shopify Inc.,False
udxsva.com,,"Semcasting, Inc.",False
udzpel.com,,,False
uecdn.es,,UNIDAD EDITORIAL SA,False
uefa.com.edgekey.net,,Akamai Technologies,False
ufs.sh,,,False
ug55z8o.x.incapdns.net,CDN,Imperva Inc.,False
ugawire.com,,,False
uh5iy1de.com,,,False
uhc.com,,UnitedHealth Group Inc.,False
uhg.com,,,False
uhyou.com,,,False
ui-avatars.com,,,False
ui-chunx.com,,,False
ui-portal.de,,United Internet AG,False
ui.com,,,False
uibcdn.com,,,False
uicdn.com,,United Internet AG,False
uicdn.com.edgekey.net,,Akamai Technologies,False
uicdn.net,,United Internet AG,False
uidapi.com,,The Trade Desk Inc,False
uidsync.net,,,False
uikc.net,,,False
uio.no,,Universitetet i Oslo,False
uiocloud.no,,,False
ujet.co,,UJET INC,False
uk-v1.edgekey.net,,Akamai Technologies,False
uk.edgekey.net,,Akamai Technologies,False
uk.edgesuite.net,CDN,Akamai Technologies,False
ukankingwithea.com,,,False
ukhc.org,,,False
ukrinform.com,,,False
uksouth-01.azurewebsites.net,CDN,Microsoft Corporation,False
ukw.jp,,,False
uline.com,,"Uline, Inc.",False
uline.com.edgekey.net,,Akamai Technologies,False
ullapopken.de,,,False
ultainc.com,,Ulta Beauty,False
ultimate-guitar.com,,Ultimate Guitar USA LLC,False
ultimate.ai,,,False
ultimedia.com,,,False
ultipro.com,,,False
ultracart.com,,"BPS Info Solutions, Inc.",False
ultracommerce.co,,,False
ultrainvariable.com,,,False
ultraomelette.com,,,False
ulyn.net,,,False
uma.media,,,False
umami-3phpqgq5ua-ew.a.run.app,,Google LLC,False
umami-gamma-smoky.vercel.app,,,False
umami.dev,,,False
umami.is,,,False
umamitest-one.vercel.app,,,False
umbelderke.nl,,,False
umbraco.io,,,False
umbrella.com,,,False
umgapps.com,,,False
umtoday.ca,,,False
umusic.com,,Universal Music Group,False
unalic.top,,,False
unblocked-games.s3.amazonaws.com,CDN,"Amazon Technologies, Inc.",False
unblockedmathgames.com,,,False
unblockia.com,,,False
unblu.cloud,,,False
unbounce.com,,Unbounce,False
unbxd.io,,,False
unbxdapi.com,,Unbxd Software Private Limited,False
unchealthcare.org,,UNC Health Care,False
uncinc.nl,,,False
unclaimed-baggage.myshopify.com,Analytics;CDN;Embedded Content;Online Payment,Shopify Inc.,False
uncn.jp,Ad Fraud;Ad Motivated Tracking;Advertising;Audience Measurement,Bulbit Inc,True
uncysiante.com,,,False
underarmour.com,,"Under Armour, Inc.",False
underdog.media,,Underdog Media LLC,False
underdogapparelco.myshopify.com,Analytics;CDN;Embedded Content;Online Payment,Shopify Inc.,False
underoutfit.myshopify.com,Analytics;CDN;Embedded Content;Online Payment,Shopify Inc.,False
underscorejs.org,,,False
undertone.com,Ad Motivated Tracking;Advertising,Undertone Networks,True
unenvironment.org,,,False
unian.net,,,False
unibots.b-cdn.net,CDN,BunnyCDN,False
unibots.in,,,False
unibotscdn.com,,,False
unibuddy.co,,,False
unic24a.net,,,False
unicajabanco.es,,,False
uniconsent.com,,,False
unidadeditorial.es,,,False
unidays.world,,Myunidays Ltd,False
unific.com,,,False
unified-api-prod-ue1-ext-71791078.us-east-1.elb.amazonaws.com,CDN,"Amazon Technologies, Inc.",False
unifiedcommerce.com,,,False
unifiedetmatrixet.org,,,False
unifyintent.com,,,False
unileversolutions.com,,,False
unimedias.fr,,Trust Provider B.V.,False
uniq-vint.myshopify.com,Analytics;CDN;Embedded Content;Online Payment,Shopify Inc.,False
uniqlo.com,,"FAST RETAILING CO., LTD.",False
uniqlo.com.edgekey.net,,Akamai Technologies,False
uniqode.com,,,False
uniqodo.com,,Uniqodo Limited,False
unique-skipping-kittens.com,,,False
uniqueic.com,,,False
unisignin.com,,,False
unisvg.com,,,False
unit.no,,,False
unite.de,,,False
unite529.com,,,False
unity.com,,Unity Software Inc.,False
unity.com.edgekey.net,,Akamai Technologies,False
unity3d.com,,Unity Software Inc.,False
unitycms.io,,,False
universalads.com,,,False
universalflower.com,,,False
universalparks.com,,,False
universcine.com,,,False
universe.com,,,False
universityshocksooner.com,,,False
univision.com,,UNIVISION COMMUNICATIONS INC,False
univtec.com,,,False
unjv837.x.incapdns.net,CDN,Imperva Inc.,False
unknownidea.com,,,False
unl.edu,,University of Nebraska-Lincoln,False
unleash-hosted.com,,,False
unloadyourself.com,,,False
unlockhealthnow.com,,,False
unoadsrv.com,,,False
unpkg.com,CDN,unpkg,False
unrealengine.com,,"Epic Games, Inc.",False
unreel.me,,Unreel Entertainment LLC,False
unrulymedia.com,Ad Motivated Tracking;Advertising;Audience Measurement;Embedded Content;Third-Party Analytics Marketing,Unruly Group Limited,True
unrulyvideo.com,,,False
unsplash.com,,,False
untapped-new-york.ghost.io,,,False
untd.com,,"United Online, Inc.",False
untitledfirm.com,,,False
untold-digital.com,,,False
untuckit.myshopify.com,Analytics;CDN;Embedded Content;Online Payment,Shopify Inc.,False
untwistdawtet.com,,,False
unwetterzentrale.de,,,False
unwieldyhealth.com,,"Leven Labs, Inc. DBA Admiral",False
uol.com,,,False
uol.com.br,,Universo Online S.A.,False
uolcontent.com,,"United Online, Inc.",False
uolstatic.com,,"United Online Communications, Inc.",False
upaknee.com,,,False
upapi.net,Ad Motivated Tracking;Advertising,Blockthrough Inc.,True
upcart.app,,,False
upf.ai,,,False
upfluence.co,,,False
upgate.com,,,False
upgrade.com,,,False
uplift-platform.com,,Uplift Canada Services ULC,False
uplift.com,,Uplift Canada Services ULC,False
upliftads.io,,,False
uplifthub.io,,,False
uplinkly-static.com,,,False
upload18.cc,,,False
upload18.org,,,False
uploadly-cdn.com,,,False
uploadvr.ghost.io,,,False
uplynk.com,CDN,Yahoo Inc.,False
upmce.net,,,False
upnerd.net,,,False
uppromote.com,,,False
upravel.com,,,False
upremium.asia,,,False
ups.com.edgekey.net,,Akamai Technologies,False
upscale.digital,,,False
upscore.com,,UPSCORE GMBH,False
upsell-apps.com,,,False
upsell.com,,,False
upsellit.com,,"USI Technologies, Inc.",False
upsellproductaddons.com,,,False
upsellserverapi.com,,,False
upstackdata.io,,,False
upstackified.com,,,False
upstreamworkssoftware.com,,,False
uptain.de,,,False
uptime.com,,,False
uptimiarum.eu,,,False
uptobox-ggcdn.top,,,False
uptolike.com,,,False
uptracs.com,,,False
uptrendsdata.com,,,False
uqd.io,,Uniqodo Limited,False
uqhv.net,,,False
urbanairship.com,,"Urban Airship, Inc.",False
urbanclap.com,,,False
urbandictionary.network,,,False
urbanlaurel.com,,,False
ures.jp,,,False
urfetish.com,,,False
uri.sh,,,False
url-category-api-l2qgdrjh3a-ez.a.run.app,,Google LLC,False
urlaubspiraten.de,,HolidayPirates GmbH,False
urldefense.com,,,False
ursamajorvt.myshopify.com,Analytics;CDN;Embedded Content;Online Payment,Shopify Inc.,False
us-central1-addshoppers-data-production.cloudfunctions.net,CDN,Google LLC,False
us-central1-adops-gtm-monitoring.cloudfunctions.net,CDN,Google LLC,False
us-central1-adsmovil-data-providers.cloudfunctions.net,CDN,Google LLC,False
us-central1-affilimate.cloudfunctions.net,CDN,Google LLC,False
us-central1-amp-error-reporting.cloudfunctions.net,CDN,Google LLC,False
us-central1-bps-oi-wrmg-p.cloudfunctions.net,CDN,Google LLC,False
us-central1-clubroom-prod.cloudfunctions.net,CDN,Google LLC,False
us-central1-consumer-website-238721.cloudfunctions.net,CDN,Google LLC,False
us-central1-corewebvitals-ga4.cloudfunctions.net,CDN,Google LLC,False
us-central1-custom-site-analytics.cloudfunctions.net,CDN,Google LLC,False
us-central1-digitalproducts-gabbo.cloudfunctions.net,CDN,Google LLC,False
us-central1-freedom-gpt.cloudfunctions.net,CDN,Google LLC,False
us-central1-gld-shipping.cloudfunctions.net,CDN,Google LLC,False
us-central1-growify-346505.cloudfunctions.net,CDN,Google LLC,False
us-central1-ipgeolocation-414906.cloudfunctions.net,CDN,Google LLC,False
us-central1-isle-340205.cloudfunctions.net,CDN,Google LLC,False
us-central1-kb-warehouse.cloudfunctions.net,CDN,Google LLC,False
us-central1-kube-ownlocal.cloudfunctions.net,CDN,Google LLC,False
us-central1-lyrical-amulet-150218.cloudfunctions.net,CDN,Google LLC,False
us-central1-mb-data-lake.cloudfunctions.net,CDN,Google LLC,False
us-central1-metrics-prd.cloudfunctions.net,CDN,Google LLC,False
us-central1-mimir-181311.cloudfunctions.net,CDN,Google LLC,False
us-central1-nyc-ferry.cloudfunctions.net,CDN,Google LLC,False
us-central1-oddstrader-production.cloudfunctions.net,CDN,Google LLC,False
us-central1-paychexdotcom.cloudfunctions.net,CDN,Google LLC,False
us-central1-recruitology-app.cloudfunctions.net,CDN,Google LLC,False
us-central1-reflective-data.cloudfunctions.net,CDN,Google LLC,False
us-central1-stockist-prod.cloudfunctions.net,CDN,Google LLC,False
us-central1-terrific-live.cloudfunctions.net,CDN,Google LLC,False
us-central1.run.app,,Google LLC,False
us-east-2.amazonaws.com,CDN,"Amazon Technologies, Inc.",False
us-east1.run.app,,Google LLC,False
us-east4-centering-land-727.cloudfunctions.net,CDN,Google LLC,False
us-east4-dep-prod-cfg.cloudfunctions.net,CDN,Google LLC,False
us-gov-pure.cloud,,,False
us-gov-west-1.amazonaws.com,CDN,"Amazon Technologies, Inc.",False
us-hh.com,,,False
us-keenfootwear.myshopify.com,Analytics;CDN;Embedded Content;Online Payment,Shopify Inc.,False
us-west-1.amazonaws.com,CDN,"Amazon Technologies, Inc.",False
us-west-2.amazonaws.com,CDN,"Amazon Technologies, Inc.",False
us-west1.run.app,,Google LLC,False
us.akadns.net,CDN,Akamai Technologies,False
us.edgekey.net,,Akamai Technologies,False
us.edgesuite.net,CDN,Akamai Technologies,False
us001-rapididentity.com,,,False
us2w3gjx.com,,,False
usa.gov,,,False
usaa.com.edgekey.net,,Akamai Technologies,False
usabilla.com,Ad Motivated Tracking;Analytics;Third-Party Analytics Marketing,Momentive Inc.,True
usablenet.com,,,False
usanetwork.com,,Universal City Studios,False
usatoday.com,,"Gannett Co., Inc.",False
usbank.com,,US Bank,False
usbank.com.edgekey.net,,Akamai Technologies,False
usbrowserspeed.com,,,False
usc.edu.au,,,False
uscca.workers.dev,,,False
usco1621-b.com,,,False
uscreencdn.com,,,False
uscrimeradar.com,,,False
use-tencentclb.com,,,False
useamp.com,,,False
useberry.com,,,False
usecanopy.com,,,False
usechimney.com,,,False
usecircuit.com,,,False
usecorner.io,,,False
usedrop.io,,,False
usefathom.com,,,False
usefomo.com,,,False
usehero.com,,,False
useifsapp.com,,,False
useinsider.com,,Sosyo Plus Bilgi Bilişim Tekn. Dan. Hiz. Tic. A.Ş.,False
useinstabuy.com,,,False
useitbetter.com,,,False
uselayers.com,,,False
useleadbot.com,,,False
usemax.de,,Emego GmbH,False
usemaxserver.de,,Emego GmbH,False
usemechanic.com,,,False
usemessages.com,Embedded Content;Support Chat Widget,"HubSpot, Inc.",False
usemonocle.com,,,False
useonward.com,,,False
useproof.com,,,False
user-assets-unbounce-com.s3.amazonaws.com,CDN,"Amazon Technologies, Inc.",False
user-bsd3312-prd-alb21-333504909.ap-northeast-1.elb.amazonaws.com,CDN,"Amazon Technologies, Inc.",False
user.com,,,False
user1st.info,,User1st,False
userapi.com,,VK Company Ltd.,False
userback.io,,,False
userbot.ai,,,False
usercentrics.eu,Consent Management Platform,Usercentrics GmbH,False
usercentrics.io,,,False
usercontent.one,,,False
userexperior.online,,,False
userflow.one,,,False
userflux.co,,,False
usergram.info,,beBit Inc.,False
userguiding.com,,,False
userjot.com,,,False
userleap.com,,,False
userled.io,,,False
userledclient.io,,,False
userlike-cdn-umm.b-cdn.net,CDN,BunnyCDN,False
userlike-cdn-widgets.s3-eu-west-1.amazonaws.com,CDN,"Amazon Technologies, Inc.",False
userlike.com,,,False
userlink.ai,,,False
userlocal.jp,,"User Local, Inc.",False
userly.net,,,False
usermaven.com,,,False
userpilot.io,,,False
userpxt.io,,,False
userreport.com,Ad Fraud;Ad Motivated Tracking;Advertising;Analytics;Audience Measurement,AudienceProject,True
usersnap.com,,,False
userstat.net,,,False
usertracks.live,,,False
uservoice.com,,"UserVoice, Inc.",False
userway.org,,,False
userzoom.com,,"User Zoom, Inc.",False
usesneakpeek.com,,,False
usestoryteller.com,,,False
usestyle.ai,,,False
usf-gtm-tagging.azurewebsites.net,CDN,Microsoft Corporation,False
usfcr.com,,,False
usflagscom.myshopify.com,Analytics;CDN;Embedded Content;Online Payment,Shopify Inc.,False
usga.org,,United States Golf Association,False
usgovcloudapi.net,,,False
usgs.gov,,U.S. Geological Survey,False
ushipcdn.cloud,,,False
usizy.com,,,False
usizy.es,,,False
uslegal.com,,"USlegal, Inc.",False
uslounge.myshopify.com,Analytics;CDN;Embedded Content;Online Payment,Shopify Inc.,False
usmarketingpros.com,,,False
usocial.pro,,Compubyte Limited,False
usonar.jp,,,False
usopc.com.edgekey.net,,Akamai Technologies,False
usps.com.edgekey.net,,Akamai Technologies,False
usrfiles.com,,,False
usrpubtrk.com,,,False
usrwy.com,,,False
ussp.io,,,False
usssa.net,,,False
ust-ad.com,,,False
ustatik.com,,,False
ustudio.com,,,False
ustvstaticcdn2-a.akamaihd.net,CDN,Akamai Technologies,False
utdstc.com,,Media Ingea SL,False
utherverse.com,,,False
utilcave.com,,,False
utiq-aws.net,,,False
utiq.com,,,False
utiqcontent.com,,,False
utmb-cdn.azureedge.net,CDN,Microsoft Corporation,False
utmlayer.com,,,False
utoronto.ca,,Governing Council of the University of Toronto,False
utraff.com,,,False
uu9da768.com,,,False
uuidksinc.net,,,False
uv-skinz.myshopify.com,Analytics;CDN;Embedded Content;Online Payment,Shopify Inc.,False
uvcdn.com,,,False
uvnimg.com,,UNIVISION COMMUNICATIONS INC,False
uw-egcr.s3.eu-west-2.amazonaws.com,CDN,"Amazon Technologies, Inc.",False
uxfeedback.ru,,FIDBEC,False
uxo.group,,,False
uxsniff.com,,,False
uxtweak.com,,,False
uzi.it,,,False
v-cdn.net,,Vanilla Forums,False
v-prod-1121-prod-apn1-static-assets-d7o3otfz.s3.amazonaws.com,CDN,"Amazon Technologies, Inc.",False
v1.edgekey.net,,Akamai Technologies,False
v12finance.com,,,False
v1btyy-va.myshopify.com,Analytics;CDN;Embedded Content;Online Payment,Shopify Inc.,False
v1d305.com,,,False
v2.shared.us-eu.fastly.net,Action Pixels;Ad Motivated Tracking;Advertising;Analytics;CDN;Embedded Content;Session Replay;Third-Party Analytics Marketing,"Fastly, Inc.",True
v3-production-backend.onrender.com,,,False
v4.edgekey.net,,Akamai Technologies,False
v5bkduxxffeipb.akamaized.net,CDN,Akamai Technologies,False
va-cdn-vwp-prod.azureedge.net,CDN,Microsoft Corporation,False
vacheh.com,,,False
vagaro.azureedge.net,CDN,Microsoft Corporation,False
vagaro.com,,vagaro,False
vagnt.com,,,False
vail.com.edgekey.net,,Akamai Technologies,False
vailresorts.com,,Vail Resorts Inc.,False
vailresorts.com.edgekey.net,,Akamai Technologies,False
vaimo.network,,,False
vaixo.com,,,False
vak345.com,,,False
valentino.com.edgekey.net,,Akamai Technologies,False
validate.audio,,,False
valis-cpx.jp,,,False
valiuz.com,,,False
valleybreezesites.com,,,False
valnetcdn.com,,,False
valorimetre.com,,,False
valtline.it,,,False
valuad.cloud,,,False
valuad.io,,,False
valuecommerce.com,,"ValueCommerce Co., Ltd.",False
valuedshops.com,,,False
valvoline.com,,Valvoline LLC,False
vanchat.app,,,False
vangraaf.com,,,False
vanguard.com.akadns.net,CDN,Akamai Technologies,False
vanguard.com.edgekey.net,,Akamai Technologies,False
vanguardmil.myshopify.com,Analytics;CDN;Embedded Content;Online Payment,Shopify Inc.,False
vanillacommunities.com,,,False
vanityfair.com,,Conde Nast Publications Inc.,False
vansaircraft.comggpkg-import,,,False
vantacdn.com,,,False
vantageanalytics.com,,,False
vantivcnp.com,,"Vantiv, LLC",False
varak.net,,,False
vardot.com,,,False
variantnow.com,,,False
varify.dev,,,False
varify.io,,,False
varinode.com,,,False
vasta.me,,,False
vastserved.com,,,False
vaticannews.va,,,False
vaudiencelabs.io,,,False
vaudit.com,,,False
vault-tec.systems,,,False
vaultdcr.com,,"Vault Ad Solutions, Inc.",False
vb-tool.de,,,False
vbox7.com,,,False
vbrick.com,,,False
vbrickrev.com,,,False
vbt.io,,,False
vcita.com,,vCita Inc.,False
vcmdiawe.com,,,False
vdcy.net,,,False
vdlsvalbp.trafficmanager.net,CDN,Microsoft Corporation,False
vdo.ai,,,False
vdsnb.com,,,False
vdvm.net,,Impact,False
ve1ora.info,,,False
vecteezy.com,,,False
vector.co,,,False
vedcdnlb.com,,,False
vedservices.co.uk,,,False
vee24.com,,Vee24,False
veepee.com,,,False
veeperapp.com,,,False
veganinthefreezer.com,,,False
vego-gardening-store.myshopify.com,Analytics;CDN;Embedded Content;Online Payment,Shopify Inc.,False
veinteractive.com,,Ve Global UK Limited,False
velaro.com,,,False
veliora.com,,,False
velocecdn.com,,,False
velocityweather.com,,"Baron Services, Inc.",False
veloplus.b-cdn.net,CDN,BunnyCDN,False
veltra.com,,,False
velux-transform.pages.dev,,,False
velux.com,,VELUX A/S,False
venatus.com,,,False
venatusmedia.com,,Venatus Media Limited,False
vennapps.com,,,False
venngage.com,,Venngage Inc.,False
ventrata.com,,,False
venturegaps.com,,,False
venturepro.com,,,False
venus.bayern,,,False
venusta.nl,,,False
veracitytrustnetwork.com,,,False
verasafe.com,,,False
verbapps.net,,,False
verbinteractive.com,,,False
verbolia.com,,,False
verbraucherzentrale.de,,,False
vercel-dns-013.com,,,False
vercel-dns-016.com,,,False
vercel-dns-017.com,,,False
vercel-dns.com,,,False
vercel-geo-api-xi.vercel.app,,,False
vercel-insights.com,,,False
vercel-storage.com,,,False
vercel.live,,,False
verdantsculpture.com,,,False
verdify.tech,,,False
vergecloud.com,,,False
vergic.com,,Vergic AB,False
vergleich.org,,VGL Verlagsgesellschaft mbH,False
verifast.ai,,,False
verifico.io,,,False
verifypass.com,,,False
verint-cdn.com,,Verint Systems,False
verisign.com,,"VeriSign, Inc.",False
verisoul.ai,,,False
veritone-ce.com,,,False
veritonic.com,,,False
veritonicmetrics.com,,,False
verizon.com.edgekey.net,,Akamai Technologies,False
verizon.com.edgesuite.net,CDN,Akamai Technologies,False
verizonvalue.com,,,False
verloop.io,,,False
versatiles.org,,,False
verso-klaviyo-fonts.s3.amazonaws.com,CDN,"Amazon Technologies, Inc.",False
vertexsmb.com,,,False
verticalscope.com,,,False
vertigovitalitywieldable.com,,,False
vervaunt.com,,,False
vervetrials.com,,,False
verygood.systems,,"Very Good Security, Inc.",False
verygoodvault.com,,,False
verysexytoy.com,,,False
verzenio.com,,,False
ves.io,,,False
vespa.com.edgekey.net,,Akamai Technologies,False
vesselfinder.com,,VesselFinder Ltd,False
vesselfinder.net,,VesselFinder Ltd,False
vetedo.my,,,False
vettafi.com,,,False
vetted.ai,,,False
vettersoftware.com,,,False
vev.design,,,False
vevioz.com,,,False
vevor.ca,,,False
vevor.com,,,False
vevor.com.au,,,False
vevor.de,,,False
vevor.net,,,False
vevor.vercel.app,,,False
vevorstatic.com,,,False
vg.no,,Schibsted Media Group,False
vgc.no,,Schibsted Media Group,False
vgdynamic.info,,,False
vggcdn.net,,viagogo AG,False
vgmforbin.com,,,False
vgnett.no,,,False
vgregion.se,,,False
vgw.marketing,,,False
vgwort.de,,Verwertungsgesellschaft WORT,False
vhob6qi.x.incapdns.net,CDN,Imperva Inc.,False
vhr-public.s3.us-west-2.amazonaws.com,CDN,"Amazon Technologies, Inc.",False
vhtcloud.com,,,False
vhwmcs.net,,,False
vhx.com,,,False
vhx.tv,,"Vimeo, LLC",False
viabill.com,,,False
viacustomers.com,,,False
viadata.store,,,False
viadi-zero.ch,,,False
viads.com,,,False
viads.net,,,False
viafoura.co,,Viafoura Inc.,False
viafoura.net,,Viafoura Inc.,False
viagogo.co.uk,,viagogo AG,False
viagogo.com,,viagogo AG,False
viagogo.net,,viagogo AG,False
vialivechat.com,,,False
viamap.net,,,False
viamet.nl,,,False
viamichelin.com,,Compagnie Generale des Etablissements Michelin,False
viaoutlets.com,,,False
viator.com,,"Viator, Inc.",False
vibe.co,,,False
vibes.com,,,False
viblast.com,,,False
vic-m.co,,,False
vicegolf.au,,,False
victronenergy.com,,Victron Energy BV,False
vidads.gr,,,False
vidalytics.com,,,False
vidara.to,,,False
vidata.gr,,,False
vidaxl.org,,,False
vidazoo.com,,Vidazoo Ltd,False
vidcrunch.com,,,False
videasy.net,,,False
video-cdn.net,,movingimage EVP GmbH,False
video-content.b-cdn.net,CDN,BunnyCDN,False
video-dns.com,,,False
videoadex.com,,,False
videoadstech.org,,,False
videoamp.com,,"VideoAmp, Inc.",False
videoask.com,,,False
videobaba.xyz,,,False
videoberatung.ch,,,False
videobot.com,,VideoBot Oy,False
videobyte.com,,"VideoByte, Inc.",False
videocdnmetrika.com,,,False
videocdnmetrika36.com,,,False
videocdnmetrika37.com,,,False
videodelivery.net,,"Cloudflare, Inc.",False
videoembed.org,,,False
videograph.ai,,,False
videohead.tech,,,False
videojke.name,,,False
videojs.online,,,False
videolamborghini-meride-tv.akamaized.net,CDN,Akamai Technologies,False
videoly.co,,,False
videomarketingplatform.co,,,False
videonest.co,,,False
videonow.ru,,,False
videoo.tv,,,False
videoplayerhub.com,,Blockthrough Inc.,False
videoplaza.tv,,"Brightcove, Inc.",False
videopoint.ai,,,False
videopolis.com,,,False
videopress.com,,"Automattic, Inc.",False
videoready.tv,,,False
videoroll.net,,,False
videoscdn.online,,,False
videosnoerroranymore.com,,,False
videostep.com,,VIDEOSTEP NV,False
videosyndicate.io,,,False
videowise.com,,,False
videsigns-staging.co.uk,,,False
vidgyor.com,,,False
vidhash.ai,,,False
vidhash.net,,,False
vidio.com,,PT. Kreatif Media Karya,False
vidiocdn.com,,,False
vidiom.net,,Unity Software Inc.,False
vidiq.com,,,False
vidjet.io,,,False
vidoomy.com,,"Soluciones Corporativas IP, SL",False
vidora.com,,"Vidora, Inc.",False
vidply.com,,,False
vidqu.ai,,,False
vidstack.io,,,False
vidstream.pw,,,False
vidverto.io,,,False
vidwud.com,,,False
vidyard.com,,Vidyard,False
vidzflow.com,,,False
viebit.com,,,False
viensvoircesite.com,,,False
vietdp.com,,,False
viewlift.com,,Snagfilms,False
viewmedica.com,,,False
viewsion.net,,,False
viglesias.github.io,CDN;Non-Tracking,"GitHub, Inc.",False
viglink.com,Advertising,Sovrn Holdings,True
vigo.tech,,,False
viind.com,,,False
viind.io,,,False
viking.com,,,False
vikingcoders.com,,,False
vikingcruises.com,,Viking River Cruises,False
vikingcruisescanada.com,,,False
vikingdirect.ie,,,False
vikinghostcdn.com,,,False
vikingoffice.eu,,,False
vikingrivercruises.com,,Viking River Cruises,False
villequebec.quebec,,,False
vimeo.com,CDN;Embedded Content,"Vimeo, LLC",False
vimeo.map.fastly.net,Action Pixels;Ad Motivated Tracking;Advertising;Analytics;CDN;Embedded Content;Session Replay;Third-Party Analytics Marketing,"Fastly, Inc.",True
vimeocdn.com,CDN;Embedded Content,"Vimeo, LLC",False
vimeostatus.com,,,False
vinbase.ai,,,False
vincheckpro.com,,,False
vindicosuite.com,Ad Motivated Tracking;Advertising;Analytics,MySpace LLC,True
vinlens.com,,,False
vino-edge-functions.netlify.app,,,False
vinovathemes.com,,,False
vintagemagazines16.b-cdn.net,CDN,BunnyCDN,False
vinted.com,,Vinted Inc.,False
vinted.lt,,Vinted Inc.,False
vinyl-priority-upsell.fly.dev,,,False
vinylblocks.com,,,False
viostream.com,,Viocorp International Pty Ltd,False
viously.com,,KOL,False
vipdeskconnect.com,,,False
vipetrack.com,,,False
vipps.io,,,False
vipps.no,,,False
vippsmobilepay.com,,,False
viqeo.tv,,Viqeo LLC.,False
virage.ai,,,False
virail.app,,,False
viral-loops.com,,,False
viralize.tv,,,False
viralsweep.com,,,False
virginatlantic.com.edgekey.net,,Akamai Technologies,False
virginia.edu,,University of Virginia,False
virginia.gov,,Virginia Information Technologies Agency,False
virginiainteractive.org,,,False
virginmedia.co.uk,,,False
virgul.com,,,False
virtooal.com,,,False
virtual-expo.com,,,False
virtualearth.net,,Microsoft Corporation,False
virtualearth.net.akamaized.net,CDN,Akamai Technologies,False
virtualyard.com.au,,,False
virtueimpact.com,,,False
virtuele-gemeente-assistent.nl,,,False
virtuoussoftware.com,,,False
visa.com,,VISA INTERNATIONAL SERVICE ASSOCIATION,False
visable.com,,,False
visable.io,,,False
visahq.org,,,False
visariomedia.com,,,False
visenze.com,,,False
visibilitykit.ai,,,False
visiblemeasures.com,,Visible Measures,False
visilabs.net,,Portakal Yazilim Danismanlik Reklamcilik ve Yayincilik San. Tic. A.S.,False
visionworks.com,,"Visionworks of America, Inc",False
visit-dallas.s3.amazonaws.com,CDN,"Amazon Technologies, Inc.",False
visit-pensacola.s3.amazonaws.com,CDN,"Amazon Technologies, Inc.",False
visit.ws,,,False
visitabq.org,,,False
visitannarbor.org,,,False
visitcos-2022.s3.amazonaws.com,CDN,"Amazon Technologies, Inc.",False
visitdays.com,,,False
visitgate.com,,,False
visitiq.io,,,False
visitmo-cdn.s3.amazonaws.com,CDN,"Amazon Technologies, Inc.",False
visitnorway.com,,Innovasjon Norge,False
visitor-analytics.io,,,False
visitor-speed.com,,,False
visitor.chat,,,False
visitormeta.com,,,False
visitors.live,,,False
visitortracking.com,,,False
visitscotland.net,,,False
visitstats.com,,,False
visitstockholm.com,,,False
visitwidget.com,,,False
viskan.com,,,False
visorando.com,,VISORANDO SARL,False
vista.co,,,False
vistarsagency.com,,,False
visto1.net,,"Collective, Inc.",False
visually-io.com,,Visually CRM,False
visually.io,,Visually CRM,False
visualplatform.net,,,False
visualquizbuilder.com,,,False
visualsoft.co.uk,,,False
visualstudio.com,,Microsoft Corporation,False
visualwebsiteoptimizer.com,Analytics;Session Replay;Third-Party Analytics Marketing,Wingify,False
visumo.jp,,,False
visx.net,,YOC AG,False
vitals.app,,,False
vitals.co,,,False
vitalsignstracker.com,,,False
vitalsite.net,,,False
viture.dev,,,False
viva.gr,,,False
vivaia.com,,,False
vivaia.com.edgesuite.net,CDN,Akamai Technologies,False
vive.com.edgekey.net,,Akamai Technologies,False
vivenu.com,,,False
viveport.com,,,False
viverse.com,,,False
vivi.bot,,,False
vividseats.com,,Vivid Seats LLC,False
vivo.com,,,False
vivocha.com,,Vivocha S.r.l.,False
vivoglobal.com,,,False
vivpsn.com,,,False
vixverify.com,,,False
vizaclick.com,,,False
vizbl.com,,,False
vizergy.com,,,False
vizzit.se,,Vizzit International AB,False
vk-portal.net,,VK Company Ltd.,False
vk.com,Ad Motivated Tracking;Advertising;Analytics;Embedded Content;Federated Login;Social - Comment;Social - Share;Social Network,VK Company Ltd.,True
vk.ru,,VK Company Ltd.,False
vkcloud-storage.ru,,,False
vkk-ebingoservices.net,,,False
vklstream.com,,,False
vkplay.ru,,,False
vkuser.net,,VK Company Ltd.,False
vkvideo.ru,,,False
vlaanderen.be,,Ministeries van de Vlaamse Gemeenschap,False
vli-platform.github.io,CDN;Non-Tracking,"GitHub, Inc.",False
vlibras.gov.br,,PRESIDÊNCIA DA REPÚBLICA,False
vliplatform.com,,,False
vlitag.com,,,False
vljobb.no,,,False
vlmedia.cz,,,False
vlp.cz,,,False
vlyby.com,,,False
vmax.com,,,False
vmax4-prod-adspot-lb-1732258817.ap-southeast-3.elb.amazonaws.com,CDN,"Amazon Technologies, Inc.",False
vmbc.com,,,False
vmcdn.ca,,Dig Inc.,False
vmlnavy-mkt-prod1-t-adob-1208-303344362.us-west-2.elb.amazonaws.com,CDN,"Amazon Technologies, Inc.",False
vmnd.tv,,,False
vmo2digital.co.uk,,,False
vmtls-np.map.fastly.net,Action Pixels;Ad Motivated Tracking;Advertising;Analytics;CDN;Embedded Content;Session Replay;Third-Party Analytics Marketing,"Fastly, Inc.",True
vmweb.net,,"Vertical Mass, Inc.",False
vnecdn.net,,Nguyen Kent,False
vnr-nss.de,,,False
vnr.de,,,False
vnres.co,,,False
vntsm.com,,Venatus Media Limited,False
vntsm.io,,,False
voc.ai,,,False
vocalize.africa,,,False
vocalvideo.com,,,False
vocento.com,,vocento,False
vocstatic.com,,,False
vodafone.com,,Vodafone Group Services Limited,False
vodalys.com,,,False
vodfactory.com,,,False
vogue.com,,Conde Nast Publications Inc.,False
voice-of-customers.com,,,False
voiceflow.com,,,False
voiceintuitive.com,,,False
voidsecurity.net,,,False
voilab.net,,,False
voisetech.com,,,False
voissa.fr,,Cedra Net,False
volcanoadventures.com,,,False
volcanodiscovery.de,,,False
volcanoesandearthquakes.com,,,False
volccdn.com,,,False
volces.com,,,False
volcgslb.com,,,False
volinspire.com,,,False
volkswagen.ch,,,False
volkswagen.com,,,False
volkswagenbank-cloud.de,,,False
volotea.com.edgekey.net,,Akamai Technologies,False
volswire.com,,,False
voltaxam-events.com,,,False
voltaxam.com,,,False
voltaxservices.io,,,False
voltmail.io,,,False
volumental.com,,,False
volumntime.com,,,False
volusion.com,,"Volusion, Inc.",False
volvocars.com,,Volvo Car Corporation AB,False
volvocars.com.edgekey.net,,Akamai Technologies,False
voomly.com,,,False
vop.su,,,False
voraciousgrip.com,,"Leven Labs, Inc. DBA Admiral",False
vosteed.myshopify.com,Analytics;CDN;Embedded Content;Online Payment,Shopify Inc.,False
votingcompetencetendon.com,,,False
voucheraccess.com,,,False
vouchfor.com,,,False
vour.io,,,False
vovo.rest,,,False
vox-cdn.com,,"Vox Media, Inc.",False
voxexchange.io,,,False
voxmedia.com,,"Vox Media, Inc.",False
voyado.com,,,False
voyage-prive.co.uk,,,False
voyagela.com,,,False
voyagetext.com,,,False
voyantis.io,,,False
voyeur-house.tv,,,False
voyeurhouse.com,,,False
voyeurweb.b-cdn.net,CDN,BunnyCDN,False
vpc-mag-prod-nodoswebapi-magento-1874601566.eu-west-1.elb.amazonaws.com,CDN,"Amazon Technologies, Inc.",False
vpdcp.com,,,False
vpgno.b-cdn.net,CDN,BunnyCDN,False
vpgrp.net,,,False
vpipi.com,,,False
vpplayer.net,,,False
vpplayer.tech,,,False
vpscash.nl,,,False
vpsvc.com,,Cimpress Schweiz GmbH,False
vqserve.com,,,False
vr-porn.tv,,,False
vroomtec.myshopify.com,Analytics;CDN;Embedded Content;Online Payment,Shopify Inc.,False
vroomvroomvroom.com,,,False
vrspy-data.b-cdn.net,CDN,BunnyCDN,False
vrtcal.com,,"VRTCAL Markets, Inc.",False
vrtxdata.com,,,False
vs-f6n8r2a9.akamaized.net,CDN,Akamai Technologies,False
vs-player.com,,,False
vs3.com,,,False
vs4.com,,,False
vscdns.com,,,False
vsclinicaltrial.com,,,False
vsmedia.b-cdn.net,CDN,BunnyCDN,False
vsmedien.media,,,False
vsmvideo.com,,,False
vsnt.net,,,False
vstar.app,,,False
vstatics.com,,,False
vstserv.com,,,False
vsvapor.com,,,False
vtex.com,,,False
vtex.com.br,,,False
vtexassets.com,,,False
vtexsuite.com,,,False
vto.jewelry,,,False
vtp-media.com,,,False
vtrcdn.com,,"Viator, Inc.",False
vudu.com,,Walmart Inc.,False
vudu.com.edgekey.net,,Akamai Technologies,False
vueling.com.edgekey.net,,Akamai Technologies,False
vuescan-static.b-cdn.net,CDN,BunnyCDN,False
vultrobjects.com,,,False
vuture.net,,,False
vuturevx.com,,,False
vuukle.com,,,False
vuukle.net,,,False
vviinn.com,,,False
vw-mms.de,,,False
vwa.la,,,False
vwam.ai,,,False
vwassets.com,,,False
vwd-webtech.com,,vwd Vereinigte Wirtschaftsdienste GmbH,False
vwd.com,,,False
vwdservices.com,,vwd group Netherlands B.V.,False
vwfs.io,,,False
vwgroup.com,,,False
vwo.io,,,False
vwonehub.io,,,False
vxcdn.org,,,False
vxmodels.com,,,False
vxoxokhd.click,,,False
vycdn.net,,,False
vyg.mobi,,,False
vyrl.co,,,False
vyvebroadband.net,,,False
vz-1a111169-ae2.b-cdn.net,CDN,BunnyCDN,False
vz-4df62b32-a15.b-cdn.net,CDN,BunnyCDN,False
vz-512d732c-94b.b-cdn.net,CDN,BunnyCDN,False
vz-aec35202-69c.b-cdn.net,CDN,BunnyCDN,False
vz-def53894-27a.b-cdn.net,CDN,BunnyCDN,False
vzaar.com,,vzaar,False
vzw.com.edgesuite.net,CDN,Akamai Technologies,False
w-cached.b-cdn.net,CDN,BunnyCDN,False
w-uncached.b-cdn.net,CDN,BunnyCDN,False
w.org,,WordPress Foundation,False
w.sni.global.fastly.net,Action Pixels;Ad Motivated Tracking;Advertising;Analytics;CDN;Embedded Content;Session Replay;Third-Party Analytics Marketing,"Fastly, Inc.",True
w.tools,,,False
w00d4135.kasserver.com,,,False
w2-prod.onrender.com,,,False
w3-annuaire.com,,,False
w3.org,,W3C,False
w3apps.co,,"W3trends, Inc.",False
w3counter.com,,Awio Web Services LLC,False
w3schools.com,,Refsnes Data,False
w4m.rs,,,False
w55c.net,Ad Motivated Tracking;Advertising,"Roku, Inc.",True
w9-taxform.com,,,False
wa-weu-kcc-chatbot.azurewebsites.net,CDN,Microsoft Corporation,False
wa11y-widget.workers.dev,,,False
waays.eu,,,False
wacky.ist,,,False
wackysketch.com,,,False
wadcdn.azureedge.net,CDN,Microsoft Corporation,False
wadden.nl,,,False
wag-static.com.edgekey.net,,Akamai Technologies,False
waga.edgesuite.net,CDN,Akamai Technologies,False
wagcdn.com,,,False
wagr.com.edgekey.net,,Akamai Technologies,False
wakelet.com,,,False
walgreens.com,,Walgreen Co.,False
walk.sc,,Walk Score,False
walkme.com,,WalkMe LTD,False
wallarm-cloud.com,,,False
walletconnect.com,,WalletConnect,False
walletconnect.org,,WalletConnect,False
walleypay.com,,,False
wallkit-public.s3.amazonaws.com,CDN,"Amazon Technologies, Inc.",False
wallkit.net,,,False
walls.io,,Die Socialisten Social Software Development GmbH,False
wallst.com,,Markit Group Limited,False
walmart.ca,,Walmart Inc.,False
walmart.com,Ad Motivated Tracking;Advertising,Walmart Inc.,True
walmart.com.akadns.net,CDN,Akamai Technologies,False
walmartimages.com,,Walmart Inc.,False
walmartimages.com.akadns.net,CDN,Akamai Technologies,False
waltersgardens.com,,,False
walz.de,,Versandhaus Walz GmbH,False
wamiz.fr,,Ano Nymous,False
wander-app.com,,,False
wandzcdn.com,,,False
wangshuokeji.com,,,False
waqool.com,,,False
war.gov,,,False
warbycdn.com,,,False
warenform.de,,,False
warhammer.com,,,False
warhistoryonline.com,,,False
warmquiver.com,,"Leven Labs, Inc. DBA Admiral",False
warnermedia.com,,,False
warnermediacdn.akamaized.net,CDN,Akamai Technologies,False
warnermediacdn.com,,"Warner Bros. Discovery, Inc.",False
wasabisys.com,,,False
washington.edu,,University of Washington,False
washingtonpost.com,,The Washington Post,False
wasp-182b.com,,,False
wasteconnections.com,,,False
watcheezy.net,,,False
watchetifuters.cloud,,,False
watchingthat.net,,,False
watchismo.com,,,False
watchliveformula1.com,,,False
watchnextgentv.com,,,False
waterfield-designs.myshopify.com,Analytics;CDN;Embedded Content;Online Payment,Shopify Inc.,False
waterloggedkind.com,,,False
wattpadhq.com,,,False
waudit.cz,,,False
waust.at,,whos.amung.us Inc,False
wave2.io,,,False
wavescdn.com,,,False
wavesend.ru,,,False
wavlinkstore.com,,,False
way2enjoy.com,,,False
wayfair.map.fastly.net,Action Pixels;Ad Motivated Tracking;Advertising;Analytics;CDN;Embedded Content;Session Replay;Third-Party Analytics Marketing,"Fastly, Inc.",True
waysidegardens.myshopify.com,Analytics;CDN;Embedded Content;Online Payment,Shopify Inc.,False
waytogrow.com,,,False
wayvia.com,,,False
wbd.com,,"Warner Bros. Discovery, Inc.",False
wbdndc.net,,,False
wbir.com.edgekey.net,,Akamai Technologies,False
wbmdstatic.com,,,False
wbtrk.net,Ad Motivated Tracking;Advertising;Analytics;Audience Measurement;Embedded Content,Webtrekk GmbH,True
wbx2.com,,,False
wcdnga.com,,,False
wcfbc.net,Ad Motivated Tracking;Advertising;Analytics,Webtrekk GmbH,True
wct-2.com,,,False
wct-3.com,,,False
wd-ret.io,,,False
wd.com,,Western Digital Corporation,False
wdfiles.com,,,False
wdfl.co,,,False
wdku.de,,,False
wdsvc.net,,"Wiland, Inc.",False
wdwinfo.com,,,False
we-stats.com,,BioCatch,False
wealthfront.map.fastly.net,Action Pixels;Ad Motivated Tracking;Advertising;Analytics;CDN;Embedded Content;Session Replay;Third-Party Analytics Marketing,"Fastly, Inc.",True
wealthygeezwell.com,,,False
wearegenial.com,,,False
wearehearken.com,,,False
wearesmile.com,,,False
wearevisum.com,,,False
weather.com,,International Business Machines Corporation,False
weather.gc.ca,,Government of Canada,False
weather.gov,,National Oceanic and Atmospheric Administration NOAA,False
weather2day.co.il,,,False
weatherapi.com,,,False
weathermonkey.app,,,False
weatherology.com,,,False
weatherstem.com,,,False
weatherwidget.io,,,False
weatherwidget.org,,,False
weatherwise-marketing1.b-cdn.net,CDN,BunnyCDN,False
weatherzone.com,,,False
weatherzone.com.au,,Fairfax Media Limited,False
weavatar.com,,,False
web-2-tel.com,,Telmetrics Inc.,False
web-80s80s-image.b-cdn.net,CDN,BunnyCDN,False
web-analytics.ch,,,False
web-autodesk.edgekey.net,,Akamai Technologies,False
web-ivcbrasil-pixel.s3.us-west-2.amazonaws.com,CDN,"Amazon Technologies, Inc.",False
web-matomo-prd-alb-491040886.us-west-2.elb.amazonaws.com,CDN,"Amazon Technologies, Inc.",False
web-max.ca,,,False
web-radiobob-image.b-cdn.net,CDN,BunnyCDN,False
web-stg-autodesk.edgekey.net,,Akamai Technologies,False
web.nhk,,,False
web2media.sk,,,False
web3dsurvey.com,,,False
web3lge.com,,,False
web3lina.com,,,False
web3modal.org,,,False
webaccel.jp,,,False
webantenna.info,,beBit Inc.,False
webareacontrol.com,,,False
webassetscdn.com,,,False
webatlas.no,,Norkart AS,False
webavance.nl,,,False
webcam-4insiders.com,,,False
webcollage.net,,,False
webcommander.workers.dev,,,False
webcontentassessor.com,,TMT Digital Inc.,False
webcontrive.com,,,False
webdamdb.com,,,False
webdevgroup.com,,,False
webecyzo.com,,,False
webedia-group.com,,,False
webediagaming.de,,,False
webediamovies.pro,,,False
webengage.co,,Webklipper Technologies Pvt Ltd,False
webengage.com,,Webklipper Technologies Pvt Ltd,False
webenmedia.nl,,,False
webeo-web-content.s3-eu-west-1.amazonaws.com,CDN,"Amazon Technologies, Inc.",False
weber.com.edgekey.net,,Akamai Technologies,False
webex-public-bucket.s3.us-west-2.amazonaws.com,CDN,"Amazon Technologies, Inc.",False
webexperiences.com,,,False
webeyez.com,,Blue Capital Markets Limited,False
webflow.com,,"Webflow, Inc.",False
webflow.services,,,False
webfokus.no,,,False
webformscr.com,,,False
webframez.com,,,False
webfronts.com,,,False
webfxcapi.com,,,False
webgains.io,,Webgains,False
webgains.link,,,False
webgarh.net,,,False
webguidecms.ca,,,False
webinopoly.com,,,False
webkinz.com,,,False
webkul.com,,,False
weblate.org,,,False
weblocks.io,,,False
weblogssl.com,,,False
webmarked.net,,,False
webmaster.codes,,,False
webmavens.com,,,False
webmd.com,,"WebMD, LLC",False
webmecanik.com,,,False
webmetic.de,,,False
webnovant.com,,,False
weborama-tech.ru,,,False
weborama.com,Ad Motivated Tracking;Advertising;Analytics,Weborama,True
weborama.design,,,False
weborama.fr,Ad Motivated Tracking;Advertising;Analytics,Weborama,True
weborama.nl,,,False
webotit.ai,,,False
webpages.one,,,False
webpageviews.click,,,False
webphone.net,,,False
webpu.sh,,,False
webpush.jp,,,False
webpushr.com,,,False
webpushs.com,,,False
webpuzzle.net,,,False
webpuzzleapp.com,,,False
websale.biz,,,False
webscale.com,,,False
webscale.site,,,False
webseed.com,,,False
webshopapp.com,,Lightspeed Netherlands B.V.,False
website-cms-lb-539318156.us-east-1.elb.amazonaws.com,CDN,"Amazon Technologies, Inc.",False
website-files.com,CDN,"Webflow, Inc.",False
website-media-enneagram.s3.amazonaws.com,CDN,"Amazon Technologies, Inc.",False
website-widgets.pages.dev,,,False
website.xin,,,False
websiteapis.azurewebsites.net,CDN,Microsoft Corporation,False
websitecarbon.com,,,False
websiteformy.com,,,False
websitepolicies.com,,,False
websitepolicies.io,,,False
websitepolicies.net,,,False
websitesdude.com,,,False
websitespeedycdn.b-cdn.net,CDN,BunnyCDN,False
websitevisitorleads.com,,,False
webspellchecker.net,,,False
webstats1.com,,,False
webster.it,,,False
webstop.com,,,False
webterren.com,,,False
webthemez.com,,,False
webtoons.com.akadns.net,CDN,Akamai Technologies,False
webtrafficsource.com,,,False
webtraxs.com,,"Thomas Publishing Company, LLC",False
webtrekk.com,,Webtrekk GmbH,False
webtrekk.net,,Webtrekk GmbH,False
webtrends-optimize.com,,LCN.com Ltd,False
webtrends-optimize.workers.dev,,,False
webtrends.com,,WebTrends Inc.,False
webtrendslive.com,,WebTrends Inc.,False
webtune.ai,,,False
webtype.com,,Webtype LLC,False
webullfinance.com,,,False
webullfintech.com,,Webull Financial LLC,False
webuyanycarusa.com,,,False
webvisor.org,Session Replay,Yandex LLC,False
webvitalize.io,,,False
webvizio.com,,,False
webways.ch,,,False
webwiki.de,,,False
webwinkelkeur.nl,,,False
webyn.ai,,,False
wec-virtualassistant-cx-prod.web.app,,Google LLC,False
wecenergygroup.com,,,False
weddingwire.com,,Wedding Planner S.L.,False
weddingwire.com.edgekey.net,,Akamai Technologies,False
wedos.delivery,,,False
weebly.com,,"Weebly, Inc.",False
weebly.map.fastly.net,Action Pixels;Ad Motivated Tracking;Advertising;Analytics;CDN;Embedded Content;Session Replay;Third-Party Analytics Marketing,"Fastly, Inc.",True
weeecdn.com,,,False
weeecdn.net,,,False
weekend-online.nl,,,False
weekli.de,,,False
weekli.systems,,mcosys GmbH,False
weeronline.nl,,,False
weerslag.nl,,,False
weeztix.com,,,False
weglot.com,,,False
weglot.us,,,False
wego.com,,,False
wehaa.net,,,False
wehaacdn.com,,,False
weigelbroadcasting.com,,Weigel Broadcasting Co,False
weirdal.wpenginepowered.com,,,False
weirdgloop.org,,,False
weirdopt.com,,,False
welcomepickups.com,,,False
welcomesoftware.com,,,False
wellcare.com,,"Comprehensive Health Management, Inc",False
wellsfargo.com.edgekey.net,,Akamai Technologies,False
wellsfargomedia.com.edgekey.net,,Akamai Technologies,False
wellwisp.com,,,False
wellworn-lead.com,,,False
wemass.com,,,False
weplayed.com,,,False
wepublish.cloud,,,False
werk21system.de,,SwissSign AG,False
werstreamt.es,,,False
weserv.nl,,,False
weski.com,,,False
westerncolorado.jobs,,,False
westerndigital-ovsan.edgekey.net,,Akamai Technologies,False
westerndigital.com,,,False
westernunion.com.edgekey.net,,Akamai Technologies,False
westjet.com.edgekey.net,,Akamai Technologies,False
westjetvacations.com,,,False
westkawaguchi.com,,,False
westus-01.azurewebsites.net,CDN,Microsoft Corporation,False
westwing.com,,,False
wet-boew.github.io,CDN;Non-Tracking,"GitHub, Inc.",False
wetracked.io,,,False
wetracker.azurewebsites.net,CDN,Microsoft Corporation,False
wetterblick-api.com,,,False
wetterblick.com,,,False
wettercomassets.com,,,False
wettergefahren.de,,,False
wetteronline.de,,Wetteronline Meteorologische Dienstleistungen GmbH,False
wetvinfo.com,,Tencent Holdings Ltd.,False
weverseshop.io,,,False
wewear-size-suggestion.vercel.app,,,False
weweb.app,,,False
weweb.io,,,False
wewomedia.com,,,False
wex83ti.x.incapdns.net,CDN,Imperva Inc.,False
wexdrive.com,,,False
wexphotovideo.com,,Warehouse Express Limited,False
wezhan.cn,,,False
wezhan.hk,,,False
wezhan.net,,,False
wf-box.net,,,False
wf.com,,,False
wfapitiles.b-cdn.net,CDN,BunnyCDN,False
wfcdn.com,,"Wayfair, LLC",False
wfe4trk.com,,,False
wfinterface.com,,,False
wfld.edgesuite.net,CDN,Akamai Technologies,False
wgchrrammzv.com,,,False
wgi-img.s3.amazonaws.com,CDN,"Amazon Technologies, Inc.",False
wgplayer.com,,,False
wgrremote.se,,,False
whaee.com,,,False
whale.camera,,,False
whaledb.io,,,False
what3words.com,,,False
whatap-browser-agent.io,,,False
whatcounts.com,,Mansell Group,False
whateverorigin.org,,,False
whatfinger.com,,,False
whatfix.com,,,False
whatnot.com,,,False
whatsonnetwork.co.uk,,,False
wheelhousedmg.com,,,False
wheelio-app.com,,,False
wheelofpopups.com,,,False
whentai.com,,,False
where.com,,"PayPal, Inc.",False
where2getit.com,,Where 2 Get It,False
wherewefly.com,,,False
whireclogomod.com,,,False
whirlpool.com,,Whirlpool Corporation,False
whirlwind-expression.com,,,False
whisk.com,,Foodient Ltd.,False
whisp.io,,,False
whiteboxdigital.ru,,,False
whitecube.ai,,,False
whiterivermg.com,,,False
whitestuff.de,,,False
whizzco.com,,,False
whoisezh.com,,,False
whoisvisiting.com,,,False
wholepagecache.com,,,False
wholesale-pricing-now.herokuapp.com,CDN,"Salesforce.com, Inc.",False
wholesaleairpipe.com,,,False
wholesalegorilla.app,,,False
wholescale.net,,,False
whoson.com,,,False
whyufm.org,,,False
wi-fi.ru,,,False
wi-platform-cloud.com,,,False
wibilong.com,,,False
wicdn.cloud,,,False
wickedanimal.com,,,False
wickedreports.com,,,False
wicket-keeper.com,,,False
widebundle.com,,,False
widen.net,,,False
widencdn.net,,Widen,False
widengle.com,,Soostone Inc,False
widereviewapp.com,,,False
widerplanet.com,,WiderPlanet Inc.,False
widget-modal-v2-prod.firebaseapp.com,CDN,Google LLC,False
widgetbe.com,,,False
widgetbot.io,,,False
widgetic.com,,,False
widgetinstall.com,,,False
widgetlogic.org,,,False
widgets-infor.b-cdn.net,CDN,BunnyCDN,False
widitrade.com,,,False
wieck-honda-production.s3.amazonaws.com,CDN,"Amazon Technologies, Inc.",False
wielerflits-shop.myshopify.com,Analytics;CDN;Embedded Content;Online Payment,Shopify Inc.,False
wifa.st,,,False
wigscom.myshopify.com,Analytics;CDN;Embedded Content;Online Payment,Shopify Inc.,False
wihatools.myshopify.com,Analytics;CDN;Embedded Content;Online Payment,Shopify Inc.,False
wiki.gallery,,,False
wikihow.com,,Wikihow Inc.,False
wikimedia.org,Non-Tracking,"Wikimedia Foundation, Inc.",False
wikipedia.org,Non-Tracking,"Wikimedia Foundation, Inc.",False
wikit.ai,,,False
wikitide.net,,,False
wikixl.nl,,,False
wildcard-espncricinfo.edgekey.net,,Akamai Technologies,False
wildcard3-net-alb-545423735.us-east-1.elb.amazonaws.com,CDN,"Amazon Technologies, Inc.",False
willdesk.com,,,False
willyweather.com,,WillyWeather,False
wincalendar.net,,,False
windfinder.net,,,False
windguru.net,,,False
windows.net,CDN,Microsoft Corporation,False
windstream.com,,"Windstream Communications, LLC",False
windy.com,,,False
winecountry-media.s3.amazonaws.com,CDN,"Amazon Technologies, Inc.",False
winesdirect-images3.azureedge.net,CDN,Microsoft Corporation,False
winksullenwaistcoat.com,,,False
winning.com.au,,,False
winparts.net,,,False
winsight-cdn.s3.us-east-2.amazonaws.com,CDN,"Amazon Technologies, Inc.",False
winsornewton-na.myshopify.com,Analytics;CDN;Embedded Content;Online Payment,Shopify Inc.,False
winudf.com,,,False
wipe.de,,,False
wiqhit.com,,,False
wireboard.io,,,False
wired.business,,,False
wiredco.com,,Wired Communications,False
wiremo.co,,,False
wirewax.com,,Wirewax LTD,False
wirewax.video,,,False
wirth-horn.de,,,False
wisc.cloud,,,False
wisconsinstate.jobs,,,False
wise.com,,,False
wisegeek.com,,,False
wisepops.com,,Benjamin Cahen,False
wisepops.net,,,False
wisepublishing.com,,,False
wisermapp.com,,,False
wisernotify.com,,,False
wiserreview.com,,,False
wish.com,,ContextLogic Inc.,False
wishabi.com,,Flipp Corp.,False
wishabi.net,,Flipp Corp.,False
wishlink.net,,,False
wishpond.com,,Wishpond Technologies Ltd.,False
wishpond.net,,,False
wistia.com,Analytics;CDN;Embedded Content;Third-Party Analytics Marketing,Wistia,False
wistia.net,Analytics;CDN;Embedded Content;Third-Party Analytics Marketing,Wistia,False
witbeast.com,,,False
witglobal.net,,Würth IT GmbH,False
withapps.io,,,False
withcabin.com,,,False
withcubed.com,,,False
withdesk.com,,,False
withflowersea.com,,,False
within.co,,,False
withings.net,,,False
withoyster.com,,,False
withremark.com,,,False
withsherpa.ai,,,False
witi.edgesuite.net,CDN,Akamai Technologies,False
wivowu.my,,,False
wiwdata.com,,,False
wix-websitespeedy.b-cdn.net,CDN,BunnyCDN,False
wix.com,CDN,"Wix.com, Inc.",False
wix.run,,,False
wixapps.net,,,False
wixlabs-adsense-v3.uc.r.appspot.com,CDN,Google LLC,False
wixmp.com,,,False
wixnm.com,,,False
wixpress.com,,,False
wixstatic.com,,"Wix.com, Inc.",False
wizaly.com,,,False
wizaly.net,,,False
wizardingworld.com,,,False
wizards.com.edgekey.net,,Akamai Technologies,False
wized.com,,,False
wizit.money,,,False
wizwavergraphics.pics,,,False
wizybot.com,,,False
wizzo.media,,,False
wjbk.edgesuite.net,CDN,Akamai Technologies,False
wjla.com,,Sinclair Broadcast Group Inc,False
wknd.ai,,,False
wl-fastcdn.com,,,False
wlct-one.de,,,False
wlct-two.de,,,False
wlk-ems.com,,,False
wlresources.com,CDN,TMD Swiss AG,False
wm-api.com,,,False
wm.com,,Waste Management Inc.,False
wm.comundefined,,,False
wmcdp.io,,"Warner Bros. Discovery, Inc.",False
wmcdpt.com,,,False
wmced.com,,,False
wmcrrd.com,,,False
wmd-systems.com,,,False
wmdt.com,,,False
wmgartistservices.com,,Warner Music Group,False
wmgroup.us,,,False
wminewmedia.com,,,False
wmpslic.com,,,False
wmt.dev,,,False
wmt.digital,,,False
wmt.games,,,False
wmt.media,,,False
wmxpro.com,,,False
wnba.com,,,False
wnba.com.edgekey.net,,Akamai Technologies,False
wnewsstatic.b-cdn.net,CDN,BunnyCDN,False
wnyc.org,,,False
wnyw.edgesuite.net,CDN,Akamai Technologies,False
wo-cloud.com,CDN,Wetteronline Meteorologische Dienstleistungen GmbH,False
wob-glb-production.myshopify.com,Analytics;CDN;Embedded Content;Online Payment,Shopify Inc.,False
wob.com,,,False
wofl.edgesuite.net,CDN,Akamai Technologies,False
wogaa.sg,,,False
wolframcdn.com.edgekey.net,,Akamai Technologies,False
wollongongartgallery.au,,,False
wollongongbotanicgarden.com.au,,,False
wolterskluwer.io,,,False
wolverineswire.com,,,False
wolverineworldwide.com,,,False
woman.dk,,,False
wompanalytics.azurewebsites.net,CDN,Microsoft Corporation,False
womphealthapi.azurewebsites.net,CDN,Microsoft Corporation,False
womtp.com,,,False
wonderchat.io,,,False
wonderpush.com,,WonderPush,False
wondershare.cc,,,False
wondershare.com,,"Wondershare Technology Co., Ltd.",False
wondershare.com.edgesuite.net,CDN,Akamai Technologies,False
wondershare.fr,,,False
woo.com,,,False
woobox.com,,,False
woodsidecredit.com,,,False
woodsmith.com,,,False
woodtrak.com,,,False
woolworths.com.au,,Woolworths Group Limited,False
woolworths.media,,,False
woolworthsstatic.co.za,,,False
wooly.com,,,False
woolytech.com,,,False
woondemand.net,,,False
wooninfluencers.nl,,,False
woopic.com,,Orange,False
woopra.com,,"Woopra, Inc.",False
woorank.com,,Woorank sa,False
woosmap.com,,Web Geo Services,False
wootric.com,,Wootric,False
wordlift.io,,,False
wordpress.com,CDN;Embedded Content,"Automattic, Inc.",False
wordpresscck.test,,,False
wordreference.net,,,False
wordscode.my,,,False
workdeadlinededicate.com,,,False
workers-turbo.ai,,,False
workhorsefunds.com,,,False
workmagic.io,,,False
workoperation.com,,"Leven Labs, Inc. DBA Admiral",False
worktrucksolutions.com,,,False
world-architects.com,,,False
worldbank.org,,World Bank Group,False
worldfone.vn,,,False
worldglobalssp.xyz,,,False
worldhistory.cloud,,,False
worldhistory.org,,,False
worldofbooks.com,,,False
worldoftulo.com,,Adeprimo AB,False
worldpantry.com,,,False
worldpay.com,,"WorldPay, Inc.",False
worldshaking.com,,Grizzly New Technologies GmbH,False
worldshopping.global,,,False
worldshopping.jp,,,False
worldtimebuddy.com,,,False
wort-suche.com,,,False
wortige.xyz,,,False
wovn.io,,"Wovn Technologies, Inc.",False
wowbrary.org,,,False
wowhead.com,,ZAM Network,False
wozhost.ch,,,False
wp-e.net,,,False
wp-hosting.tech,,,False
wp-nav-pro.com,,,False
wp.com,Analytics;CDN;Embedded Content,"Automattic, Inc.",False
wp.pl,,Wirtualna Polska,False
wp.wpenginepowered.com,,,False
wpadmngr.com,,,False
wpcdn.pl,,,False
wpcharms.com,,,False
wpd.digital,,,False
wpengine.com,,"WPEngine, Inc.",False
wpeproxy.com,,,False
wpforms.com,,,False
wphost.site,,,False
wpimg.pl,,Wirtualna Polska,False
wplite.in,,,False
wpmudev.com,,,False
wpnsrv.com,,,False
wps.com,,Kingsoft Corporation,False
wpscdn.com,,,False
wpsdns.com,,,False
wpserveur.net,,,False
wpshsdk.com,,,False
wpsite-stage.s3.us-east-2.amazonaws.com,CDN,"Amazon Technologies, Inc.",False
wpsoul.net,,,False
wpstage.net,,,False
wpu.sh,,,False
wpush.org,,,False
wpushorg.com,,,False
wpushsdk.com,,,False
wqmrlthbr.com,,,False
wqwln8trk.com,,,False
wrappio.dev,,,False
wrbm.com,,William Reed Business Media Ltd,False
wrd-aws.com,,,False
wrexhamafcservices.co.uk,,,False
wright-leather-works.myshopify.com,Analytics;CDN;Embedded Content;Online Payment,Shopify Inc.,False
writesonic.com,,,False
writesonic.s3.amazonaws.com,CDN,"Amazon Technologies, Inc.",False
wsasitecore.net,,,False
wsc-web-prod-mware-pub-alb-155236004.us-east-2.elb.amazonaws.com,CDN,"Amazon Technologies, Inc.",False
wseengine.com,,,False
wsgc.com.edgekey.net,,Akamai Technologies,False
wsimg.com,CDN,"Starfield Technologies, LLC",False
wsj.com,,"Dow Jones & Company, Inc.",False
wsknow.net,,,False
wsl.ch,,,False
wsod.com,,Markit Group Limited,False
wsrpx.com,,,False
wsrv.nl,,,False
wsu-info.org,,,False
wswebcdn.com,,,False
wswebpic.com,,,False
wsy400.com,,,False
wt-eu02.net,Ad Motivated Tracking;Advertising;Analytics;Audience Measurement;Embedded Content,Webtrekk GmbH,True
wt-safetag.com,Advertising;Third-Party Analytics Marketing,Webtrekk GmbH,True
wtfismyip.com,,,False
wtg-ads.com,,,False
wttg.edgesuite.net,CDN,Akamai Technologies,False
wtvt.edgesuite.net,CDN,Akamai Technologies,False
wtxcdn.com,,,False
wube.software,,,False
wufoo.com,,Momentive Inc.,False
wugoji.xyz,,,False
wui.fr,,,False
wum.rocks,,,False
wurfl.io,,"ScientiaMobile, Inc.",False
wurflcloud.com,,,False
wurl.com,,,False
wuytl.com,,,False
wvcarfinder.com,,Charleston Newspapers,False
wvegov.com,,,False
wvi.app,,,False
wvu.edu,,,False
ww.com,,,False
wwads.cn,,,False
wwiops.io,,,False
www-ents24-com-1582532755.eu-west-1.elb.amazonaws.com,CDN,"Amazon Technologies, Inc.",False
www-lib-1712621592.us-east-2.elb.amazonaws.com,CDN,"Amazon Technologies, Inc.",False
www-load-balancer-2025677655.us-east-1.elb.amazonaws.com,CDN,"Amazon Technologies, Inc.",False
www-stats.nl,,,False
www.edgekey.net,,Akamai Technologies,False
www.gob.mx,,Secretaria de la Funcion Publica,False
www.googleapis.com,CDN;Embedded Content,Google LLC,False
www.gov.uk,,,False
www.https,,,False
www.myfritz.net,,AVM Computersysteme Vertriebs GmbH,False
wwwcenter.de,,,False
wxapi.com.au,,,False
wxhiojortldjyegtkx.bid,,,False
wyndhamdestinations.com.edgekey.net,,Akamai Technologies,False
wyndhamhotels.com.edgekey.net,,Akamai Technologies,False
wyng.com,,,False
wynk.in,,,False
wynnresorts.com,,,False
wysistat.com,,ID.fr,False
wywrd.com,,,False
wyzantcdn.com,,,False
wzrkt.com,,CleverTap,False
x-cart.com,,,False
x-echo.com,,,False
x-fetish.tube,,,False
x-opt.io,,,False
x-tg.tube,,,False
x-video.tube,,,False
x-x-x.tube,,,False
x.com,,"Twitter, Inc.",False
x.sni.global.fastly.net,Action Pixels;Ad Motivated Tracking;Advertising;Analytics;CDN;Embedded Content;Session Replay;Third-Party Analytics Marketing,"Fastly, Inc.",True
x8hq1a-0u.myshopify.com,Analytics;CDN;Embedded Content;Online Payment,Shopify Inc.,False
xad.com,,,False
xadsmart.com,,,False
xalizer.com,,,False
xanalytics.site,,,False
xanalytics.vip,,,False
xansrv.com,,,False
xapps-geo-ca956fdeab0c.herokuapp.com,CDN,"Salesforce.com, Inc.",False
xascdn.li,,,False
xautomations.de,,,False
xboxlive.com.edgekey.net,,Akamai Technologies,False
xcdn.nl,,,False
xcdn1.me,,,False
xcdnpro.com,,Surecom Corp NV,False
xclick.app,,,False
xcottons.com,,,False
xcpro.ch,,,False
xcss.me,,,False
xd-cdn.com,,,False
xdaimages.com,,,False
xecurify.com,,miniOrange Inc.,False
xedo.me,,,False
xemales.b-cdn.net,CDN,BunnyCDN,False
xempire.com,,,False
xeno-canto.org,,,False
xero.com,,Xero Limited,False
xerox.com.edgekey.net,,Akamai Technologies,False
xfans-analytic-prod.fly.dev,,,False
xfeed.com,,,False
xfer123.com,,,False
xfinity.com,,Comcast Corporation,False
xfinity.com.edgekey.net,,Akamai Technologies,False
xg4ken.com,Ad Motivated Tracking,Kenshoo TLD,True
xgen-product-recommendations-c1d79539c721.herokuapp.com,CDN,"Salesforce.com, Inc.",False
xgen.dev,,,False
xgritapi.com,,,False
xgroovy-fr.com,,,False
xhaccess.net,,,False
xham.live,,,False
xhamster.com,,,False
xhamsterlive.com,,,False
xhamsterlive.info,,,False
xhamsterlive.stream,,,False
xhcdn.com,,,False
xhlive.cam,,,False
xhlive.net,,,False
xhlive.org,,,False
xhlive.stream,,,False
xhpingcdn.com,,,False
xhscdn.com,,,False
xiaohongshu.com.edgesuite.net,CDN,Akamai Technologies,False
xiaoman.cn,,,False
xiaomi.com,,Xiaomi Corporation,False
xify.ai,,,False
xilinx.com,,"Xilinx, Inc.",False
xima.cloud,,,False
ximasoftware.com,,,False
xing.com,,,False
xingcdn.com,,,False
xintaicz.cn,,,False
xitami.github.io,CDN;Non-Tracking,"GitHub, Inc.",False
xiti.com,Analytics,AT Internet,False
xits.com,,,False
xklervstream.com,,,False
xlife.com,,,False
xlineker.com,,,False
xlink3.com,,,False
xlirdr.com,,,False
xlisting.jp,,"X-LISTING Co., Ltd.",False
xlivesex.com,,,False
xlivrdr.com,,,False
xlrdr.com,,,False
xltube.nl,,,False
xlviiirdr.com,,,False
xmates.com,,,False
xmilf.com,,,False
xmlking.com,,,False
xmlwiz.com,,,False
xmlwolf.com,,,False
xmodels-live.ch,,,False
xn--0trq88c5upeii.xn--fiqs8s,,,False
xn--pckua2a7gp15o89zb.com,,,False
xn--taboola-owa1233e36a.xn--com-hla9221byta,,,False
xnalytixs.com,,,False
xnxx-cdn.com,,NKL s.r.o.,False
xnxx.com,,NKL s.r.o.,False
xoalt.com,,,False
xobuilder.app,,,False
xogrp.com.edgekey.net,,Akamai Technologies,False
xoilaczzqipxt.tv,,,False
xola.com,,,False
xometry.net,,,False
xotiny.com,,,False
xozilla.xxx,,,False
xp2023-pix.s3.amazonaws.com,CDN,"Amazon Technologies, Inc.",False
xpdgremote.com,,,False
xperi.com,,,False
xpln.tech,,,False
xplosion.de,Ad Motivated Tracking;Advertising,emetriq GmbH,True
xpornium.net,,,False
xprt.com,,,False
xqvyta-vu.myshopify.com,Analytics;CDN;Embedded Content;Online Payment,Shopify Inc.,False
xray-superpixel.com,,,False
xrisi.com,,,False
xrtb.io,,,False
xsbapp.com,,,False
xscreenattribution.com,,,False
xsearch.tv,,,False
xsellco-blobstore.s3.amazonaws.com,CDN,"Amazon Technologies, Inc.",False
xsellco.com,,,False
xserver.jp,,,False
xstat.top,,,False
xsystewideusync.com,,,False
xtb.com,,,False
xthread.net,,,False
xtlo.net,,,False
xtoolpassportweb.azureedge.net,CDN,Microsoft Corporation,False
xtoon2.b-cdn.net,CDN,BunnyCDN,False
xtoon33.com,,,False
xtraffix.com,,,False
xtremepush.com,,,False
xtremestream.xyz,,,False
xvid.com,,,False
xvideos-cdn.com,CDN,WGCZ a.s.,False
xvideos.com,,WGCZ a.s.,False
xvideos.es,,,False
xvv1deos.com,,,False
xwm.app,,,False
xxbrits.com,,,False
xxcontent.lol,,,False
xxlsports.com,,,False
xxnshx.com,,,False
xxredda.s3.amazonaws.com,CDN,"Amazon Technologies, Inc.",False
xxxcdn.org,,,False
xxxcorp.fr,,,False
xxxivjmp.com,,,False
xxxjmp.com,,,False
xxxkeeper.com,,,False
xxxlutz.com,,XXXLutz KG,False
xxxorn.online,,,False
xxxviiijmp.com,,,False
xxxvjmp.com,,,False
xxyedkub.com,,,False
xyz-logos.azureedge.net,CDN,Microsoft Corporation,False
xyzmedia.net,,,False
y2.shared.global.fastly.net,Action Pixels;Ad Motivated Tracking;Advertising;Analytics;CDN;Embedded Content;Session Replay;Third-Party Analytics Marketing,"Fastly, Inc.",True
y4qyd.x.incapdns.net,CDN,Imperva Inc.,False
y8.net,,,False
ya.ru,,Yandex LLC,False
yabidos.com,,,False
yadlachim.org,,,False
yadro.ru,Ad Motivated Tracking;Analytics;Malware,"OOO ""ECO PC - Complex Solutions""",True
yads.tech,,Yandex LLC,False
yaelconsulting.com,,,False
yaengage.com,,,False
yah.cl,,,False
yahoo.co.jp,Ad Motivated Tracking;Advertising,LY-Corporation,True
yahoo.com,Ad Motivated Tracking;Advertising;Analytics;Audience Measurement;Federated Login,Yahoo Inc.,True
yahoo.net,,Yahoo Inc.,False
yahooapis.com,,Yahoo Inc.,False
yahooapis.jp,,LY-Corporation,False
yahooinc.com,,,False
yaleo.com,,,False
yamaha-motor.co.jp,,,False
yamaha.io,,,False
yamahacdn.ca,,,False
yamahawatercraft.typeform,,,False
yameyou.com,,,False
yandex.com,,Yandex LLC,False
yandex.net,CDN;Embedded Content;Session Replay,Yandex LLC,False
yandex.ru,Action Pixels;Ad Motivated Tracking;Advertising;Analytics;Audience Measurement;Embedded Content;Online Payment;SSO;Session Replay,Yandex LLC,True
yandex.st,,Yandex LLC,False
yango.com,,Yandex LLC,False
yango.tech,,,False
yapfiles.ru,,"LLC ""Video Bum""",False
yappli.io,,,False
yara.com,,,False
yastatic-net.ru,,,False
yastatic.net,Ad Motivated Tracking;Advertising;CDN;Embedded Content;Social - Share,Yandex LLC,True
yatco-boss-analytics-lb-1402728550.us-east-1.elb.amazonaws.com,CDN,"Amazon Technologies, Inc.",False
yatcoboss.com,,,False
yatesgardening.myshopify.com,Analytics;CDN;Embedded Content;Online Payment,Shopify Inc.,False
yawave.com,,,False
yazio-cdn.com,,,False
ybassets.com,,,False
ybn.io,,Yodle,False
yceml.net,,Conversant LLC,False
ydparty.tv,,,False
yeastar.com,,,False
yeb-server-side-tagging-km7wdns5ba-uw.a.run.app,,Google LLC,False
yektanet.com,,,False
yelda-chat.s3.eu-west-3.amazonaws.com,CDN,"Amazon Technologies, Inc.",False
yelda-webchat.s3.eu-west-3.amazonaws.com,CDN,"Amazon Technologies, Inc.",False
yelda.ai,,,False
yellow.ai,,,False
yellowblue.io,,Unity Software Inc.,False
yellowgrape.nl,,,False
yellowmessenger.com,,,False
yellowpages.com,,"Thryv, Inc.",False
yelpcdn.com,,Yelp Inc.,False
yelpcdn.map.fastly.net,Action Pixels;Ad Motivated Tracking;Advertising;Analytics;CDN;Embedded Content;Session Replay;Third-Party Analytics Marketing,"Fastly, Inc.",True
yeps.io,,,False
yeshivaworld.b-cdn.net,CDN,BunnyCDN,False
yesstyle.com,,YESSTYLE.COM Limited,False
yetansd.com,,,False
yext-pixel.com,,,False
yext-pub.com,,,False
yext.com,,"Yext, Inc.",False
yextapis.com,,,False
yextevents.com,,"Yext, Inc.",False
yextpages.net,,,False
yezzclips.com,,,False
ygrbf.cc,,,False
yhgfb-cn-static.com,,,False
yhpwebsites-assets.s3.us-east-2.amazonaws.com,CDN,"Amazon Technologies, Inc.",False
yicha.jp,,,False
yieldify-production.com,,,False
yieldify.com,,Yieldify,False
yieldlab.net,Ad Motivated Tracking;Advertising,Virtual Minds AG,True
yieldlift.com,,YieldLift LLC,False
yieldlove-ad-serving.net,Ad Motivated Tracking;Advertising,Yieldlove GmbH,True
yieldlove.com,Advertising,Yieldlove GmbH,True
yieldmo.com,Ad Motivated Tracking;Advertising,"YieldMo, Inc.",True
yieldoptimizer.com,Ad Motivated Tracking;Advertising;Analytics,"Warner Bros. Discovery, Inc.",True
yimg.com,Ad Motivated Tracking;Advertising;CDN,Yahoo Inc.,True
yimg.jp,Ad Motivated Tracking;Advertising,LY-Corporation,True
yinzcam.com,,,False
yit.co.il,,,False
yjs-cdn.com,,,False
yjtag.jp,,LY-Corporation,False
yjyztmj.x.incapdns.net,CDN,Imperva Inc.,False
yld.is,,,False
ym-tack.b-cdn.net,CDN,BunnyCDN,False
ym-trk.b-cdn.net,CDN,BunnyCDN,False
ymcart.com,,,False
ymlp.com,,YMLP,False
ymmobi.com,,,False
ymq.cool,,,False
ynabassets.com,,,False
ynet.co.il,,Yediot Information Technologies ltd,False
ynhhs.org,,,False
yobee.it,,,False
yobi.ai,,,False
yofi.ai,,,False
yokohama-esthe.jp,,,False
yollamedia.com,,,False
yomeno.xyz,,,False
yonderland.com,,,False
yoox-sgtm-us-oxe5p6ugdq-uw.a.run.app,,Google LLC,False
yorkvillemarketing.net,,,False
yoshki.com,,Yoshki Ltd.,False
yoto-australia.myshopify.com,Analytics;CDN;Embedded Content;Online Payment,Shopify Inc.,False
yoto-usa.myshopify.com,Analytics;CDN;Embedded Content;Online Payment,Shopify Inc.,False
yotpo-editor-production.s3.amazonaws.com,CDN,"Amazon Technologies, Inc.",False
yotpo-stool.s3.amazonaws.com,CDN,"Amazon Technologies, Inc.",False
yotpo.com,Advertising;Embedded Content;Third-Party Analytics Marketing,Yotpo Ltd,True
yotpoapi.com,,,False
yottaa-network.net,,,False
yottaa-prod.com,,,False
yottaa.com,,Yottaa Inc,False
yottaa.net,Analytics,Yottaa Inc,False
youborafds01.com,,,False
youboranqs01.com,,NicePeopleAtWork S.L.,False
youengineering.ch,,,False
yougreencolumn.com,,,False
youmaker.com,,,False
younet.network,,,False
youngcapital-uploads-production.s3.amazonaws.com,CDN,"Amazon Technologies, Inc.",False
youporn.com,,Aylo,False
your-logo-url-here.png,,,False
your-objectstorage.com,,,False
your-server.de,,,False
your.org,,,False
youradchoices.com,,,False
youradexchange.com,,,False
yourbow.com,,,False
youreko.com,,,False
yourhomie.ai,,,False
yourir.info,,,False
yourmoney.ch,,,False
yourobserver.com,,,False
youronlinechoices.com,,,False
yourpersi.com,,,False
yourpractice.online,,,False
yoursun.com,,,False
youshouldask.ai,,,False
yousmartthing.com,,,False
youstarsbuilding.com,,,False
youtu.be,,Google LLC,False
youtube-nocookie.com,Ad Motivated Tracking;CDN;Embedded Content,Google LLC,True
youtube.com,Ad Motivated Tracking;CDN;Embedded Content,Google LLC,True
youtube.googleapis.com,CDN;Embedded Content,Google LLC,False
youvisit.com,,,False
ypcdn.com,,"Thryv, Inc.",False
ypi.com,,,False
ypncdn.com,,Aylo,False
yppcdn.com,,,False
yps.link,,,False
ypsilon.net,,,False
yr.no,,Meteorologisk Institutt,False
yronesefurther.org,,,False
yrxtam.com,,,False
ysm-websites4-live-prod.azureedge.net,CDN,Microsoft Corporation,False
ysm-ym2-live-prod.azureedge.net,CDN,Microsoft Corporation,False
ystream.id,,,False
yswapps.com,,,False
yten.com,,,False
ytimes.net,,,False
ytimg.com,CDN;Embedded Content,Google LLC,False
yua.lat,,,False
yubico.org,,,False
yubinbango.github.io,CDN;Non-Tracking,"GitHub, Inc.",False
yuewen.com,,Tencent Holdings Ltd.,False
yugioh-card.com.edgekey.net,,Akamai Technologies,False
yum.com,,,False
yuma.ai,,,False
yumconnect.dev,,,False
yummly.com,,"Yummly, Inc",False
yumpu.com,,,False
yumpu.io,,,False
yun300.cn,,,False
yundunwaf4.com,,,False
yuppcdn.net,,,False
yuppstatic.akamaized.net,CDN,Akamai Technologies,False
yurae3jsy.autos,,,False
yuspcdn.com,,,False
yutoads.com,,,False
ywxi.net,Badge,PathDefender,False
yximgs.com,,Beijing Kuaishou Technology Ltd.,False
yyggames.com,,,False
z-dn.net,,,False
z-natural-foods.myshopify.com,Analytics;CDN;Embedded Content;Online Payment,Shopify Inc.,False
z00.monster,,,False
z1photorankmedia-a.akamaihd.net,CDN,Akamai Technologies,False
z2photorankmedia-a.akamaihd.net,CDN,Akamai Technologies,False
z3photorankmedia-a.akamaihd.net,CDN,Akamai Technologies,False
za-ads.de,,,False
zaius.com,,"Zaius, Inc.",False
zaius.eu,,,False
zakeke.com,,,False
zalando-lounge.com,,,False
zalgo.org,,,False
zalify.com,,,False
zalo.me,,VNG Corporation,False
zamimg.com,,ZAM Network,False
zammo-mcg311.azurewebsites.net,CDN,Microsoft Corporation,False
zammo.ai,,,False
zamnesia.com,,,False
zanalytics.vip,,,False
zaneray.com,,,False
zango.com.au,,,False
zaonce.net,,,False
zapgroup.co.il,,,False
zapier.com,,,False
zappos.app,,,False
zappos.com.edgekey.net,,Akamai Technologies,False
zapwp.com,,,False
zaq.ne.jp,,,False
zarahome.net,,,False
zatnoh.com,,,False
zazzle.com,,Zazzle Inc.,False
zazzle.map.fastly.net,Action Pixels;Ad Motivated Tracking;Advertising;Analytics;CDN;Embedded Content;Session Replay;Third-Party Analytics Marketing,"Fastly, Inc.",True
zbanx.com,,,False
zbaseglobal.com,,,False
zbcdn3.net,,,False
zbkb.nl,,,False
zc1uwf-et.myshopify.com,Analytics;CDN;Embedded Content;Online Payment,Shopify Inc.,False
zd.map.fastly.net,Action Pixels;Ad Motivated Tracking;Advertising;Analytics;CDN;Embedded Content;Session Replay;Third-Party Analytics Marketing,"Fastly, Inc.",True
zdassets.com,CDN;Embedded Content,"Zendesk, Inc.",False
zdbb.net,,Ziff Davis LLC,False
zdn.nz,,,False
zdn.vn,,VNG Corporation,False
zdops.net,,,False
ze2e5pr.x.incapdns.net,CDN,Imperva Inc.,False
zeals.ai,,,False
zebestof.com,,ZeBestOf,False
zedo.com,,"ZEDO, Inc.",False
zee5.com.edgekey.net,,Akamai Technologies,False
zee5.com.edgesuite.net,CDN,Akamai Technologies,False
zeenews.com,,,False
zegna.com.edgekey.net,,Akamai Technologies,False
zegna.edgekey.net,,Akamai Technologies,False
zegsuapps.com,,,False
zelig.com,,,False
zellisauto.com,,,False
zemanta.com,Ad Motivated Tracking;Advertising;Third-Party Analytics Marketing,Outbrain,True
zen.ai,,,False
zencastr.com,,,False
zencdn.net,Advertising;Analytics;CDN;Embedded Content,"Brightcove, Inc.",True
zend-apps.com,,,False
zendesk.com,Analytics;CDN;Embedded Content;Federated Login,"Zendesk, Inc.",False
zendesk.tv,,"Zendesk, Inc.",False
zendplace.pro,,,False
zenfield.pro,,,False
zenimpact.io,,,False
zenn.studio,,,False
zennioptical.com.edgekey.net,,Akamai Technologies,False
zenniservices.com,,,False
zeno.fm,,,False
zenobuilder.com,,,False
zenomedia.com,,,False
zentotem.net,,,False
zentraljob.ch,,,False
zenwork.com,,,False
zeotap.com,,Zeotap GmbH,False
zephr.com,,,False
zephrcf.com,,,False
zephyr-sports.io,,,False
zerads.com,,,False
zergnet.com,,7hops.com Inc.,False
zero-foxtrot.myshopify.com,Analytics;CDN;Embedded Content;Online Payment,Shopify Inc.,False
zerodayromance.com,,,False
zerofirst.io,,,False
zeronaught.com,Fraud Prevention,F5 Networks Inc,False
zeropartyforms.com,,,False
zerotik.space,,,False
zesty-career.com,,,False
zestyhorizon.com,,,False
zestyio.com,,,False
zetacx.net,,,False
zetaglobal.net,,Zeta Global,False
zeusadx.com,,,False
zfctrack.net,,,False
zfinder.de,,,False
zgo.at,,,False
zgo.de,,,False
zhedge.com,,,False
zhihu.com,,Zhihu Inc.,False
zhihuiya.com,,,False
zhimg.com,,Zhihu Inc.,False
zi-scripts.com,,,False
ziff.tech,,,False
ziffdavis.com.edgekey.net,,Akamai Technologies,False
ziffdavisinternational.com,,,False
ziffdavisinternational.com.edgekey.net,,Akamai Technologies,False
ziffstatic.com,,Ziff Davis LLC,False
ziftsolutions.com,,,False
zifyapp.com,,,False
zig365.nl,,,False
ziggo.io,,,False
zigpoll.com,,,False
zijieapi.com,,ByteDance Ltd.,False
zillow.help,,,False
zilverton.com,,,False
zimg.jp,,"Zucks,Inc.",False
zineone.com,,,False
zingfront.com,,,False
zingle.me,,,False
zingloyalty.com,,,False
zingyads.com,,,False
ziniopro.com,,Zinio LLC,False
zinmanga.art,,,False
zinmanga1.com,,,False
zinrelo-notification-images.s3.amazonaws.com,CDN,"Amazon Technologies, Inc.",False
zinrelo.com,,,False
zip.co,,"Zip Co US, Inc.",False
zipchat.ai,,,False
zipify.com,,,False
zipmoney.com.au,,"Zip Co US, Inc.",False
zippopotam.us,,,False
ziprecruiter.com,,"ZipRecruiter, Inc.",False
ziprecruiter.de,,,False
zipthelake.com,,,False
zipzip.ai,,,False
zisson.com,,,False
zitcha.app,,,False
ziyu.net,,,False
zjptg.com,,,False
zjumbo.edgekey.net,,Akamai Technologies,False
zline0.com,,,False
zlinkp.com,,,False
zlthunder.net,,,False
zma.gs,,,False
zmags.com,,Zmags Corp.,False
zmags.workers.dev,,,False
zmaticoo.com,,,False
zmbl.co,,,False
zmio.org,,,False
zmtcdn.com,,,False
zoarental.com,,,False
zodiac-community.com,,,False
zoe-ai.eu,,,False
zoetis.com,,,False
zog.link,,"ExoClick, S.L.",False
zoho.com,Action Pixels;Analytics;CDN;Embedded Content;Federated Login;Third-Party Analytics Marketing,ZOHO Corporation,False
zoho.com.au,,,False
zoho.eu,Action Pixels;Analytics;CDN;Embedded Content;Federated Login;Third-Party Analytics Marketing,ZOHO Corporation,False
zoho.in,,ZOHO Corporation,False
zoho.jp,,,False
zoho.sa,,,False
zoho.uk,,,False
zohocdn.com,CDN,ZOHO Corporation,False
zohocloud.ca,,,False
zohocloud.net,,,False
zohopublic.ca,,,False
zohopublic.com,CDN,ZOHO Corporation,False
zohopublic.com.au,,,False
zohopublic.eu,CDN,ZOHO Corporation,False
zohopublic.in,,,False
zohostatic.com,CDN,ZOHO Corporation,False
zoig1.com,,,False
zollonline.com,,,False
zona-masajes.com,,,False
zonapropcdn.com,,,False
zonasearch.com,,,False
zondadevops.com,,,False
zonebourse.com.edgekey.net,,Akamai Technologies,False
zonneplan-site.s3.amazonaws.com,CDN,"Amazon Technologies, Inc.",False
zonos-store-assets.s3.amazonaws.com,CDN,"Amazon Technologies, Inc.",False
zonos.com,,iGlobal Stores,False
zoo.se,,,False
zoocasa.com,,,False
zoofilia.info,,,False
zookcabins.b-cdn.net,CDN,BunnyCDN,False
zoologyfibre.com,,,False
zoom.com,,,False
zoom.com.br,,Mosaico Negócios de Internet S.A,False
zoom.us,,"Zoom Video Communications, Inc.",False
zoomengage.com,,,False
zoomin.tv,,,False
zoominfo.com,,"Zoom Information, Inc.",False
zoominsoftware.io,,,False
zooomyapps.com,,,False
zooplus.com,,,False
zooplus.io,,zooplus AG,False
zooplus.net,,,False
zoorix.com,,,False
zoosnet.net,,,False
zoovu.com,,,False
zopim.com,Embedded Content;Support Chat Widget,"Zendesk, Inc.",False
zopimlive.com,,,False
zorgkaartnederland.nl,,Patiëntenfederatie Nederland,False
zorgna.nl,,,False
zorincdn.com,,,False
zotabox.com,,,False
zoundio.se,,,False
zoznam.sk,,,False
zoznamstatic.sk,,,False
zpbt.uk,,,False
zprk.io,,Near Pte. Ltd.,False
zqtk.net,,"comScore, Inc",False
zt-qi2yta3k2a-ez.a.run.app,,Google LLC,False
ztat.net,,Zalando SE,False
zucks.net,,"Zucks,Inc.",False
zumanutrition.myshopify.com,Analytics;CDN;Embedded Content;Online Payment,Shopify Inc.,False
zumper.com,,Zumper Inc.,False
zumpercdn.com,,,False
zuno.tech,,,False
zuora.com,,,False
zurich.com,,,False
zuzana.ai,,,False
zvo.cn,,,False
zx2c4.com,,,False
zxyvrtd.com,,,False
zxywv.com,,,False
zype.com,,,False
zyrosite.com,,,False
zyxel-nexus-demo.s3.eu-central-1.amazonaws.com,CDN,"Amazon Technologies, Inc.",False
zzcdn.me,,,False
zzounds.com,,,False
