caseid,coverage,ddg_join_ads_zero,ddg_join_ads_mean,ddg_join_ads_ha_mean,ddg_join_ads_hawb_mean,third_party_cookies_zero,third_party_cookies_mean,third_party_cookies_ha_mean,third_party_cookies_hawb_mean,ha22_ddg_join_ads,ha25_ddg_join_ads,drift_ddg_join_ads,ha22_third_party_cookies,ha25_third_party_cookies,drift_third_party_cookies
47541,0.882866116087007,9.413807142026288,10.177484130084466,10.214483562337202,10.2002659338679,10.00901477259509,10.909719022242259,10.897660292142378,10.597574616117925,29.381591354174223,38.302603902226735,8.921012548052513,20.675265750583353,46.944516463572725,26.269250712989372
56565,0.8109591427824724,8.510671661294538,9.743160055234013,9.802430505076558,9.79443133410473,8.997909225542294,10.451544141116743,10.45797657785036,10.018536713971635,26.718575118381402,33.519640551011626,6.8010654326302244,17.609012549119026,38.61921663075168,21.010204081632654
203271,0.7642201834862385,1.7304281345565748,3.2676402042416153,3.3315055209841185,3.339152736651052,3.484250764525994,5.297286204149265,5.2644204542198745,4.443733854442284,13.684925690021231,11.245753715498939,-2.439171974522292,6.5841763942931255,8.714526588845654,2.1303501945525287
216457,0.8299435028248587,11.182485875706215,12.29120206630826,12.330619893890413,12.301058783788712,2.853107344632768,4.160761497034446,3.955400631429698,3.8728576782880637,15.869615384615384,51.79038461538462,35.92076923076923,10.109375,44.1890625,34.0796875
257495,0.7297243308030363,7.367259288853376,9.12937373518269,9.209151921117632,9.205600161568457,7.709648421893728,9.787940677640695,9.799855877235924,9.671594677417099,30.546501215299987,36.41256236407829,5.866061148778304,24.237832167832167,41.951958041958044,17.714125874125877
283951,0.9739776951672863,2.7942998760842626,2.9639573203105636,2.9733233282893465,2.9473886740737276,3.1028500619578687,3.302949296828706,3.302949296828706,3.1790783419086637,12.507042253521126,10.221510883482715,-2.2855313700384112,3.550261096605744,6.466057441253263,2.9157963446475192
294487,0.7173030056864338,4.994516653127539,6.837614328526457,6.917023823909686,6.839022531931426,4.383157324668291,6.5569637044673845,6.571903611676251,6.249684706241471,28.204171002428026,24.20109261186264,-4.003078390565385,16.636106703689013,20.288228877429592,3.6521221737405796
296069,0.8924022178930017,6.841600479544433,7.543105009371588,7.572019192093697,7.549280217396854,6.273640041960138,7.101016172238299,6.976321769825377,6.880678011032777,39.793608943260914,40.66905716093651,0.8754482176755971,13.533781928041746,22.727410052183465,9.19362812414172
345485,0.7907742998352554,8.872440574252765,10.236527951777623,10.300092329472278,10.282852406941798,3.705813132501765,5.314659957847117,5.23705499979338,4.965596030387528,21.213679102214133,42.361237488626024,21.14755838641189,13.276827632461435,35.77431254191818,22.497484909456745
359503,0.5471526195899772,5.00501138952164,7.957437382485759,8.130297574493856,8.048852206217996,7.156492027334852,10.638674521000558,10.358981494237097,9.837004440357632,19.802458740316606,22.38497810710677,2.582519366790166,10.562243502051983,15.637938896488828,5.0756953944368455
368901,0.5220614828209765,9.883001808318264,12.99901431540275,13.267970777081612,13.269659597196146,12.852441229656419,16.52756271553641,16.688059026513862,16.19164647620771,64.8244019138756,48.71674641148326,-16.107655502392348,68.415890027959,64.42264678471575,-3.993243243243242
438245,0.7952668829253907,8.914479504570924,10.249276618610415,10.297554300075959,10.252068489505422,9.107932763196697,10.682233746246032,10.684650423686659,9.94767120943958,26.033110218652386,36.622266845158414,10.589156626506028,17.970014022219825,48.871480962140005,30.90146693992018
487819,0.8338338338338338,6.563290563290563,7.646642989213807,7.66148788792299,7.664477684079408,7.285740285740285,8.563479629930526,8.577050418879738,8.35662988579106,21.069166229680125,25.820608285264814,4.75144205558469,11.986136571952338,26.892930797433547,14.906794225481208
509295,0.8041892650084159,2.264447353656256,3.541073273777768,3.590104492763381,3.8162806165313174,2.2068449597905366,3.7125370383052476,3.7374267615172116,3.3779014323589713,11.625975359342915,10.219712525667351,-1.406262833675564,5.980083626760563,5.235255281690141,-0.7448283450704221
576397,0.5882688739831597,4.957185671471386,7.641546299689784,7.75179582559763,7.75083211124686,5.652775795632938,8.818793710575873,8.677182859145221,8.167986217019218,26.286733238231097,29.30782555532912,3.0210923170980237,16.88846995864753,29.286183410362444,12.397713451714914
596481,0.71088391354989,14.520641905008413,16.405590091848964,16.490279747156826,16.484061480107705,14.065614080496958,16.288780247345855,16.347164847465475,16.006823384143036,38.87795966091786,65.46324174218064,26.585282081262783,35.50752422180994,102.45722531436817,66.94970109255823
629125,0.47074707470747074,3.846984698469847,7.297551403904135,7.575436444480471,7.575436444480471,2.552655265526553,6.622360316058892,6.225184500586928,3.996536496723979,46.496923076923075,37.46871794871795,-9.028205128205123,22.01741293532338,18.69983416252073,-3.3175787728026513
645543,0.6785811825754472,6.90458145568756,9.000133538450662,9.111302522994569,9.100367907280017,6.375017069507033,8.846575982262841,8.907537850369154,8.75711796114886,38.83633969716919,34.67952600394997,-4.15681369321922,31.043176482596714,32.70442482392569,1.661248341328978
716485,0.866158609192665,5.222672064777328,6.095276872154721,6.149110507567073,6.117958349386548,6.145510835913313,7.1746879232913745,7.200821611593178,7.079957398484722,18.83341975628727,15.074539797770289,-3.7588799585169816,8.858170914542729,8.489505247376313,-0.36866566716641636
729591,0.6694354566088763,7.685227217849037,9.840406628132024,9.946431294658485,9.923184415975136,6.428454145940986,8.970339372219513,9.027635716545458,8.830449295047444,34.54434087882823,37.02646471371504,2.4821238348868135,23.61927030996367,43.65030532580969,20.03103501584602
865545,0.6363636363636364,22.16883116883117,24.539628701136362,24.679318827129602,24.47546234058411,37.76623376623377,40.56242567170156,40.64244331841535,40.29291933023188,58.66525423728814,60.898305084745765,2.2330508474576263,49.56310679611651,64.68446601941747,15.121359223300963
882005,0.5207547169811321,18.10566037735849,21.230192596821084,21.434235634503413,21.434235634503413,30.39245283018868,34.07762272824388,33.85117286909659,33.270831152867416,48.11282051282051,50.0025641025641,1.8897435897435884,36.00310559006211,49.82608695652174,13.82298136645963
948977,0.7208396178984414,12.831825037707391,14.651865086467703,14.693484434183015,14.694841918631006,20.384741075917546,22.531352578006654,22.495990928748956,22.090058091793793,32.8794683776352,25.648304307974335,-7.2311640696608634,25.76390945631479,23.209540935053944,-2.5543685212608445
1087061,0.6392280425364316,5.966259682289615,8.318382165108353,8.484355177665824,8.503455571736263,7.375213338584745,10.149379313328103,10.138108206237519,9.149786339689575,31.89358208955224,27.565597014925373,-4.327985074626866,20.391963470319634,21.494155251141553,1.1021917808219186
1106525,0.697316709581244,8.471134300040656,10.444536494526362,10.48204404727517,10.495863089500814,3.1413470659981027,5.468838624118635,5.37062404656492,4.465054239532575,17.766684136967157,39.09691649196366,21.330232354996504,9.857191663819611,39.05967429677713,29.20248263295752
1126443,0.6310679611650486,14.46393897364771,16.869262683607833,16.99027431782888,16.968503236741498,17.090846047156727,19.92775919396629,19.876161889260256,19.69485540995288,55.34806910569106,55.70985772357724,0.36178861788617667,44.45342312008979,55.54713804713805,11.09371492704826
1149777,0.6704231830726771,2.34475620975161,4.493495946511427,4.612506418357033,4.559039803601438,4.084176632934683,6.618466709170245,6.677709329097086,6.378829341041391,20.68494715795487,12.070836903741789,-8.614110254213081,8.768387314439947,7.9853238866396765,-0.7830634278002702
1279017,0.27970065481758655,2.3470533208606175,7.043184073579273,7.248518136797048,7.261622685768087,3.4667913938260058,9.005553189736261,9.042614694010021,7.740646012114234,28.035639412997902,18.32180293501048,-9.713836477987421,22.858921161825727,21.82572614107884,-1.0331950207468878
1291451,0.6515937731653076,3.5285396590066718,5.800041371760163,5.981921481311759,5.94313485056305,3.389918458117124,6.068997804163921,6.179329949213985,5.928522521073434,40.58756218905473,39.08756218905473,-1.5,36.26470588235294,40.727797001153405,4.463091118800463
1356687,0.6841294298921418,3.3459167950693374,5.405296007453084,5.557144229616146,5.5607417547445595,2.9838212634822803,5.412716774587783,4.976578085015596,4.538192065938018,23.632145816072907,20.761806130903064,-2.870339685169842,14.913557779799818,13.387625113739764,-1.5259326660600543
1462401,0.8036922793609871,9.781455734082225,11.061321848156654,11.1301457994605,11.113229125696138,10.753556466092721,12.263070129529735,12.24442926566318,11.807222564362828,32.43098030413557,48.12920150384378,15.698221199708208,23.400641648843088,60.98924103960075,37.588599390757665
1473089,0.5255827591262279,4.710453012754728,7.803507878607814,6.091873418964967,6.091378422156885,3.3978888725993257,7.045933406649748,4.87709762116962,4.7677464716631635,20.64891287345534,15.14140466134835,-5.507508212106991,9.01176103247294,16.372918401332225,7.361157368859285
1511441,0.561755485893417,4.674294670846395,7.531514455469376,7.590990269785396,7.590990269785396,6.708150470219436,10.078043818360799,10.059059351917416,9.933712818224032,35.62731707317073,25.138536585365852,-10.488780487804878,17.8125,16.028079710144926,-1.784420289855074
1580341,0.8037383177570093,2.1588785046728973,3.438444462529204,3.509083419901892,3.509083419901892,3.514018691588785,5.02317834150248,5.030856047168476,4.240343849594636,17.191542288557216,20.833333333333332,3.6417910447761166,7.77112676056338,6.443661971830986,-1.327464788732394
1585201,0.8870151770657673,7.3161888701517706,8.052815253502919,8.100475593240855,8.097534437261091,9.14699269252389,10.015792622679779,9.931953047062196,9.828215741968956,25.154187629476176,29.914323764427344,4.760136134951168,15.825063211125158,30.790613147914033,14.965549936788875
1588369,0.5483323143808165,3.993682494395761,6.938417239237643,7.063683512213487,7.058722175659872,5.436315467699205,8.909426665545976,8.9175663883889,8.688254339080023,25.28512498460781,26.236116241842137,0.9509912572343282,16.46122124149906,21.150991173491533,4.689769931992473
1629501,0.8576870620326389,6.211164934393077,7.1390016303004105,7.158718234161453,7.1826553281775976,3.684804590133095,4.779123874399204,4.769892370226147,4.4907071463486075,15.395447294146521,28.836544361271322,13.441097067124801,8.673498755444928,28.3798226509023,19.706323895457373
1685951,0.6514313206639404,3.7101274957902333,5.9826883490144604,6.146006116960211,6.143867542471016,4.988814048592735,7.669142577655235,7.759757729926429,7.567380803064801,22.813004032258064,15.385440668202765,-7.427563364055299,23.925281473899695,14.91363868986694,-9.011642784032755
1736803,0.9010989010989011,7.857142857142857,8.501947680489598,8.540282600720593,8.540282600720593,10.10989010989011,10.870392853410198,10.892961933252549,10.808461628416982,47.671875,40.3203125,-7.3515625,17.801724137931036,16.525862068965516,-1.2758620689655196
1809723,0.9001326124655717,19.085790064266043,19.73689479305811,19.78470222832877,19.785654913755003,23.1351627052943,23.903095752065255,23.880719786545672,23.75992132975024,40.99739033870072,68.57268184342033,27.57529150471961,27.94756252160885,78.18422265760056,50.236660135991706
1827351,0.7863894139886578,8.415879017013232,9.808554505035612,9.834932408559396,9.834932408559396,8.364839319470699,10.007403846170355,9.854364465104755,9.825292526579096,19.106756756756756,38.024324324324326,18.91756756756757,5.782282282282282,27.07957957957958,21.2972972972973
1924249,0.829776280071141,6.2590096414864735,7.368816073141134,7.43292944817882,7.326697146532148,9.854722456238884,11.16366247264404,11.160256549158026,10.737379309873987,24.98691327865992,20.11010294887454,-4.876810329785378,17.70187078529476,17.136610833152055,-0.5652599521427035
1988109,0.9696842693489801,10.464794635373009,10.662443898771043,10.67974495490491,10.67974495490491,12.470103380832635,12.703217032633123,12.671163192234614,12.581999906062077,40.145134368219,17.729510933066265,-22.41562343515273,24.991563055062166,12.599644760213144,-12.391918294849022
2019721,0.8728391444476999,9.539408145326693,10.36845791233702,10.421800175737438,10.421800175737438,9.68912979783182,10.666936724047998,10.580449719381736,10.321353414047957,25.405044510385757,30.83250906693043,5.427464556544674,14.595380818053597,35.01674894217207,20.421368124118473
2046153,0.8170745786192565,2.243592703763565,3.4362103321782884,3.4829273026924246,3.4228660872921264,4.0067536365735394,5.413363738638623,5.4040563127840295,5.212750237053498,11.306379821958457,13.069881305637983,1.7635014836795264,6.333347672717887,13.270584186526714,6.937236513808827
2053065,0.8996342950020317,4.011377488825681,4.66573109460313,4.714886454119549,4.710634266807073,3.2490857375050792,4.020850610235271,4.051728339544168,3.920497065638629,16.924242424242426,14.200922266139658,-2.7233201581027675,8.874773550724637,8.595561594202898,-0.27921195652173836
2079493,0.8965739102460994,4.01415473701142,4.688461112513858,4.707434857548715,4.7044574417821705,4.071738780762425,4.867036566968544,4.753710629987636,4.6263145615907,16.69145677331518,11.423247106875426,-5.2682096664397555,6.001262170934006,6.626667868734223,0.6254056978002165
2084559,0.8316457405157284,8.84838666126637,9.946004784346913,9.98296824002173,9.981403491713557,8.25691913055218,9.551483879009782,9.54795795093191,9.432724039882356,28.595245305875228,40.03808298001211,11.442837674136886,18.33563838758644,46.48178444931692,28.14614606173048
2091803,0.8607909203759532,3.4782762901223623,4.385876781852072,4.429407301807506,4.413433753653817,4.188153928001419,5.258606007435469,5.182503283190742,5.0679580925251875,17.827500478102888,13.381812966150315,-4.445687511952572,7.282348077718066,6.692331541959487,-0.5900165357585783
2109537,0.5233494363929146,3.3978605935127675,6.505476038434548,6.649417068210258,6.628437013970252,4.3758914193696805,8.04110915053037,8.12092267730016,7.617662810256136,43.33791917454858,36.07695614789338,-7.2609630266552045,42.62141753904239,39.35730221383216,-3.264115325210227
2146835,0.7304860088365243,1.4128620520373099,3.170010591260561,3.2382825750247126,3.2382825750247126,1.8620520373097693,3.934487348689253,3.7985109389624716,3.621089336713226,21.256090651558075,33.31416430594901,12.058073654390931,13.357988165680473,15.378698224852071,2.0207100591715985
2167149,0.8169458606457878,3.331148336974994,4.52460516708784,4.561318819891762,4.51413359895465,5.399368778829813,6.806968661322525,6.74801469579152,6.508125325897205,21.596588358521622,20.721831512793656,-0.8747568457279655,8.778018459220192,15.809945375776982,7.03192691655679
2171195,0.5764313507504168,1.2812673707615343,4.04280501886911,4.107442368156129,4.107442368156129,0.6209005002779322,3.877943378492369,3.909840618216419,3.785884918126893,56.711139896373055,41.836139896373055,-14.875,29.28646934460888,37.72093023255814,8.43446088794926
2210037,0.7378105590062112,4.206211180124224,5.915605899311742,5.995336713978258,5.966139838159033,6.404192546583851,8.420305526250239,8.35821598962462,7.512248535615952,25.510906040268456,18.368055555555557,-7.142850484712898,20.010989734140562,18.078507501974205,-1.9324822321663575
2239413,0.7537207318229217,7.978102189781022,9.583767463224422,9.6653071357552,9.711689687629491,8.655227983695138,10.548999248138655,10.550931492691578,9.947373907256924,25.43613355513308,37.91908269961977,12.482949144486692,19.699239784605638,54.66772252138106,34.96848273677542
2253253,0.6138623807132094,6.014766449020593,8.532265265092734,8.665500881936095,8.607702081631324,8.2299347061778,11.199150641155208,11.191806776983833,10.787826565227022,22.312845990063874,22.66650106458481,0.3536550745209368,15.49607560467724,19.650648726573763,4.154573121896524
2260987,0.8266745005875441,1.4424206815511162,2.5724497638558086,2.624373835206681,2.624373835206681,1.8401880141010576,3.172979249888808,3.1984888783595014,3.1307198324719883,13.032089063523248,8.01931892599869,-5.012770137524559,4.222861250898634,4.260244428468727,0.03738317757009302
2272655,0.7543061423464413,4.4897627559311015,6.091611332357001,6.2100857957748214,6.204984414733548,5.390315242118947,7.279584976102552,7.303921720092316,6.8965791716275975,35.68907413976587,31.38506562610855,-4.3040085136573225,20.389797507788163,20.66179906542056,0.27200155763239664
2282919,0.4033580632565404,2.497852401405701,6.387774787483957,6.637049065737272,6.649812483666502,2.0554470909800857,6.6433418144379885,6.671670365369807,6.536555664744411,35.15881458966565,30.625379939209726,-4.533434650455927,20.008346374543557,20.464788732394368,0.4564423578508112
2288993,0.7208759124087591,2.35985401459854,4.1796574342862325,4.24519114967818,4.239293695536699,4.09941605839416,6.24574847283937,6.217464653530304,5.478820966969139,14.554951456310679,12.48252427184466,-2.0724271844660187,7.671875,8.868518518518519,1.1966435185185187
2310101,0.2918149466192171,5.98220640569395,10.599355692363046,10.893299053995369,10.85605836724803,9.854092526690392,15.299701139741114,15.38740731478683,12.623555707158074,33.776824034334766,35.283261802575105,1.506437768240339,32.36821705426357,42.41472868217054,10.046511627906973
2314047,0.7667605633802816,3.3261971830985915,4.846846755227865,4.960508893832006,4.971031908179453,6.7335211267605635,8.52702224471836,8.556504591789489,7.876360448022885,24.459824442943958,14.161377447670493,-10.298446995273466,16.281275551921503,11.007767784137368,-5.273507767784135
2316473,0.6198916789758739,4.220369979601885,6.69855962070672,6.856401442261353,6.82364655955529,6.68010128719139,9.602954765925087,9.611527506041591,8.851066367792225,14.513143131912166,13.922824170540151,-0.5903189613720148,14.670861711578324,33.66005330174711,18.989191590168787
2316839,0.8200136612021858,10.144637978142077,11.318093689785963,11.385111064421345,11.386705868935238,10.796618852459016,12.180628797472409,12.209212354620082,12.063457986596848,31.69972288202692,43.78790577988915,12.088182897862232,19.956873614190688,49.844456762749445,29.887583148558758
2329325,0.9595015576323987,20.98442367601246,21.24846109588757,21.26295113842556,21.26295113842556,13.707165109034268,14.018579005048204,13.948714039258334,13.948714039258334,26.95402298850575,10.835249042145595,-16.118773946360154,13.5625,7.265625,-6.296875
2330841,0.9063856168629882,7.333539987600744,7.94387704605687,7.988212937991723,7.988212937991723,10.655920644761315,11.375771040759767,11.228518802190596,11.186805616992011,30.243608210298884,20.14557075981275,-10.098037450486135,16.342672413793103,13.433002248875562,-2.909670164917541
2352659,0.6304666862342236,1.6645142353977107,4.073758073443983,4.211094543731956,4.206487279433745,2.1423539771059583,4.983890644175487,4.9309078902285695,4.78871820792088,10.746128916096508,7.2009362621534025,-3.545192653943105,4.649715037264357,3.296580447172293,-1.3531345900920644
2376943,0.9099074578116494,10.629831246597714,11.217206982520631,11.193050407766226,11.160295024199536,21.137724550898202,21.830493653225933,21.801141544953378,21.623240113842034,21.19049707602339,10.900438596491227,-10.290058479532163,10.005418719211823,8.090147783251231,-1.9152709359605922
2378833,0.7663686880889103,4.236530562937908,5.759735041745006,5.834343683826678,5.794637370973287,4.071756462913747,5.868270916795178,5.846057098458386,5.216255237170067,22.636767610269914,27.68334430546412,5.046576695194208,11.68911007025761,21.268735362997656,9.579625292740046
2399787,0.694868238557559,5.35794302784594,7.3473085022490485,7.424800503033292,7.484697709137128,5.183719193427931,7.530038337405765,7.555743963763981,7.148829874458734,22.919760400210638,27.247630331753555,4.327869931542917,16.475850172498767,23.42845408247084,6.952603909972073
2401499,0.7531190019193857,2.015115163147793,3.6247035309598408,3.558550485138642,3.558550485138642,2.7871880998080614,4.685586383036829,4.6552253063436195,3.9357157529333,27.014811490125673,19.982495511669658,-7.032315978456015,14.085791925465838,16.48447204968944,2.3986801242236027
2403639,0.5418929402637703,1.6935608999224205,4.680278388496581,4.910768707304629,4.8884430745009,2.256012412723041,5.778639356471311,5.900815479708499,5.513058068457631,25.15889724310777,19.620050125313284,-5.538847117794486,13.401561628555493,11.977412158393754,-1.4241494701617388
2413667,0.40450699361077536,3.878518390606113,7.760950103250689,7.992323766073034,7.992323766073034,5.016145743394923,9.595205735022565,9.705941525245441,9.547928435785186,55.64472383880531,61.767486548808606,6.122762710003293,53.55085430616486,65.32631032094204,11.775456014777184
2430305,0.6725058163404954,3.3729300670589843,5.50809167383569,5.6349378276200754,5.6265449404131305,4.214315040372246,6.732590650322597,6.767605353778868,6.556082830753368,20.433427526595743,22.766539228723403,2.3331117021276597,17.447846153846154,35.82169230769231,18.373846153846156
2435465,0.658047646717025,5.332364904125509,7.561789341280892,7.673623397693961,7.696735177510833,6.610400929692039,9.239853036032219,9.222556323415267,8.181498819970471,31.375,30.36631016042781,-1.0086898395721917,25.33930817610063,38.48018867924528,13.14088050314465
2447159,0.7298850574712644,4.330459770114943,6.091526327876126,6.165038310924449,6.165038310924449,6.793103448275862,8.870159791848925,8.858416930737267,8.703742522173316,21.009225092250922,13.747232472324724,-7.261992619926199,11.661375661375661,8.859788359788359,-2.8015873015873023
2468045,0.8823796548592189,15.056539509536785,15.823388075560569,15.868019098303229,15.865642932777344,22.012488646684833,22.916933553437527,22.880532261459365,22.723389323992684,33.51969618949536,24.490859938208033,-9.02883625128733,19.638807947019867,20.216026490066223,0.5772185430463566
2481535,0.7127631920977385,5.255523784767351,7.128219652012581,7.259876936884048,7.267642330427108,4.031972965947491,6.240688368271451,6.214952305145626,5.0736161108225675,18.88471654003507,31.45178258328463,12.567066043249561,9.11832946635731,21.1131090487239,11.99477958236659
2497535,0.7608079376328845,7.613242887516452,9.172701753335557,9.245870870467614,9.191559707372944,8.638604839526172,10.477878838294634,10.477547366391914,10.301210621113158,31.388574126534465,38.76984576644633,7.381271639911866,20.44470580214086,42.30725438058226,21.862548578441398
2499367,0.8657323688969258,2.727396021699819,3.6027797850408074,3.6692795490913017,3.6941030543614284,2.1659132007233275,3.198367874679396,3.1840058554577406,3.069288669462622,19.332469368520265,13.968190386427898,-5.364278982092367,9.852601156069364,9.121387283236995,-0.7312138728323685
2505339,0.7840909090909091,5.295454545454546,6.703115580260753,6.751429982050399,6.751429982050399,5.814685314685315,7.47492425855682,7.411822866748461,7.042134033092863,20.572916666666668,18.09813596491228,-2.474780701754387,13.406565656565656,14.795454545454545,1.3888888888888893
2586775,0.707046332046332,2.928330115830116,4.838298156756969,4.982323041546266,4.971678869878966,2.826737451737452,5.0794128080126075,5.126605381910077,4.842701486102747,24.86469002695418,20.828032345013476,-4.036657681940703,14.025426219870665,12.612286890064668,-1.4131393298059969
2591365,0.8608108108108108,11.286036036036036,12.193506848232584,12.243022385885741,12.313524666733418,13.414414414414415,14.484713545797867,14.501735918450132,14.099940775277057,36.76579094466182,47.645612073784235,10.879821129122412,25.99073482428115,55.53897763578275,29.5482428115016
2598643,0.6892039258451472,3.659760087241003,5.6860551427962855,5.7838657314320905,5.7838657314320905,5.320610687022901,7.710485720731065,7.7572395056787435,7.627263845950755,20.75672877846791,17.34575569358178,-3.4109730848861304,10.7782874617737,11.688837920489297,0.9105504587155959
2650505,1.0,0.0,0.0,0.0,0.0,0.0,0.0,0.0,0.0,53.0,51.5,-1.5,43.0,36.0,-7.0
2661043,0.5995525727069351,8.125279642058166,10.736074016280158,10.940976170811968,10.940976170811968,5.72930648769575,8.808558088292,8.644723161625198,8.62752063871684,36.40909090909091,42.38697788697789,5.977886977886982,27.688715953307394,34.4526588845655,6.763942931258107
2668063,0.6831416333798547,2.7833389479763224,4.849158290577881,4.915265623830136,4.926425905457412,4.09427787670244,6.530769076490686,6.568696921465456,6.50393599194496,14.601559491721217,11.52887947631883,-3.072680015402387,5.351079522596218,8.01072817486925,2.659648652273032
2696215,0.6170212765957447,1.824468085106383,4.321371869129935,4.445076753563284,4.445076753563284,2.4361702127659575,5.381095730226724,5.383280609232739,3.788112620608157,14.361940298507463,11.869402985074627,-2.4925373134328357,11.394366197183098,9.084507042253522,-2.309859154929576
2696561,0.5494341234251549,5.813581037796284,8.751132325688848,7.645056703845802,7.654030927324368,9.216527866752083,12.68116667338819,12.58812473914388,9.929712308838733,24.990150429799428,21.513610315186245,-3.476540114613183,20.904609767229577,21.0260155180283,0.12140575079872207
2711471,0.7864443592691964,2.8144244282611472,4.206741689910865,4.259149209244325,4.261557042017142,4.148524338827137,5.790666362267908,5.783063758724635,5.390580517106575,15.643609873399816,10.998833015064715,-4.644776858335101,7.012480945121951,6.221655868902439,-0.7908250762195124
2738347,0.8769778481012658,7.0640822784810124,7.866148967367094,7.923155574784569,7.923155574784569,5.024638336347197,5.970620586011491,5.993271198106525,5.9815387586297515,30.011824499533244,31.525930920029044,1.5141064204958,22.046341200560406,26.936631102489493,4.890289901929087
2744485,0.573137765318382,4.870419503404085,7.653430318102098,7.802299214232799,7.780315366503856,5.412570084100921,8.69493907885917,8.747885923388608,8.707274931369493,60.88144678729164,58.684107422709786,-2.1973393645818504,62.58658340357061,72.01178070645928,9.42519730288867
2763809,0.8433292533659731,31.4124847001224,32.4339299037594,32.51434564931944,32.51434564931944,42.58139534883721,43.786119401131785,43.842931603829186,43.842931603829186,72.39133165829146,52.915201005025125,-19.47613065326634,44.138242894056845,46.18798449612403,2.0497416020671864
2786281,0.8110026619343389,5.628808044957113,6.861012707377491,6.858310806960775,6.891507452759781,6.539781129843242,7.993081403692187,7.9944489322655965,7.728351699025649,26.9536850583971,16.571888844140155,-10.381796214256944,17.07824513794663,13.001130710085935,-4.077114427860696
2843303,0.7541795665634675,4.711867905056759,6.31454171675595,6.418494946810043,6.412015297908494,6.246439628482972,8.13668267046097,8.19162855565347,7.87420738991409,24.973563802745296,24.1423487544484,-0.8312150482968974,17.875651640601042,17.665133394664213,-0.21051824593682866
2873277,0.6900452488687783,1.1830316742081448,3.203841561755613,3.221704287390586,3.2248863420811014,1.4840120663650076,3.86741772334463,3.874189541108126,3.844034530362885,15.76641074856046,12.151631477927063,-3.614779270633397,7.828289473684211,7.359429824561404,-0.4688596491228072
2876033,0.7219882055602359,6.831929233361415,8.644480842937625,8.743060272858136,8.743060272858136,9.72620050547599,11.863979910877866,11.840580334858075,10.875340542722077,30.461984536082475,23.580219072164947,-6.881765463917528,17.2975,18.90142857142857,1.6039285714285718
2895795,0.7544293149676673,2.0884285789390673,3.689474107662229,3.6999367747385574,3.718061980520793,4.396246254140161,6.284568848836036,6.233378297754919,5.524701460139447,15.425265039447732,13.58974358974359,-1.8355214497041423,9.956008999922414,11.626464427030802,1.6704554271083882
2909235,0.7672967516975592,10.96274545788218,12.479899246677961,12.54576441026187,12.542914494163893,11.457882180216554,13.247260263234761,13.144386780737149,12.79441378027302,33.73089038219236,46.56982360352793,12.838933221335573,24.436676798378926,59.591312056737586,35.15463525835866
2912283,0.7903612319162155,2.6733824443063816,4.040162897939857,4.112500396165797,4.11395840938861,2.277181148486731,3.889204271054059,3.888336453230151,3.7177158856425843,25.130611807564556,18.8266366655952,-6.303975141969357,15.94028871391076,15.715640658554044,-0.22464805535671672
2956723,0.7471916618413433,6.070642733063115,7.718875539758095,7.787620503054084,7.7261596019801555,3.7762594093804287,5.720236138563933,5.685329501255676,5.236513985218807,19.385476597729745,30.06647488726481,10.680998289535065,13.94808104422365,30.29719462302747,16.349113578803816
2984703,0.5240174672489083,6.262008733624454,9.365268822307778,9.606466337152714,9.606466337152714,7.109170305676856,10.769251195039182,10.849967685829073,9.171031498048189,30.84673366834171,24.86180904522613,-5.984924623115578,17.47826086956522,18.01086956521739,0.5326086956521721
3043245,0.45614035087719296,8.140350877192983,11.686148940859958,11.930954396370163,11.930954396370163,11.298245614035087,15.480269472651399,15.348400845790046,13.864456895958453,30.0625,23.6375,-6.425000000000001,24.844827586206897,20.43103448275862,-4.413793103448278
3052135,0.8022454707833631,9.970910946670068,11.260209808809757,11.313766858418855,11.345938041284477,10.419239601939271,11.939878540068447,11.927265284543333,11.566236168910082,30.94702934860415,50.579634931997134,19.632605583392984,22.24434673366834,64.60804020100502,42.36369346733669
3054289,0.7050062802799211,7.804773012739997,9.728041565324201,9.867650908674488,9.86828685517979,9.236138525031402,11.504500915955486,11.533972150599467,10.398411172661197,32.350223691888736,36.4778253258121,4.127601633923362,21.566401542540373,40.93034466136418,19.36394311882381
3057207,0.9572721532308988,0.2058513997053252,0.48442385232779905,0.499720972850761,0.499720972850761,0.2799410650389392,0.6084980280419698,0.6115846161156311,0.5177111981147652,15.09555651423641,8.437230371009491,-6.658326143226919,1.4144490873103146,4.121508687046404,2.7070595997360893
3071093,0.4816187828236021,4.054680259499537,7.434366763306243,7.711512327841024,7.751382660449327,4.451034908866234,8.437141658258003,8.313750282994647,7.28277869226996,46.44370483073412,43.52757702548497,-2.916127805249147,19.78501628664495,24.5378664495114,4.7528501628664515
3072123,0.4584450402144772,5.327077747989276,8.85784994422395,9.12907207422286,9.10101675793331,2.9168900804289546,7.081191966454053,7.241970944891302,6.664740980491784,16.0,41.51204819277108,25.512048192771083,11.171974522292993,36.681528662420384,25.509554140127392
3091327,0.7622622622622622,3.835335335335335,5.385312450737566,5.286391029663256,5.213065273074653,6.416416416416417,8.24450734560426,8.244611003578509,7.825112242985928,20.03311475409836,16.764918032786884,-3.268196721311476,13.59354604786077,14.214285714285714,0.620739666424944
3093309,0.8403908794788274,11.561074918566776,12.60167741849552,12.634124902141489,12.656940476815821,11.046824104234528,12.274142864044906,12.229172128152674,12.172815654487913,31.09599589322382,53.48613963039014,22.390143737166323,22.019550080342796,63.395554365291915,41.37600428494912
3093519,0.8969919786096257,4.3328877005347595,5.004468398564593,5.029194914460367,5.019563484678775,5.673529411764706,6.465612449692256,6.458648678019787,6.307016947851957,20.809375,14.478759765625,-6.330615234374999,13.519547657512117,12.658481421647819,-0.861066235864298
3160023,0.8031909522366959,4.895890134302737,6.17902474742732,6.23430463475891,6.19841025852021,8.419468847823891,9.932837480089976,9.886891815937819,9.207467725002559,18.746219156274876,14.369129742637304,-4.377089413637572,11.920531440831821,11.92828849645156,0.00775705561973794
3215061,0.6785714285714286,6.360070257611241,8.455685933488152,8.561068607020552,8.502863681217264,8.319086651053864,10.790720567494152,10.709235428036271,10.475128026114787,37.239263803680984,35.148261758691206,-2.0910020449897786,25.073675496688743,30.189569536423843,5.1158940397351
3222795,0.7469925529883521,2.115333206033989,3.76486414136663,3.8106778623070188,3.7758486487185903,2.096429253389345,4.0419370356212125,3.9396393386195947,3.692963634910196,15.456735378715244,11.25107861936721,-4.2056567593480345,5.724762394040586,6.009247367069098,0.28448497302851194
3269987,0.7407407407407407,2.3592736705577173,4.049564503775308,4.092715919364141,4.079143113947797,3.3102752558005477,5.303856521735923,5.2105406660462785,4.852604730027866,14.217021276595744,13.549944008958567,-0.6670772676371772,7.494720965309201,10.650452488687783,3.1557315233785825
3277595,0.64199066874028,5.916951788491446,8.25106279599658,8.415280652779046,8.410398242370336,8.089891135303265,10.84281381921678,10.584435896782432,10.118041523747562,26.350446428571427,22.289366883116884,-4.061079545454543,16.372811284046694,17.083171206225682,0.7103599221789878
3284893,0.8238825883922615,3.842895263509006,4.991126756806917,5.08188768535915,5.07764634164291,4.250166777851901,5.604426499913024,5.457206968458838,4.992962631918946,19.08628472222222,18.02690972222222,-1.0593749999999993,8.058731401722788,14.956538762725136,6.897807361002348
3341131,0.4817813765182186,0.582995951417004,3.961622394216305,4.262921416382713,4.262921416382713,0.680161943319838,4.665018423986498,3.0561296289979807,3.0561296289979807,19.610091743119266,17.01834862385321,-2.591743119266056,6.915137614678899,7.077981651376147,0.16284403669724767
3388619,0.8411021069692058,4.498670988654781,5.534636503541009,5.586996794402725,5.571994730081968,7.10385737439222,8.325707130685856,8.298465093294775,7.833853109261454,24.42631619877129,23.391515669958785,-1.0348005288125037,16.541490262489415,25.264559224762444,8.723068962273029
3494217,0.3166926677067083,1.8159126365054603,6.270866813824654,6.592866189295859,6.636575277751522,2.2527301092043683,7.507040795843936,7.416341859549843,6.5286272686564,37.51657458563536,36.802025782688766,-0.7145488029465952,10.623287671232877,9.0662100456621,-1.557077625570777
3496437,0.7423211708925994,3.9541743970315397,5.634161310513109,5.685725246584732,6.058586381934174,5.944094001236858,7.925522505678325,7.946309576029903,7.686980213368604,20.281808507308522,14.507214623305893,-5.774593884002629,10.822460866399709,9.213487440844558,-1.6089734255551509
3577773,0.871523178807947,12.332119205298014,13.169748664559485,13.228694196924657,13.231271232033201,20.572295805739515,21.560221886247508,21.447521082997334,21.020608008688466,37.63610417409918,10.601795695088596,-27.034308479010583,19.862405623535537,6.757289768289508,-13.10511585524603
3643747,0.7879869411243913,9.518066622399292,10.900326723595905,10.921412976082022,10.885159637833949,10.280129482071713,11.910409779545686,11.905642912634924,11.50695502571515,29.997709869033134,46.09255349602805,16.09484362699492,19.919887821209617,58.970585677638155,39.05069785642854
3670315,0.6527551353113792,3.735572220410825,5.999502208261764,6.100099921164129,6.093881035382607,4.95663514835344,7.626784167961792,7.67884210415127,7.28270732002158,26.882754342431763,26.667080231596362,-0.21567411083540122,12.75629820051414,15.082262210796916,2.3259640102827763
3675677,0.7067343331242516,4.774134686662485,6.686136864844352,6.718227086661676,6.726022676287751,2.710668871528768,4.965743352170122,4.974784960184285,4.624882289456733,20.13762977969106,33.19688528741454,13.059255507723478,13.898923201950426,33.727854530678584,19.82893132872816
3683549,0.6147391973150609,4.239546916515173,6.751329157338443,6.836372653807742,6.9147475400774585,5.87512236050902,8.837595989903567,8.851563357141169,7.692381298162105,21.790469299152367,30.903866032664876,9.11339673351251,21.970647098065378,40.75350233488993,18.782855236824552
3683705,0.7857142857142857,2.0714285714285716,3.4685056886798447,3.4685056886798447,3.4685056886798447,9.452380952380953,11.100136896674476,11.100136896674476,11.100136896674476,88.8030303030303,14.0,-74.8030303030303,59.68181818181818,12.56060606060606,-47.12121212121212
3723453,0.9201137538779731,21.809720785935884,22.330554602656758,22.36031669300155,22.36031669300155,12.717683557394002,13.331971062996706,13.29959920891202,13.202187921615796,63.97788517867604,55.79950205038079,-8.178383128295252,41.87137740149788,26.939433409312926,-14.931943992184955
3782415,0.818855287193018,1.787598944591029,2.9686068994015735,3.0189466310390722,3.015811799601111,3.0483052567485287,4.441222550838751,4.467160880021783,4.314993444532935,20.77807594257346,15.716758352341339,-5.06131759023212,8.821862644603895,10.012007614584858,1.1901449699809632
3802269,0.6938458120417685,3.054654521217507,5.050685902837263,5.155187809542645,5.15493776338787,2.7125083314818927,5.066689452515046,4.9969986371057225,4.9303708695293125,20.02123730378578,15.317174515235457,-4.704062788550324,10.692576564580559,10.935419440745672,0.24284287616511335
3808845,0.9048278591214879,4.895330431341511,5.515823592373702,5.509681607029543,5.507611042530927,5.573011476058568,6.304840293422543,6.2283116914514,6.085293169970706,21.66278801843318,18.24216589861751,-3.4206221198156683,9.250604448742747,13.597920696324952,4.347316247582205
3824293,0.7654566377236113,3.0455068521811905,4.574657619565609,4.593624368514631,4.596681335947351,4.752170729155769,6.5556984196214785,6.524709699368386,6.021137739407846,22.2186042229315,16.525656764055977,-5.692947458875523,15.94181871473584,15.683227082875357,-0.25859163186048306
3849639,0.7366693283648301,3.809156241682193,5.525991434537749,5.6529001567506825,5.651971700271577,3.860793186052702,5.885681690393769,5.906500066674072,5.774827734686934,26.886016058115082,20.91177595106098,-5.974240107054101,15.70784431738389,12.770237736984653,-2.937606580399237
3888927,0.7793694659071683,5.785610888650762,7.224054284541533,7.244322001440494,7.238262149510305,5.5804711146203445,7.277015726826231,7.22125810444166,7.058195534352342,22.225400860875475,32.59221688020742,10.366816019331942,16.596304065803636,38.07418090480002,21.477876838996387
3908785,0.666015625,6.460234375,8.637710038215852,8.657672227812391,8.659390607871897,7.408515625,9.976697741301235,9.892094753197346,9.427719367021707,30.303874092009686,28.649570768214836,-1.6543033237948492,20.297927135678393,27.63065326633166,7.332726130653267
4001341,0.8010118043844857,3.2445193929173692,4.541861381505961,4.612454522976863,4.612454522976863,4.450252951096122,5.980378201221417,5.946058115406166,5.790452157766306,19.471311475409838,14.451844262295081,-5.019467213114757,10.003164556962025,12.737341772151899,2.7341772151898738
4012089,0.8782174414137534,2.469458317326162,3.263443238104898,3.308450810445507,3.2803092695957123,2.75278524779101,3.689235610292567,3.713221435292905,3.5669933818423463,23.857264774909325,16.74525282696821,-7.112011947941117,10.180427782888685,10.824402023919044,0.6439742410303584
4024501,0.6002019182231196,7.360928823826351,9.967489664493039,10.034699945722524,10.034699945722524,7.181726400807673,10.255984841044354,10.255944069996477,9.852253567743178,33.9333596214511,39.60291798107256,5.669558359621455,22.369525547445257,31.37089416058394,9.001368613138684
4072033,0.7145124316698995,6.216363956974079,8.077655318851312,8.17895864262341,8.236101560770297,7.5175454064538885,9.712809982563746,9.687106778352023,9.25456236835879,28.971509351892127,20.043714658547195,-8.927794693344932,19.66319689484827,19.407374735356388,-0.25582215949188125
4076275,0.8597056762438683,8.733707077785564,9.648383028318586,9.703739247159717,9.707949650187926,7.518570427470217,8.597367521762646,8.540030882090825,8.319098410232735,38.94765694076039,30.409018567639258,-8.538638373121131,18.876646456199037,32.12680326155133,13.250156805352294
4148567,0.6279642747151216,4.296273483215276,6.72183227666087,6.798291572185751,6.727388607765657,4.895903911302741,7.7566829411653915,7.6744717552182955,7.570271194527934,58.276998597475455,53.0411407199626,-5.235857877512856,32.30431392931393,31.93477130977131,-0.36954261954261725
4164787,0.571656050955414,4.888535031847134,7.681206169622238,7.918042034763019,7.909710320610151,5.149681528662421,8.443444207117523,6.2901575711834905,6.260770840966791,14.92980993664555,17.65088362787596,2.7210736912304103,7.729614466052542,15.030876833845104,7.301262367792562
4232411,0.8349514563106796,2.368360936607653,3.44442680685297,3.5048592215555896,3.509550093908941,5.139920045688179,6.4090654008398245,6.417909429648635,5.921669204277921,22.410801393728224,16.918815331010453,-5.491986062717771,15.09054805401112,13.233121525019858,-1.8574265289912617
4233925,0.8043296381510144,3.170466429617235,4.446177159913542,4.546058397465728,4.543322402648744,3.6327128215854425,5.137325496926185,5.121658195834929,4.413179432085493,16.284007663698862,18.181562042150343,1.8975543784514812,9.448067315277413,8.003023928477518,-1.4450433867998953
4436277,0.8319065090365538,8.053539883136295,9.149457875461229,9.164086763831868,9.145393917160327,6.979616795760293,8.272176357443279,8.285670233098578,8.070417791945228,22.685510610079575,34.820540450928384,12.135029840848809,15.487669661632575,40.73389409290767,25.246224431275095
4446433,0.7865030674846626,11.011042944785276,12.402977446881023,12.487370288239113,12.487370288239113,16.53803680981595,18.179727394805326,18.1915346833426,17.974529606016418,27.110130468150423,26.265541059094396,-0.8445894090560273,18.262577228596648,24.967784642541925,6.705207413945278
4577171,0.9183173825951481,7.559091920765636,8.091637527148679,8.135246734015801,8.135246734015801,6.784998887157801,7.413099639571195,7.386702999949432,7.253210196984187,19.118074792243767,21.448176361957525,2.330101569713758,13.171829971181555,14.309257925072046,1.1374279538904908
4617051,0.8709990300678953,12.26908687820424,13.110133626449269,13.112586792853614,13.115174897393828,17.884300956075933,18.876257492860457,18.87957852081124,18.784751311601976,23.883678050344717,11.713403880070548,-12.170274170274169,11.711083333333333,9.293583333333334,-2.4174999999999986
4653631,0.5898936170212766,1.5297872340425531,4.203555036101108,4.357258355009543,4.356659707274096,3.6638297872340426,6.817354195514946,6.72718957618921,6.719009227529598,50.976338729763384,46.760585305105856,-4.215753424657528,12.071840923669019,26.38935214881334,14.317511225144322
4657433,0.8076286221170905,3.5160851567120046,4.770287523632121,4.859563541656989,4.86066811590103,3.3797752808988766,4.859020327518543,4.80351459281401,4.2232758349023305,19.204966521484756,14.773808749918741,-4.431157771566015,7.519044294469009,7.477581258242185,-0.04146303622682446
4705375,0.4876543209876543,9.567901234567902,12.908237881164569,12.980248398970742,12.980248398970742,21.833333333333332,25.773029644586575,25.836418109575888,25.17189102093077,35.809734513274336,33.9646017699115,-1.8451327433628322,24.557471264367816,33.08620689655172,8.528735632183906
4715721,0.5845054945054945,2.7894505494505495,5.498347257310583,5.635289445509966,5.632432981137011,5.1922527472527475,8.387209273085473,8.427860607346007,8.010429101458312,30.87755787901419,30.51717699775952,-0.36038088125467027,22.36256006989952,29.348361730013107,6.985801660113587
4717785,0.7822510822510822,2.3126623376623376,3.7323184790308037,3.6942166919032404,3.595740523183128,2.553030303030303,4.227416646423521,4.232951387551309,3.6312708078926126,35.22149122807018,30.5953216374269,-4.626169590643279,27.582185734463277,30.558615819209038,2.976430084745761
4757927,0.4525260625501203,1.352766639935846,4.922128754681695,5.164218063665448,5.249307268781409,1.916840417000802,6.12665644596863,6.258986781484068,5.416036948233882,33.69879385964912,21.853563596491227,-11.845230263157895,43.53600082287595,29.32781320715902,-14.208187615716927
4771071,0.8158089140605762,6.915291800049249,8.116161173098197,8.192041219176373,8.192041219176373,7.273331691701551,8.689674156500187,8.589932092446878,8.415729543300522,30.402891355140188,36.80476051401869,6.401869158878501,19.086356340288926,33.680096308186194,14.593739967897267
4793045,0.68213866039953,1.5675675675675675,3.6399259863026137,3.760397008132587,3.99085844162326,1.6703877790834312,4.1145913674263905,4.08737169519724,4.03315645848723,24.370149253731345,16.34216417910448,-8.027985074626866,8.2073732718894,8.334485407066053,0.12711213517665243
4889903,0.37813211845102507,0.8314350797266514,4.88582288696611,5.146986182502406,5.146986182502406,1.0432801822323463,5.825150508040888,6.007653289874494,5.797461187641152,12.585443037974683,6.305379746835443,-6.28006329113924,16.204545454545453,15.742424242424242,-0.46212121212121104
4924277,0.868421052631579,6.565789473684211,7.423643843926221,7.454244525864996,7.454244525864996,8.447368421052632,9.4591483868469,9.4591483868469,9.054436400529193,20.734375,21.59375,0.859375,12.166666666666666,18.149122807017545,5.9824561403508785
4966261,0.45125670417499214,8.549269113471448,12.12690705540155,12.410685567014012,12.41449577241845,7.718056577978757,11.937633373384179,12.097803334569996,11.980547942593418,23.181502165488943,40.13158194666059,16.950079781171645,14.734066069016333,44.294301854353435,29.560235785337102
4984757,0.8557332425995237,12.360666893501191,13.301241892707674,13.35208337957635,13.356849886160235,11.169445389588295,12.278788622584365,12.22413730485226,12.043607391935447,31.48041389504804,54.295639320029565,22.815225424981524,20.245870149827123,63.505762581636574,43.25989243180945
5082825,0.8743602865916069,4.551177072671443,5.370309459568855,5.43175356171153,5.429075815300066,5.384083930399181,6.350193991903248,6.377464252990497,6.290888198599093,18.738344291691572,15.274208009563658,-3.464136282127914,10.200887198986058,10.732097591888467,0.531210392902409
5121169,0.8402771187244946,11.728480592198919,12.769824777345686,12.800811550885248,12.79967412439347,12.624940685204518,13.853134211491064,13.73183133391736,13.570553396122156,31.86949288664525,42.42215465810005,10.552661771454797,23.2316757493188,51.44400544959128,28.21232970027248
5173911,0.7081707724891316,9.44175677182031,11.344393806022877,11.394582000993205,11.363669864791662,6.196968008025861,8.440996948324091,8.364960754344406,8.03152788277221,22.488738308837565,17.194789081885855,-5.29394922695171,15.281603987313094,14.580652469415496,-0.7009515178975985
5204661,0.8,2.662962962962963,3.9669016057308184,4.072417290490078,4.072417290490078,3.5796296296296295,5.117535177636918,5.159371564529868,4.547057318564003,19.84468085106383,18.378723404255318,-1.4659574468085133,16.911184210526315,11.625,-5.286184210526315
5209607,0.9660194174757282,6.787378640776699,7.0089216140625,7.023598057633135,7.023598057633135,10.540776699029125,10.802071330972112,10.812439960662793,10.812439960662793,28.20159151193634,2.4588859416445623,-25.742705570291776,13.302452316076295,1.3814713896457766,-11.920980926430518
5238483,0.9543039319872476,7.719447396386823,8.017371740908702,8.042704292694363,8.042704292694363,7.6960680127523915,8.047449195347042,8.06010802674002,7.962048161829886,36.01340033500838,32.10050251256281,-3.912897822445565,18.23440285204991,16.23083778966132,-2.003565062388592
5246961,0.9203939269593763,4.189577349199836,4.708584523383184,4.749142669736178,4.749142669736178,5.328682806729586,5.9408159136508285,5.757548276332608,5.69128644517103,13.58547387068202,11.45349867139061,-2.131975199291409,5.296640944167045,5.003404448479347,-0.2932364956876983
5271809,0.7626598465473146,6.863427109974425,8.410812097811469,8.543312453128452,8.535283322967837,8.971867007672634,10.796900701471566,9.784030362127718,9.715198272383146,18.316358463726885,9.459032716927453,-8.857325746799432,8.263893153208475,5.87104697574455,-2.392846177463925
5364183,0.8702873446097412,6.433258610148767,7.27894532924571,7.323644338409489,7.310582207376676,7.859537395557367,8.85696645741455,8.82753255465751,8.463976321584665,25.461618377005657,33.0618146138751,7.600196236869444,16.043569242301206,37.358392154413146,21.31482291211194
5396039,0.5861163227016886,2.130581613508443,4.828976215709089,5.003959568853903,4.9764727280163745,3.476172607879925,6.658742625613582,6.740439586598111,6.036407778504717,20.14418052256532,16.721140142517815,-3.4230403800475067,12.72281690140845,11.765070422535212,-0.9577464788732382
5421327,0.8134328358208955,11.462686567164178,12.679047241387925,12.71375846269161,12.479475634870669,10.291044776119403,11.72565816045456,11.73178886572517,11.38748165348473,30.635514018691588,41.018691588785046,10.383177570093459,21.933333333333334,49.81111111111111,27.877777777777776
5463461,0.6358819076457229,5.621498864496593,7.995437120254876,8.127028795671045,8.134098572532029,5.218773656320969,8.018669828128335,7.9062541174233205,7.51624778995743,29.174929840972872,25.417680074836294,-3.757249766136578,23.61028315946349,27.150521609538004,3.540238450074515
5493923,0.8348623853211009,13.226299694189603,14.302946279961224,14.333287151563948,14.333287151563948,14.957186544342507,16.227016813339354,16.2722377953354,16.2722377953354,31.97833333333333,33.211666666666666,1.2333333333333343,12.508650519031141,25.557093425605537,13.048442906574396
5538251,0.7160421808391294,9.887682297509535,11.739000164109264,11.866616639019952,11.817666249991387,9.923580884002693,12.107082411440459,12.140926395759454,11.623345439508403,35.1005739197616,49.14472159373103,14.044147673969427,29.819181473929508,72.18904748033789,42.36986600640839
5545165,0.8678756476683938,13.287564766839377,14.148975010118662,14.225793820477918,14.225793820477918,5.432642487046632,6.448616359434867,5.7159252308983675,5.636241005613016,19.654947916666668,43.34375,23.688802083333332,10.014824797843666,32.668463611859835,22.65363881401617
5562129,0.7915742793791575,7.576496674057649,8.935368430378917,9.000595750649547,8.954189395988784,7.827050997782705,9.42974635823376,9.4889464058025,9.25024709679915,27.988269794721408,21.765395894428153,-6.222873900293255,23.99145299145299,17.373931623931625,-6.617521367521366
5585153,1.0,10.923076923076923,10.923076923076923,10.923076923076923,10.923076923076923,15.846153846153847,15.846153846153847,15.846153846153847,15.846153846153847,29.554054054054053,33.58108108108108,4.027027027027028,21.016666666666666,31.2,10.183333333333334
5647591,0.7975620374401393,4.109272964736613,5.429106375461586,5.544022127487655,5.544022127487655,6.108402263822377,7.6650545925628855,7.599698421039421,7.475835762623511,27.8975988700565,22.291195856873824,-5.606403013182675,22.28258362168397,24.238177623990772,1.9555940023068032
5654881,0.6872419488026424,9.144508670520231,11.18359521448524,11.042189812786244,11.007147595190395,7.340008257638315,9.744969968240135,9.765427809348056,9.174902557635928,28.041785918717803,45.54021179164282,17.498425872925015,19.636871508379887,51.18994413407821,31.553072625698324
5669173,0.7656882591093117,6.298076923076923,7.8257175900848095,7.859976772958642,7.871792531098015,7.174089068825911,8.97583570022109,8.528142573278927,8.065058665857704,17.704930662557782,17.390215716486903,-0.3147149460708789,10.580074487895716,14.783985102420857,4.203910614525141
5720917,0.8387096774193549,4.418453415749147,5.470016837336127,5.5045323680471965,5.519666528731119,6.521215633249629,7.761462042932927,7.770938408769482,7.340689255070964,23.524648707398494,21.790815930440182,-1.7338327769583124,15.927623753316864,21.08417970537103,5.156555952054168
5731611,0.8077062010836845,5.760024081878386,7.013720657736463,7.074999834253196,7.039759110588436,10.39855508729681,11.877203588300807,11.836821747585645,11.197030818221988,28.463978251019483,21.5595831445401,-6.9043951064793845,16.729551993423758,15.091553637484587,-1.637998355939171
5753683,1.0,2.774193548387097,2.774193548387097,2.774193548387097,2.774193548387097,3.7096774193548385,3.7096774193548385,3.7096774193548385,3.7096774193548385,10.03225806451613,6.241935483870968,-3.790322580645162,4.380952380952381,2.9047619047619047,-1.4761904761904767
5754453,1.0,15.91025641025641,15.91025641025641,15.91025641025641,15.91025641025641,25.371794871794872,25.371794871794872,25.371794871794872,25.371794871794872,26.826923076923077,8.134615384615385,-18.692307692307693,12.73076923076923,5.365384615384615,-7.365384615384615
5879589,0.8026315789473685,2.6710526315789473,3.9578341869419624,4.057286403242983,4.180170287892459,1.894736842105263,3.412406790796667,3.354849004675026,2.545425032039611,22.364583333333332,19.364583333333332,-3.0,10.310344827586206,5.482758620689655,-4.827586206896552
5898041,0.7792494481236203,9.015452538631347,10.454678413651054,10.550938836968395,10.467198672425333,6.878587196467991,8.576054688749768,8.474899810613621,8.296665723924034,29.909740840035745,36.63270777479893,6.7229669347631855,15.530405405405405,11.055405405405406,-4.475
5900515,0.850328947368421,8.582236842105264,9.55804618825555,9.602686226523469,9.600303395372432,8.854440789473685,10.005340500564666,9.961665470282895,9.53165898482033,24.778297474275025,36.875584658559404,12.09728718428438,29.45257826887661,76.8121546961326,47.35957642725599
5909915,0.6902595214020897,3.101112234580384,5.12052513094651,5.185785736823033,5.115245575205224,4.549376474553421,6.931134476944218,6.616133935768446,6.20923947834151,26.528089887640448,23.62057044079516,-2.9075194468452885,8.912694552529183,11.763618677042802,2.850924124513618
5956121,0.6966692092550216,10.416221713704552,12.39384541167309,12.532714324705605,12.577831113272563,10.680142384947876,13.012612914788578,13.052911935673158,12.697078208572565,38.86529826812059,52.046023091725466,13.180724823604876,25.782828282828284,56.98571926158133,31.202890978753047
5978505,0.9230769230769231,2.6263736263736264,3.1278884889766476,3.1252972377979247,3.1252972377979247,3.5078492935635794,4.099351427412536,3.901523296725935,3.817022991890369,16.883549783549782,9.999134199134199,-6.884415584415583,4.651881720430108,5.348566308243727,0.6966845878136194
6058677,0.7273980154355016,2.5294928335170894,4.306774142361369,4.357816046096898,4.350938359665171,2.941289966923925,5.037470489221622,5.045678841165388,4.524283079299631,19.292700313658397,17.14570858283433,-2.146991730824066,9.981294964028777,17.553597122302158,7.572302158273381
6187219,0.8372135994087213,13.739652623798966,14.800970015039246,14.78596398603931,14.783822431952347,16.756836659275685,18.008587202323007,18.008481457285164,17.59217849574956,35.56684617185671,37.60664949660501,2.0398033247482985,23.156606397774688,43.21974965229485,20.063143254520163
6251069,0.7107758620689655,6.301293103448276,8.186945752795756,8.234819708728871,8.224002646819239,7.354310344827586,9.578307376536403,9.588559646779785,8.86932364695741,18.92142857142857,14.763636363636364,-4.157792207792207,17.943617021276594,18.213829787234044,0.27021276595744936
6289175,0.835270038293939,7.619833619437475,8.693822432888485,8.710524844047574,8.739530189874026,10.365542057308861,11.632237667462759,11.62928403183113,11.499822155843457,20.305222317433113,21.292773493287633,0.9875511758545201,11.407009770506702,18.004203590093162,6.59719381958646
6342465,0.6738469336036492,3.1469842878864673,5.273402221543626,5.437106572512723,5.437106572512723,1.5245818550430816,4.032544906595769,4.0465433616701505,3.8731100193327843,10.13241698421339,11.824850299401197,1.692433315187806,3.328074314361545,5.592008257151283,2.263933942789738
6420621,0.7929168545561761,2.693329633355302,4.0434482114058925,4.112950759443683,4.102320270094083,3.9772798224010546,5.569651413785341,5.496580269109981,5.146631939479129,21.58033177527266,17.3443084960132,-4.236023279259463,15.115161174232687,14.740141895018251,-0.37501927921443645
6517523,0.9215495845473184,8.851300312938383,9.362772954188102,9.377974143090116,9.377974143090116,11.651127657278515,12.254374303119294,12.1904269488638,11.971366268668525,35.08336759868421,49.62160773026316,14.538240131578945,25.624969638085986,60.218605780908426,34.59363614282244
6533753,0.8477508650519031,8.893771626297578,9.886389278231585,9.922426582304078,10.074309362915818,14.270934256055364,15.441658202635306,15.235873742862067,15.219909325408704,25.816700610997962,18.779429735234217,-7.037270875763745,16.242495711835335,13.83983704974271,-2.402658662092625
6546447,0.8020242914979757,11.222267206477733,12.513008089703403,12.607870203713608,12.618757680619455,17.87004048582996,19.392380188209643,19.39692992257632,19.25061097367684,32.80638766519824,22.697577092511015,-10.108810572687222,19.3009828009828,21.134889434889434,1.8339066339066328
6707923,1.0,0.7058823529411765,0.7058823529411765,0.7058823529411765,0.7058823529411765,1.0756302521008403,1.0756302521008403,1.0756302521008403,1.0756302521008403,3.9038461538461537,2.5961538461538463,-1.3076923076923075,0.8269230769230769,1.6346153846153846,0.8076923076923077
6761451,0.6507352941176471,11.797794117647058,14.074892850421806,14.208273000320055,14.218534439462385,13.87234477124183,16.558025415739856,16.0700028398044,15.942786388222915,30.548690476190476,31.437738095238096,0.88904761904762,16.744703112738687,22.981428197750457,6.23672508501177
6902469,0.8433382137628112,6.446350135954821,7.46773692055336,7.542899156920851,7.522140684503803,7.574147667851914,8.778802818926437,8.757536383665109,8.517892034519443,20.43632236095346,13.08149829738933,-7.354824063564131,11.59107303877367,10.308235647730688,-1.2828373910429818
7001585,0.8089368258859785,1.1171032357473036,2.362776515433082,2.4514954755267184,2.4514954755267184,1.3582434514637904,2.8274290289129724,2.636044598510511,2.588651515366989,32.11064543168483,20.968147527242248,-11.142497904442582,17.012184115523464,14.603339350180505,-2.408844765342959
7142187,0.5714285714285714,1.1428571428571428,3.9370113773596898,4.186188358861149,4.186188358861149,0.42857142857142855,3.7240833171584766,3.9001221399288113,3.9001221399288113,52.6,6.0,-46.6,48.1,1.6,-46.5
7207677,0.7749615975422427,3.541858678955453,5.009040024312525,5.095714587099104,5.095714587099104,4.556835637480798,6.28727467575321,6.153980860195563,5.9029786106168,21.058241252302025,17.579189686924494,-3.4790515653775316,11.796849087893865,10.179380873410723,-1.6174682144831412
7276707,0.5078616352201258,4.1069182389937104,7.3155093961190145,7.554108109537865,7.568792347326167,5.477987421383648,9.262299029294665,7.997353587847696,7.840177706368964,20.01716738197425,25.166309012875537,5.149141630901287,15.577777777777778,24.07777777777778,8.500000000000002
7410899,0.7837194960796405,4.7972865826799405,6.207369116375246,6.257418922412179,6.2570223202651825,8.353008545502599,10.016103480027263,9.956989240446541,9.869600545312657,24.139012684264657,10.198263055650783,-13.940749628613874,11.334315735520246,7.3467452588416196,-3.987570476678626
7420739,0.8333333333333334,30.666666666666668,31.753282202306547,31.843724217814483,31.843724217814483,53.422222222222224,54.70381017889497,54.52604933436552,54.01341415169642,53.42528735632184,57.5,4.074712643678161,47.62162162162162,63.38513513513514,15.763513513513516
7566023,0.8634196503692624,10.517808731420024,11.40827071005134,11.442620819226939,11.443840886699457,15.415724034776105,16.46596242200554,16.465054941776312,16.35291449796537,46.56420159554261,21.369823983791314,-25.1943776117513,30.498455961331903,14.30437701396348,-16.194078947368425
7962873,0.5087535680304472,1.2179828734538534,4.4207589022885045,4.427120699627822,2.3212502196806972,0.917697431018078,4.695150496841881,4.685954742736408,4.68156490768025,7.241805635422657,6.603603603603603,-0.6382020318190538,3.223059686290487,2.7895701772255044,-0.4334895090649824
8167881,0.7826475849731663,5.166964818127608,6.584035883389634,6.5444640757720105,6.509136903451214,5.010733452593918,6.682070877306669,6.473808404855852,6.049669277871135,14.771739130434783,18.171142369991475,3.399403239556692,7.559427504667082,16.77380211574362,9.21437461107654
8228137,0.6916191728773929,6.751717083150665,8.762265469020068,8.877839103526062,8.876309857146403,7.485642262165717,9.856945186820388,9.806599428697897,9.68158701293302,37.236530936922215,44.48075848131745,7.244227544395237,31.166775229144374,51.17442888382264,20.00765365467827
8236437,0.8157894736842105,5.342105263157895,6.543101381496709,6.589002404404873,6.589002404404873,7.052631578947368,8.469123531059346,8.490742333855701,8.288386340696848,22.113636363636363,18.795454545454547,-3.3181818181818166,24.363636363636363,32.36363636363637,8.000000000000004
8349245,0.8096037609133647,6.069845533915379,7.311170601829036,7.398426332647888,7.398426332647888,6.138907544213119,7.602964706268412,7.608237482865535,7.42146475848811,25.568945057553105,24.386080455678176,-1.182864601874929,15.13623297087864,20.314210723659542,5.177977752780903
8531583,0.5472972972972973,4.0675675675675675,7.019050306265077,7.270472125437722,7.235118635653931,2.4425675675675675,5.923637557989472,5.977757601476298,3.665703652613989,10.565134099616857,12.758620689655173,2.193486590038315,19.325396825396826,29.285714285714285,9.960317460317459
8534675,0.7819170358437374,4.395489327426501,5.8173233488900395,5.908674916615396,5.908674916615396,5.3824003221908985,7.059355324699854,6.8289347696258655,6.739125545114767,11.936432856483618,10.872058144900784,-1.0643747115828344,5.659312320916905,4.933524355300859,-0.7257879656160462
8538267,1.0,0.0,0.0,0.0,0.0,3.3333333333333335,3.3333333333333335,3.3333333333333335,3.3333333333333335,4.0,14.0,10.0,3.0,13.0,10.0
8559845,0.6613980409617097,8.582813891362422,10.790394785897046,10.237721074088538,10.234809054671798,12.426758682101514,15.03044783895713,14.267303052897482,13.759746290893741,21.322558373085613,9.581345719307055,-11.741212653778557,13.15503746877602,6.451790174854288,-6.7032472939217325
8565859,0.7278899410398427,4.8166875111666965,6.590761615986639,6.661433053254517,6.666569378288912,6.486689297838128,8.57908714455521,8.55914166923453,8.239030902139927,23.40109208240258,28.79920575825267,5.398113675850087,13.657098416289593,29.910492081447963,16.25339366515837
8637337,0.6027980535279805,4.7128953771289535,7.302530212066331,7.4015998698583125,7.382503824281666,7.804136253041363,10.858431638834427,10.827202200495385,10.219149520322185,32.51305130513051,21.06750675067507,-11.445544554455441,24.186004784688997,17.73444976076555,-6.451555023923447
8694477,0.6284667713239142,5.694139194139194,8.116421863854466,8.272188026742342,8.466691533461905,7.581763474620617,10.438678542870685,10.420135012935077,10.123377990000652,42.23696161734544,33.166642250219745,-9.070319367125698,27.661936892240522,25.836177813058146,-1.825759079182376
8736743,0.7787234042553192,2.73926499032882,4.181920509986873,4.225492836395166,4.1809624833057955,2.141972920696325,3.843485441895879,3.633688067771308,3.5414732283356676,23.08295711060948,22.79683972911964,-0.28611738148984145,17.247823174815807,17.025117213663766,-0.222705961152041
8749571,0.7343994982753215,8.727814361868925,10.459448150555618,10.593244727974156,10.587502141675005,13.759015365318282,15.801357791097795,15.839924511955378,15.457738827792388,27.807202693823918,9.641631077529567,-18.16557161629435,15.237332948754927,5.954812037304105,-9.282520911450822
8752945,0.7095057034220532,6.201520912547529,8.095454606605783,8.182905222834414,8.170968379135552,9.884410646387833,12.118174598246329,12.174415938495752,11.84695316021283,23.126737967914437,21.359358288770053,-1.7673796791443834,15.368125,18.679375,3.311250000000001
8771815,0.6593406593406593,4.43956043956044,6.660554831088105,6.8474375672142,6.8474375672142,3.681318681318681,6.300828131221206,5.938382016691371,5.938382016691371,27.224188790560472,30.79646017699115,3.5722713864306783,30.363013698630137,44.28538812785388,13.92237442922374
8773451,0.6901579586877278,6.7964763061968405,8.81655136030257,8.939377641662409,8.901231956452197,7.409477521263669,9.792016492963905,9.832919005598479,9.688098009279445,34.66915052160954,33.41393442622951,-1.2552160953800282,28.43646408839779,39.504972375690606,11.068508287292815
8783205,0.8425211263308826,5.214222520516184,6.240936464499781,6.275292289319803,6.29189040382484,8.027182037279966,9.23812020482834,9.236928244439282,8.99201940156433,24.702089634313996,17.777518100998993,-6.924571533315003,12.134810092676917,10.356618631810147,-1.7781914608667702
8799581,0.9689922480620154,0.031007751937984496,0.23316878182447368,0.25119709056359735,0.25119709056359735,4.457364341085271,4.695799309768573,4.70853596878038,4.70853596878038,4.511627906976744,13.2015503875969,8.689922480620154,3.0,12.43089430894309,9.43089430894309
8815273,0.967741935483871,2.338709677419355,2.5490223617367507,2.5677776184089036,2.5677776184089036,3.838709677419355,4.086758959356015,4.100009193327975,4.100009193327975,12.071428571428571,8.089285714285714,-3.9821428571428577,4.6,6.5,1.9000000000000004
8819339,0.7091974752028855,4.279531109107304,6.175474356594379,6.283590809893251,6.462897499176395,5.922452660054103,8.158586741354151,8.133140148573847,6.980404362477311,16.490379511677283,21.32331475583864,4.832935244161359,8.90387887036407,10.803929908132018,1.9000510377679483
8820539,0.2085889570552147,0.4946319018404908,5.654389107885071,6.107391841125966,6.107391841125966,0.9670245398773006,7.052601708372402,7.371379576599665,7.347792068194646,130.13817891373802,130.01517571884983,-0.12300319488818445,131.95405629139074,175.92880794701986,43.97475165562912
8834669,0.4635647246325483,1.5605188595714539,5.057912284048633,5.286701197189182,5.276623479078038,1.758500088542589,5.8834340192146986,5.924229244115297,4.110783420174527,14.204911642411643,19.494620582120582,5.289708939708939,10.09946119120431,14.334789573321684,4.235328382117373
9045655,0.7657593967244021,8.971367974549311,10.498544846130844,10.586152148990823,10.547162861998418,10.488511841640156,12.289711458370737,12.31673368208486,11.994637875370714,41.90531948160245,41.63967548035162,-0.265644001250827,35.25739988392339,41.6063648674792,6.34896498355581
9074417,0.9269005847953217,5.307017543859649,5.78360330510521,5.8261042522423985,5.8261042522423985,3.210526315789474,3.77262629678629,3.75425132610879,3.5518953329499365,25.37202380952381,28.476190476190474,3.1041666666666643,17.383540372670808,19.240683229813666,1.8571428571428577
9098949,0.9819277108433735,0.4819277108433735,0.5997534918163725,0.6102609548917352,0.6102609548917352,0.7530120481927711,0.8919794169886104,0.8919794169886104,0.7530120481927711,13.771084337349398,7.259036144578313,-6.512048192771085,1.2171052631578947,3.8552631578947367,2.638157894736842
9126985,0.8604353393085787,5.725565514297909,6.635484285499549,6.710433254914243,6.710433254914243,7.620358514724712,8.69354484464017,8.716502537043782,8.483486544921464,24.951225150254277,33.5748959778086,8.623670827554324,18.262524766487406,35.58859326351543,17.32606849702802
9200625,0.8888726528822971,15.920435449696793,16.64495166057204,16.69841585092061,16.696886716270797,15.113684518155914,15.968201336494149,15.975979243937577,15.829346180435747,43.678479324144064,72.9457092040907,29.26722987994664,33.00206249355471,96.65169640094875,63.64963390739404
9218311,0.8887660851030236,6.112970711297071,6.838181711399664,6.868080227495653,6.871766647024098,5.588063472013895,6.443399746247048,6.427521137830572,6.406881369680163,19.99048898441698,29.17710908113917,9.18662009672219,11.576160053799596,28.83277292086976,17.256612867070167
9222767,0.7999620060790273,19.371580547112462,20.675766898589053,20.67725028994062,20.673274365557642,19.920022796352583,21.458220499669146,21.491758655330315,21.024310160495272,42.03296948095344,73.09389619068835,31.060926709734915,34.881388888888885,99.99472222222222,65.11333333333334
9224579,0.8317906160229812,7.732737525268646,8.8294111044877,8.871928172802008,8.837970166017449,10.538780721353335,11.832231445579064,11.82049831732758,11.601241648072362,29.036871174802208,30.055978504254366,1.019107329452158,17.893406413612567,31.159604057591622,13.266197643979055
9224949,0.7359249329758714,5.1182305630026805,6.839918985424045,6.900300114623397,6.885668993882032,8.783646112600536,10.814258665934556,10.744691271931213,9.891215538854782,19.816577896138483,13.800599201065246,-6.015978695073237,13.53118415507796,13.066793088916983,-0.464391066160978
9267561,0.84375,18.34375,19.362452064662385,19.45329783916813,19.45329783916813,17.90625,19.107738709380694,18.744486076180543,18.26389059242826,36.857142857142854,44.17857142857143,7.3214285714285765,26.68,48.82,22.14
9348897,0.5195652173913043,4.408695652173913,7.540983044040174,7.805146757037735,7.805146757037735,3.740217391304348,7.434533979452293,7.073930567161988,7.032139655531355,40.83292079207921,49.71720297029703,8.884282178217823,29.34474885844749,47.93150684931507,18.586757990867582
9382705,0.8842105263157894,6.5,7.254911845812969,7.242868650657803,7.16025312716305,11.294736842105262,12.18510321200422,12.206722014800576,12.004366021641724,8.75625,13.184375,4.428125,8.155844155844155,21.90909090909091,13.753246753246755
43901031,0.8933200398803589,3.1442339647723494,3.8397545768170187,3.882521631579353,3.882521631579353,4.0269192422731805,4.847237754919142,4.707929495912691,4.520525474332099,13.348498122653316,9.209386733416771,-4.139111389236545,6.565744400527009,4.703030303030303,-1.8627140974967062
44553161,0.6914690651403652,10.736985554647044,12.748512596910892,12.91428878724803,12.912402577626343,13.59852820932134,15.970985391583879,15.927981816836613,15.179777564126608,40.41736778846154,58.34705528846154,17.9296875,35.14368932038835,74.79436893203884,39.65067961165049
44643107,0.8602870813397129,7.126315789473685,8.037201157148836,8.115093802083903,8.115093802083903,10.803827751196172,11.878154114875905,11.930825379870665,11.88667498136328,29.474114441416894,24.73841961852861,-4.735694822888284,18.20967741935484,18.06451612903226,-0.14516129032258007
44709005,0.5173867228661749,4.349841938883035,7.496332446721168,7.760388278540593,7.760388278540593,4.256059009483667,7.967127191714112,7.80791534919903,5.012460059090944,23.855921855921856,55.78083028083028,31.924908424908423,24.51311475409836,46.636065573770495,22.122950819672134
45184669,0.8237704918032787,3.012295081967213,4.16125741063561,4.255379590123525,4.233935670090734,2.7151639344262297,4.070285626317898,3.6493988160598705,3.6493988160598705,42.616966580976865,37.32390745501285,-5.293059125964014,31.887566137566136,35.652116402116405,3.7645502645502695
45283241,0.7671077504725898,9.077882797731569,10.59626881653119,10.702907823548788,10.679169525682621,10.396219281663516,12.187050694844027,12.207605460615074,12.027359441755996,26.74408436213992,35.069701646090536,8.325617283950617,19.670063246661982,45.993323963457485,26.323260716795502
45410765,0.8614048663055627,3.8226291806379504,4.72622693325672,4.799372572913122,4.7971232751364905,5.702347175651277,6.768078300828712,6.797482712915224,6.702942048584967,18.03554997908825,16.548567544960267,-1.486982434127981,9.121851946069702,6.960442635461715,-2.1614093106079872
46117859,0.8187030446816924,6.0587188612099645,7.240719390488457,7.285675624819213,7.282366307127717,10.369414788453934,11.763502755558209,11.691330105561944,11.248931415891995,24.98273006860658,11.06186420629288,-13.920865862313699,13.911120021384656,6.128642074311681,-7.782477947072975
46359515,0.5365733922434953,6.029455081001473,9.050854390704112,9.240639516221608,9.119084748646738,3.4531173294059894,7.01664908522062,5.935737037091635,5.588443688008005,41.242607121303564,36.15962582981292,-5.082981291490647,31.061340941512125,29.924393723252496,-1.1369472182596283
46367143,0.7780821917808219,3.469406392694064,4.916242420970725,5.018188802443468,5.018188802443468,4.802739726027397,6.509182868336855,6.574453883902843,6.448050688176216,19.26706827309237,16.244310575635875,-3.0227576974564947,7.60655737704918,8.075409836065575,0.4688524590163947
46788081,0.8262257931602802,3.8525957972805935,4.985550314353818,5.046880602948715,5.038141159031259,3.9974248042851257,5.333666388281982,5.043270299136686,4.952973001818582,16.68293855957677,15.856138030539858,-0.8268005290369107,10.935177364864865,11.6772240990991,0.7420467342342345
47019621,0.9440353460972017,0.6332842415316642,0.9981566157966015,1.0238449644049994,1.037599272554278,4.836524300441826,5.266866059088931,5.283804502517005,5.261154936272421,11.376681614349776,16.480568011958148,5.103886397608372,7.2178517397882,14.267019667170953,7.0491679273827526
48368483,0.6878142207325832,2.921235336365813,4.956590842912717,5.098568629834784,5.098568629834784,2.085228632990184,4.48578984271188,4.511039952783282,4.402425603570414,30.102650727650726,26.052884615384617,-4.049766112266109,17.698638075920023,18.353230947551435,0.6545928716314116
48471247,0.4953271028037383,1.2216288384512684,4.511941301510342,4.61540464095888,4.621273744739863,1.605378600038146,5.486074842673362,5.449446686527417,4.474139429780472,9.43540592783505,7.837467783505154,-1.5979381443298966,5.43640897755611,4.907481296758105,-0.528927680798005
48706265,0.7959183673469388,9.844202342591172,11.174751978068574,11.23530958161151,11.229001193274362,11.769986189964708,13.33927756548235,13.327915527566612,12.828810075052354,28.248855835240274,40.246477176924,11.997621341683729,19.420856610800744,49.835517834121184,30.41466122332044
49050251,0.7030889810972798,2.4340103370459345,4.369779092100104,4.3898157900327215,4.375849741800936,3.864065419426852,6.147170935601804,6.15719475687909,6.024343242698265,11.479279099207142,7.358168432273969,-4.121110666933173,5.358966977834437,3.2879467039519676,-2.0710202738824695
49079667,0.912781954887218,16.018796992481203,16.587431889327334,16.616135769434457,16.616135769434457,23.610526315789475,24.28119189311596,24.31269357719065,24.249095979340726,30.284954407294833,13.005699088145896,-17.279255319148938,14.670999187652315,10.15434606011373,-4.516653127538586
49768835,0.8268892794376098,3.626537785588752,4.755166575682194,4.813780670739607,4.813780670739607,3.8866432337434094,5.217782921605606,5.268676394972425,4.998394224848122,21.996215704824976,14.674550614947966,-7.32166508987701,10.275427995971803,9.632426988922457,-0.6430010070493459
49849143,0.7867803837953091,7.108742004264393,8.49886848909153,8.60424183947772,8.60424183947772,7.701492537313433,9.341050690839328,9.194445155307294,9.161653992236777,25.0,30.821670428893906,5.821670428893906,15.469849246231156,30.13065326633166,14.660804020100503
49856815,0.8914849631392129,5.6739088036821785,6.3813935531029715,6.401131215756848,6.39678596958078,6.517221203728986,7.3516505898810856,7.3530321763094095,7.251352966422435,22.667037037037037,24.859564270152504,2.1925272331154666,11.43114103864957,24.485148971497093,13.054007932847522
50043477,0.9770627588403951,1.6446320484230648,1.7941758239555359,1.8067709437595816,1.8082585473329105,1.8867473717744505,2.0631239239511387,2.0710407171382723,2.0526681596198673,9.190546772068512,16.590332674571805,7.399785902503293,9.873693379790941,6.559668989547038,-3.314024390243903
50350019,0.9052631578947369,12.873684210526315,13.491339357100562,13.546420584590358,13.546420584590358,21.46842105263158,22.196902628003453,22.20338826884236,21.596320289365796,31.15934065934066,29.85989010989011,-1.299450549450551,20.145833333333332,19.430555555555557,-0.715277777777775
50467805,0.9575596816976127,3.220159151193634,3.496857006422887,3.5149779672792043,3.5149779672792043,4.224801061007957,4.551147065890141,4.509432496718788,4.366656119582833,10.592159559834938,5.710110041265475,-4.882049518569463,4.35034965034965,2.4244755244755245,-1.9258741258741257
50553241,0.9495043370508055,2.1452912019826518,2.4745074330408308,2.5038662657435533,2.5038662657435533,1.174721189591078,1.56300899059044,1.577267314386939,1.5677387793930895,10.763778273335458,9.459381968779866,-1.304396304555592,5.803675992192583,5.50455432661028,-0.29912166558230346
51055265,0.7245508982035929,6.934403919433859,8.73024755917402,8.860181550004404,8.851636667334832,8.100163309744149,10.218236818975745,10.136077296034443,9.001694052947958,26.25253646163602,33.1001902346227,6.847653772986682,20.149821905609972,47.64091718610864,27.491095280498666
51062521,0.8015771382354924,2.7055334636382016,3.9991896489548315,4.094114295384456,4.091217214461989,3.7417267641706546,5.267504863966253,5.329850711108567,5.109068961613688,11.272591433043972,6.383164935249751,-4.889426497794221,4.143535325328121,2.1294796611747184,-2.0140556641534024
51072027,0.7216653816499614,9.852737085582113,11.667393408015403,11.82249663320084,11.82249663320084,21.986892829606784,24.127154598421864,23.939344476652305,23.660695437499093,19.020771513353115,16.47082096933729,-2.549950544015825,10.214556962025316,10.706962025316455,0.4924050632911392
51084731,0.6714077315827863,4.741976659372721,6.884297441892483,6.875805424563223,6.868172577753594,5.408278628738147,7.934997991893813,7.91779379294535,7.731304516974371,24.105348460291733,35.31503241491086,11.209683954619127,16.53012048192771,42.980537534754404,26.450417052826694
51201655,0.5791402865711429,2.883372209263579,5.627248426884041,5.820600686438544,5.810139540511185,3.72109296901033,6.957305410085315,6.946686566094435,5.955068027142716,20.61370857921017,17.796867907399,-2.8168406718111676,16.398477157360407,12.761058738216098,-3.637418419144309
51307001,0.5038887579542777,6.044543954748998,9.27903705282387,9.534703885806271,9.564988481088324,6.132924817346217,9.947785975200734,9.651330937766232,7.826359352987374,20.131897004729375,24.1878612716763,4.055964266946926,14.644439617723718,29.347523892267592,14.703084274543874
51376843,0.730844793713163,2.817288801571709,4.57209817346951,4.668122010644661,4.668122010644661,3.9469548133595285,6.016631238477393,5.843618297295331,4.831440775522361,29.175718849840255,24.680511182108628,-4.495207667731627,24.4831223628692,21.141350210970465,-3.3417721518987342
51448787,0.6032102578501568,4.9606439234404975,7.547591312655867,7.67467501334761,7.689602849417108,6.118723384341804,9.169849113564931,9.205784414286198,8.569578459661066,20.64527249835122,21.976707236644884,1.331434738293666,24.242967457253172,44.805777716492,20.56281025923883
51516201,0.5949748743718593,3.8201005025125627,6.460740065504752,6.6781125478597945,6.620267842967321,3.9909547738693467,7.105406712798681,7.186940670084421,7.0478336355912985,38.26060935799782,36.840587595212185,-1.4200217627856375,35.84782608695652,31.851606805293006,-3.9962192816635174
51543611,0.8640646029609691,3.5302826379542394,4.416539723550158,4.447840555681341,4.447840555681341,6.078061911170929,7.123340917555425,7.1159886625548285,6.888304126510681,13.485611510791367,12.713129496402878,-0.7724820143884887,7.666666666666667,8.601156069364162,0.934489402697495
51691737,0.6503225806451612,4.216774193548387,6.49656369154896,6.630101119054689,6.630101119054689,9.569032258064516,12.257886474257905,11.932551167412713,11.684501885476054,16.792117465224113,38.07805255023184,21.285935085007726,9.25925925925926,31.308966861598442,22.049707602339183
51769031,0.7785009861932939,7.822222222222222,9.266327839409897,9.331246744970624,9.303563414917736,8.519329388560157,10.22255219961754,10.229957536555581,9.643510976500204,28.862690529200204,39.28373865387909,10.421048124678887,19.55578732899971,47.940331813330744,28.384544484331034
52029527,0.7468085106382979,2.6393617021276596,4.290092537121009,4.3983343110001885,4.387201722727846,6.471276595744681,8.418199576732633,8.428686995961504,7.1934543483599045,20.32983970406905,13.554254007398274,-6.7755856966707775,16.51857835218094,13.276252019386106,-3.242326332794832
52288223,0.7008763837638377,3.136070110701107,5.086264321575079,5.18301754059511,5.175733990037351,3.638068880688807,5.938188225436793,5.975941279943112,5.826383275774198,14.407189511094035,11.489698395927384,-2.9174911151666514,8.279976501144024,10.149897965493786,1.869921464349762
52381857,0.9512168384126288,3.10332163999123,3.421372887542039,3.4473140269229368,3.446453637235149,6.843290944968209,7.218410419240979,7.204451905926729,6.9958180410222095,7.948208370972599,3.7033524038944092,-4.244855967078189,8.985881207400194,8.989532619279455,0.0036514118792609906
52388387,0.5376447876447876,4.69980694980695,7.714221090182446,7.852875959957098,7.852875959957098,6.911196911196911,10.46649014235276,10.50445430450552,9.82160048975325,24.592162554426704,28.4288824383164,3.836719883889696,17.741573033707866,26.525280898876403,8.783707865168537
52531907,0.745427944403804,6.831748354059985,8.491480057363619,8.622691394001611,8.622691394001611,12.983540599853693,14.941079483198742,14.847595241891606,13.34287785311344,23.28182616330114,22.9896839332748,-0.29214223002633943,9.754427792915532,5.29700272479564,-4.457425068119892
52595215,0.7311657414750198,8.513877874702617,10.266594765655444,10.386964493238517,10.382815154231379,9.264076130055512,11.331284618455475,11.151743703390466,10.663906891968644,25.643693693693695,37.13648648648649,11.492792792792795,21.16551246537396,55.918282548476455,34.75277008310249
52610033,0.8782907662082515,20.36335952848723,21.15686639410087,21.200602174941192,21.200602174941192,18.91984282907662,19.855729358536852,19.81680799201699,19.5320386444734,44.56563245823389,82.3054892601432,37.73985680190931,37.18086509297112,117.19266780957405,80.01180271660293
52628753,0.798718633208756,2.142285104111052,3.454577865252219,3.5457355346068624,3.549475193669874,3.6679124399359315,5.215671093429653,4.674794830206752,4.457205417381375,11.23817465130382,11.973317161916313,0.7351425106124925,4.948207171314741,6.974269588313413,2.0260624169986716
53202379,0.6506101104009296,2.9945671121441024,5.272482004347215,5.376406493993546,5.318506987477656,2.9101394538059266,5.596782701966249,5.638185924199876,5.424389351067544,12.294187338022954,12.652073306182896,0.3578859681599411,11.124105945462674,23.41517657577112,12.291070630308447
53206323,0.6830601092896175,2.568306010928962,4.634656865588405,4.7268956531413995,4.7268956531413995,3.8251366120218577,6.262254693563464,6.3352033860593675,6.083087722451615,18.456869009584665,11.057507987220447,-7.399361022364218,10.204918032786885,4.440573770491803,-5.764344262295082
53255111,0.627906976744186,3.0050971647021343,5.431029523340005,5.583936537753085,5.582269664071021,3.09270468302007,5.953924307219678,5.966887421250369,5.42918390454505,25.27686567164179,23.976990049751244,-1.2998756218905463,17.814031862745097,18.95098039215686,1.1369485294117645
53347267,0.7004008016032064,2.1713426853707416,4.124637546030003,4.170773776324291,4.180131667339682,2.585170340681363,4.88894668764619,4.898701490151597,4.27460154331497,15.231796116504855,15.066747572815533,-0.16504854368932165,17.247282608695652,23.285326086956523,6.038043478260871
53374285,0.6621848739495798,7.349579831932773,9.552030816775957,9.704531431926204,9.660562385808548,9.357983193277311,11.955621976045926,12.05710317976059,11.695243050817698,36.16792452830189,42.23018867924528,6.062264150943392,26.17105263157895,41.2828947368421,15.111842105263154
53398241,0.8525208951199784,3.9377190617417095,4.899237581011077,4.967305599313765,4.9583103310534185,4.568751685090321,5.70279635314099,5.7103195043753345,5.316410021871445,14.075374901341752,12.672138910812944,-1.4032359905288079,6.566933867735471,9.817234468937876,3.2503006012024054
53406397,0.8381410256410257,5.076923076923077,6.132193933650267,6.199340051663266,6.199340051663266,6.951923076923077,8.196542150230258,8.094679826651705,7.959127254311318,43.95199275362319,44.3106884057971,0.35869565217391397,36.21486761710794,34.64052953156823,-1.5743380855397149
53544891,0.9378693083072646,3.4277024678484533,3.832775516848721,3.8598555780986765,3.8598555780986765,3.4535106013208203,3.9312662785997614,3.8969254419604367,3.847479399836462,17.953060040607173,15.194092623030068,-2.7589674175771055,4.871631501984542,8.63275537915187,3.7611238771673285
53741209,0.7519083969465649,1.515267175572519,3.1327483164105074,3.2149991719480067,3.2149991719480067,1.0114503816793894,2.9191576454288892,1.9274117435044014,1.9274117435044014,9.890295358649789,9.481012658227849,-0.40928270042194015,4.039301310043668,3.906113537117904,-0.13318777292576423
54046453,0.8838081719557944,4.26807259454527,5.025607667348658,5.086737672036856,5.077017517581012,5.613403629727263,6.5068639146387275,6.49719484132064,6.337369921244854,33.66463494560231,20.63848472932232,-13.026150216279987,19.713978972308603,14.843032726195764,-4.8709462461128386
54220201,0.4068627450980392,8.970588235294118,12.837661170953687,13.16541847505283,13.16541847505283,14.936274509803921,19.497219885021618,19.68649038401325,18.894921351950675,29.402366863905325,39.64497041420118,10.242603550295858,19.41732283464567,32.53543307086614,13.11811023622047
54613509,0.5529542920847269,2.2831661092530657,5.197766977424247,5.21073047701927,5.21073047701927,1.2954292084726868,4.73299958055141,4.742158047733813,4.742158047733813,16.520454545454545,15.065909090909091,-1.4545454545454533,8.201612903225806,11.306451612903226,3.10483870967742
54739631,0.9820397690827454,0.2918537524053881,0.4089489480355996,0.41504029609739135,0.41504029609739135,0.5672439598032927,0.7053496536589825,0.7089504762756945,0.6957975530513432,15.485582747758663,9.996001938454082,-5.489580809304581,1.6637762579384465,5.36419149975574,3.7004152418172933
54952539,0.8414552736982643,6.641744548286605,7.675407524446035,7.7295451244321765,7.697068034397716,5.560376798694556,6.779510869628237,6.769442920236635,6.138344978955644,19.49791952642416,32.15174588194921,12.653826355525052,11.415053763440861,32.28307731694829,20.868023553507427
55034703,0.5396238051187172,5.580326857847672,8.581838411428318,8.764547267932464,8.739478383665853,4.102065988282455,7.642141509674503,7.470576026170084,6.75924136011676,31.18570254724733,25.939605587510272,-5.246096959737059,24.96995956094743,24.67937608318891,-0.29058347775852056
55038547,0.7580786026200873,6.05589519650655,7.6331484892868815,7.688357539447856,7.700592266827804,7.872489082969432,9.732750379030652,9.739118768765202,9.208574933426444,26.036523929471034,19.47544080604534,-6.561083123425693,16.51082251082251,16.97077922077922,0.45995670995671034
55039671,0.6755980861244019,3.8464114832535885,5.961412439704799,6.09152804446016,6.09152804446016,4.241626794258373,6.736124309925699,6.735359977259833,6.253384793554199,20.66545556176635,15.993851313583008,-4.671604248183343,12.791955617198335,12.78606102635229,-0.005894590846045489
55101609,0.7568975225225225,6.339808558558558,7.924762131235984,7.909841158759369,7.892164413867474,10.16061373873874,12.029956982973387,11.977674812211468,11.621557888440075,20.019510715729883,23.496967246259604,3.4774565305297216,16.002006880733944,27.342173165137616,11.340166284403672
55127615,0.8959738401798487,2.6570611077048847,3.3352797559460843,3.3805522547310423,3.3805522547310423,4.536889433885142,5.33680147551166,5.365511669783216,5.304221749108493,17.03212162780064,10.534064929126657,-6.4980566986739845,6.059314070941978,5.562720225510923,-0.4965938454310548
55212385,0.8527602119295847,2.7901213467783283,3.7500795938681484,3.8075313629539966,3.765847005574086,3.6347632883267815,4.766967723131327,4.7846678547242325,4.4482263743876524,13.727032321253672,9.84466209598433,-3.8823702252693426,7.2809995547640245,6.319790739091719,-0.9612088156723058
55299355,0.6172073342736248,2.710860366713681,5.206551111757376,5.25982187000801,5.567625275462253,5.118194640338505,8.061689462123965,8.096717679791723,7.5088863631344935,17.775116195924205,14.66821594565606,-3.1069002502681453,6.445264452644526,4.820725707257073,-1.6245387453874534
55395081,0.7618710134656272,3.8377037562012757,5.39023169372785,5.495100295793726,5.495100295793726,4.453579021970234,6.284678469633058,6.0462014277079765,5.8663613033839495,19.284132098268223,16.991139750302054,-2.2929923479661696,10.650539956803456,9.880777537796977,-0.7697624190064793
55661375,0.6196319018404908,2.6134969325153374,5.093380240846842,5.104081092813162,5.104081092813162,4.079754601226994,7.0046056434494455,6.930772259918552,6.883597243108512,11.345360824742269,7.278350515463917,-4.067010309278351,5.125,4.395833333333333,-0.729166666666667
55750039,0.6091954022988506,8.459770114942529,11.007696198511901,11.127988534409157,11.127988534409157,9.862068965517242,12.867171760474012,12.04662538591134,11.693083880622307,46.56976744186046,42.22093023255814,-4.348837209302324,27.78,60.0,32.22
55773869,0.8171630787378354,4.940135653199646,6.132176287991846,6.212943892656538,6.215697999183628,4.640813919197877,6.046743497146151,6.04102751415263,5.816532307351213,18.667794062382562,13.169297256670424,-5.498496805712138,10.867945823927766,8.177200902934537,-2.690744920993229
55891513,0.877801724137931,5.496120689655172,6.292815959535964,6.328911730293904,6.314252222892177,5.878448275862069,6.818095307888075,6.82807671851167,6.635838525010759,37.18119090212114,39.679401993355484,2.498211091234346,23.108405232396326,36.20776509880323,13.099359866406903
55905329,0.85303255436985,3.114750776712144,4.072933434642325,4.095210650680856,4.081679078580904,3.5848980143185196,4.715008264373855,4.707489292846974,4.307588147377025,16.071631087391594,10.542986991327552,-5.528644096064042,7.114834259831172,4.068200535309862,-3.0466337245213095
56251535,0.8558132197507493,4.927906609875374,5.867960182591749,5.917114627969127,5.917114627969127,5.39406846505758,6.502796711530733,6.488117909721509,6.306160320037731,25.65498310810811,18.282432432432433,-7.372550675675676,10.586872924313932,12.659500087397308,2.072627163083377
56384813,0.7519305019305019,7.428088803088803,9.045425826213027,9.16146490923712,9.194183489722118,8.084700772200772,9.992238059063094,10.039484857257147,9.90588302393605,32.402086049543676,25.541460234680574,-6.860625814863102,22.920654565456545,20.566969196919693,-2.3536853685368513
56463825,0.7177700348432056,5.552264808362369,7.392317596937217,7.496647796508967,7.496647796508967,6.275261324041812,8.445476470184502,8.478645061967098,7.929393080535922,25.601470588235294,24.14264705882353,-1.458823529411763,22.40740740740741,22.891534391534393,0.4841269841269842
56503305,0.7723525681674065,5.718452758402029,7.2026441748689285,7.319885341815081,7.319885341815081,3.1712111604311986,4.921712402455982,4.988236241677284,4.988236241677284,31.765502494654314,28.95153243050606,-2.813970064148254,22.888261851015802,24.641459744168547,1.7531978931527448
56555303,0.789490245437382,12.654735682819384,14.027194701088254,14.142407038900696,14.140760620874262,20.10737885462555,21.726099451883066,21.776215391371522,21.730242758564508,21.659333549013265,9.418877385959236,-12.240456163054029,10.784565475646533,7.105227085808279,-3.6793383898382537
56851091,0.35281462889924703,3.058085335245608,7.27753540730724,7.155330860204586,7.155330860204586,5.159555396199354,10.136105260224376,9.63514460046538,8.672919723709295,37.139243290805105,34.280466344038715,-2.8587769467663904,37.340021691973966,42.996203904555315,5.656182212581349
57193985,0.8489247844614013,2.2420721434942026,3.227036201020511,3.2568738867514577,3.249243914814221,3.070409275592112,4.232106336308152,4.20908894978586,4.023156458598773,19.46214529612622,15.49966148592959,-3.9624838101966304,7.633419153873049,7.362544102221799,-0.2708750516512506
57349847,0.5281655034895314,1.8641575274177467,4.94037369237232,4.945721422411263,4.932679756189924,1.5702891326021935,5.198473582225571,5.0310532856224315,4.9773875885334435,12.241562198649952,9.451783992285439,-2.789778206364513,5.799746514575412,3.973384030418251,-1.8263624841571615
57373427,0.8676784443917477,4.571496324401233,5.434192272545013,5.499083998431033,5.499083998431033,4.489447474507944,5.506937746962375,5.366231444899638,5.326115340967743,26.118516597510375,29.01283713692946,2.894320539419084,15.793553008595989,27.996848137535817,12.203295128939828
57501763,0.5942028985507246,5.6268115942028984,8.272484202717386,8.408561386912199,8.379105447898931,7.786231884057971,10.906619952478557,10.992976652166279,10.672579662998091,28.02842377260982,34.03359173126615,6.00516795865633,18.95364238410596,29.594370860927153,10.640728476821192
57562551,0.858097359210945,4.729981970516492,5.655143654694766,5.716710336650236,5.714490666913042,5.753208187506629,6.844372480238494,6.815119587855848,6.710733168222306,20.524739583333332,16.178444602272727,-4.3462949810606055,10.48656121399177,9.86914866255144,-0.6174125514403297
57666453,0.7636741048261546,10.666216917488324,12.206989252507736,12.32918942711513,12.33791309884323,10.763258951738454,12.580493478366684,12.50373907835377,12.30820879331911,30.47592873388931,58.85601465756886,28.38008592367955,20.944693363203584,71.81286754410529,50.868174180901704
58482211,0.6722878021360315,6.137155705452502,8.27373869795857,8.342428514883744,8.327928042887518,4.903035413153457,7.422987449376755,7.435110263202133,6.5706327207584625,9.599170288423547,8.593638877913868,-1.005531410509679,4.2922865013774105,4.73801652892562,0.44573002754820923
58488909,0.9037137374421492,2.185348233434925,2.813105126019291,2.868234021350916,2.868234021350916,2.027091093802912,2.767486980725938,2.736724442357002,2.382584322937782,10.285681662480018,9.417960721625942,-0.8677209408540758,3.2681358471719317,3.0038706455237856,-0.26426520164814615
59377517,0.8492979719188768,7.555070202808112,8.537601192600427,8.619234837086085,8.609439548809016,7.783463338533541,8.94229076394309,8.904408632274091,8.76765260070402,19.719847062912756,17.96054918317692,-1.7592978797358363,12.405291970802919,11.18521897810219,-1.2200729927007288
59378969,0.8436878082547374,9.593882495457299,10.612990031219232,10.66373199894709,10.660674717556828,10.357402440079605,11.559369374610696,11.554935140749025,11.077209007899135,24.51454273586726,34.55614508971638,10.041602353849122,16.51602678042422,44.52292925702098,28.006902476596757
59552749,0.5294117647058824,1.8685121107266436,4.9366030348863035,5.192102846368192,5.155893043683064,1.9930795847750864,5.611680874204001,5.782237519102597,5.595985982146696,56.739837398373986,44.90243902439025,-11.837398373983739,58.894366197183096,51.61971830985915,-7.274647887323944
59975195,0.8360856269113149,8.669113149847094,9.737784575724115,9.807267835971864,9.80406764240122,5.903363914373089,7.163788033229215,6.836184843695772,6.723311042007164,23.667595933092816,33.89439160380453,10.226795670711713,12.457600281491906,27.07512315270936,14.617522871217453
59978715,0.8046299179902419,3.1993148551853006,4.4730678530515435,4.472042396095612,4.413058642376855,4.476694695318177,5.978998360505408,5.877719510677914,5.482586506284886,18.435135516657255,15.243012422360248,-3.1921230942970062,6.395063920454546,6.4140625,0.018998579545454142
59996281,0.7305327868852459,4.904713114754099,6.661556675450543,6.780698674802333,6.730720155329002,7.947745901639344,10.019821511915557,9.736972528517095,9.524249937348054,38.558651026392965,38.0366568914956,-0.521994134897362,30.23356401384083,29.841695501730104,-0.39186851211072593
60143155,0.8873239436619719,11.014084507042254,11.748697826911467,11.756886741796492,11.756886741796492,11.67605633802817,12.542481998877346,12.548267312301723,12.548267312301723,14.1,15.814285714285715,1.7142857142857153,7.1571428571428575,12.128571428571428,4.971428571428571
60363059,0.8383371824480369,6.965357967667437,8.019349942191107,8.01289559914125,7.9887278555477135,8.494226327944572,9.737337048042845,9.45342055878445,9.329109486774623,20.467625899280577,22.694244604316548,2.226618705035971,18.90566037735849,22.27987421383648,3.3742138364779883
60365431,0.7557755775577558,5.432343234323432,7.024611543973948,7.051599089002265,6.982525604012151,8.900990099009901,10.778960570173917,10.584907772223119,10.4833958548629,24.72222222222222,22.33816425120773,-2.3840579710144922,18.385714285714286,22.63714285714286,4.251428571428573
60381567,0.7228260869565217,1.6195652173913044,3.4266540973141475,3.553048218365612,3.496175213061253,0.8097826086956522,2.941119101857928,2.8289468900816708,2.327455950514077,49.5,34.68292682926829,-14.81707317073171,65.45098039215686,55.68627450980392,-9.764705882352942
60737521,0.9788135593220338,1.4745762711864407,1.6127053646999847,1.6225598215955226,1.6225598215955226,1.9152542372881356,2.0781679605939924,2.0807787058469427,1.999321844194014,12.933839479392624,7.07592190889371,-5.857917570498914,2.7072368421052633,3.129385964912281,0.42214912280701755
60924729,0.8135038363171355,10.085115089514067,11.301012862284297,11.337260725425962,11.319596639072609,11.30925831202046,12.743325736070224,12.724240555472445,12.150770916343385,30.14807716087548,37.73445035241746,7.5863731915419805,19.479313380281692,46.868838028169016,27.389524647887324
61085329,0.658597502401537,2.4816522574447646,4.707491804225244,4.790811089395942,4.779753360026488,3.016138328530259,5.641362304331366,5.582261000645938,4.901209648454429,15.894895801872545,11.557535487768046,-4.337360314104499,8.90061669829222,8.497390891840608,-0.4032258064516121
61135797,0.7233457369357709,3.0055007280375343,4.809201649517095,4.850164832352093,4.6619922566678875,3.349296230383433,5.476636860615162,5.506488702406706,4.8502476600399,13.71545151938151,10.34473316868893,-3.370718350692581,8.604941416199694,6.4145016131771095,-2.190439803022584
61734017,0.8190796693247494,4.87819152827566,6.05773658042465,6.093933270409186,6.0922908901385115,2.257297534567269,3.648489436031175,3.548885044137233,3.3969959161973806,19.918481588384502,15.493833639464707,-4.4246479489197945,12.390754027345336,12.710098822255313,0.319344794909977
61982915,0.7388392857142857,4.977678571428571,6.680366308078561,6.797168018157371,6.797168018157371,5.395089285714286,7.403291842822018,7.4340461181946145,7.136534628252729,28.127327746741155,24.637104283054004,-3.490223463687151,11.923076923076923,23.75105996365839,11.827983040581465
62343525,0.8376817839060648,2.1677905849402133,3.2260555568903393,3.286070143771375,3.2771560432698714,4.826780135731983,6.074930561099528,6.017767129949796,5.737289472643285,10.73708126120213,10.305897053997425,-0.43118420720470496,6.764461373577036,10.662630709961475,3.8981693363844387
62584701,0.7277227722772277,3.094406809101963,4.8695708029690925,4.982786479013546,4.983094289494182,3.796074344276533,5.889757639831011,5.8960775032672466,5.821279248370245,23.76892551892552,19.172262922262924,-4.596662596662597,15.15395846852693,10.305970149253731,-4.847988319273199
62680587,0.7841516771998055,4.963052989790958,6.370317835169975,6.450025396583666,6.444938068933688,5.505590666018474,7.16536233183091,7.142929035584979,6.780321261747578,18.227245145631066,17.590412621359224,-0.636832524271842,10.926638176638177,15.434472934472934,4.5078347578347575
62710355,0.42105263157894735,6.947368421052632,10.721927650117475,10.722584575518622,10.722584575518622,14.210526315789474,18.662358165284257,18.530489538422906,17.72106556578749,20.258064516129032,14.870967741935484,-5.387096774193548,26.423076923076923,12.923076923076923,-13.5
63267117,0.8,6.418181818181818,7.722120460949673,7.7961184736379865,7.7961184736379865,6.909090909090909,8.446996457098198,8.484338025564632,8.204718835017854,23.147058823529413,19.676470588235293,-3.4705882352941195,16.390243902439025,15.329268292682928,-1.0609756097560972
63306921,0.659217877094972,10.299162011173184,12.520956905274838,12.689824857788018,12.686901775951146,15.832960893854748,18.45341448124147,18.478068117796123,18.237501886822916,32.566998714652954,14.987789203084834,-17.57920951156812,20.2563199336925,10.950476585163697,-9.305843348528802
63970529,0.87584767866458,11.80907668231612,12.61851172920905,12.627404895347594,12.621946036205184,11.764736567553468,12.719409286452098,12.690740927317139,12.409954833523424,34.9267922235723,52.96202916160389,18.035236938031588,23.49134199134199,68.9476911976912,45.45634920634921
64020865,0.5327102803738317,7.31214953271028,10.358735146653867,10.428357341019133,10.174076539733102,7.734579439252337,11.327816700951608,11.376186246647384,11.08872726571144,34.978476821192054,27.091059602649008,-7.887417218543046,23.376106194690266,24.5,1.1238938053097343
64647997,1.0,15.724137931034482,15.724137931034482,15.724137931034482,15.724137931034482,0.0,0.0,0.0,0.0,23.689655172413794,21.655172413793103,-2.0344827586206904,14.241379310344827,11.862068965517242,-2.3793103448275854
65199733,0.7444608567208272,3.55096011816839,5.2169969364759154,5.284039263479063,5.287487998794189,4.506646971935007,6.471622302845355,6.490249472228384,6.092711110483516,18.922541340295908,17.776762402088774,-1.1457789382071333,9.047717842323651,9.770746887966805,0.7230290456431536
65211183,0.682062941246859,4.604044513581429,6.676896597962302,6.778162959582359,6.888285385400038,5.497187986119421,7.941973818987297,7.841483747476321,7.559003788616541,13.731564079690752,15.327163247100803,1.5955991674100503,8.19626421223606,13.466702761234433,5.270438548998374
65473789,0.764484574868322,2.7780285929270128,4.313516911912485,4.331597006163384,4.318473563755555,3.9706546275395036,5.7816570222960175,5.740964221954223,5.673461470285982,12.603148573302722,15.213184650705148,2.6100360774024267,9.125255102040816,17.03545918367347,7.910204081632655
65829951,0.8073170731707318,2.7536585365853656,4.009892107056836,4.071814950427253,4.029275791988221,3.891869918699187,5.373510629584258,5.414252405911051,5.357987568788833,17.555203619909502,14.63393665158371,-2.921266968325792,9.833986287952987,10.788442703232125,0.9544564152791377
66744613,0.6363636363636364,13.020661157024794,15.391458689329985,15.511023382675415,15.489402240163013,18.43388429752066,21.23007620298846,21.251633901814728,20.917997367639593,43.097938144329895,34.475515463917525,-8.62242268041237,26.95402298850575,30.145114942528735,3.191091954022987
67106331,0.7426614481409002,5.1223091976516635,6.800077607866663,6.870767417689772,6.870767417689772,5.575342465753424,7.55415439885478,7.420804378727917,7.187560386613309,18.03340402969247,15.964475079533404,-2.0689289501590657,11.28656914893617,11.34840425531915,0.06183510638297918
67127367,0.7768710655164374,3.0429004429937048,4.4976326429573765,4.590842616132256,4.606084916583065,4.061552809512707,5.777308940828837,5.717259105311097,5.189265186112977,23.834517274782048,22.756296415886343,-1.0782208588957047,12.247654604633352,13.293988129427532,1.0463335247941803
67127927,0.7818708609271523,4.420115894039735,5.842250961793584,5.90761994266213,5.897047535920969,7.369205298013245,9.046515363824176,9.08896254685328,8.737798959387488,19.512920114845464,15.779429150481338,-3.733490964364126,11.93583093179635,10.81104707012488,-1.1247838616714692
67483671,0.3825136612021858,2.3060109289617485,6.331832421660318,4.9308147907973146,4.919378033446493,3.212021857923497,7.9602001892028325,8.046840790136429,5.6013188531412315,9.9141689373297,8.22683923705722,-1.68732970027248,10.093869731800766,9.024904214559387,-1.068965517241379
67495771,0.6529311809685642,4.123619371282922,6.386401595457387,6.491136798336408,6.409979032611583,3.855564995751912,6.524360307395827,6.5351972728844965,5.474647850795075,24.85453085979308,20.73180520870496,-4.122725651088121,14.641745283018867,17.80495283018868,3.1632075471698116
67522907,0.5533889345706566,6.2280042288265,9.13977136133172,9.286913560885544,9.282478969888405,6.691060730647245,10.125288907273413,10.196691915288866,9.651117528470822,21.958635803314614,26.92932475003424,4.970688946719626,18.662958384837246,40.2560774618871,21.593119077049856
67554343,0.8459849435382685,3.357904642409034,4.362035560851657,4.420504513106354,4.420504513106354,4.390840652446675,5.575143701492439,5.606974974512437,5.474313736839287,15.371719613259668,11.704937845303867,-3.6667817679558006,7.5707686622320765,7.243348115299335,-0.3274205469327418
67753357,0.8031746031746032,7.833333333333333,9.116574537327097,9.15406995676776,9.15406995676776,14.068253968253968,15.581748317086538,15.406921452936604,15.187220660364135,15.578125,11.691964285714286,-3.8861607142857135,12.614285714285714,12.10827067669173,-0.5060150375939845
68041429,0.8036495571443816,2.515099775904386,3.7952444257244973,3.8711720090331863,3.8354374817434556,2.6539323444669725,4.163774521573691,4.053705411560073,3.4735649663348287,16.865527208747014,12.077416111599849,-4.788111097147166,10.475521792510742,7.052793124616329,-3.422728667894413
68422217,0.7969943335796994,2.5006159152500618,3.824150580981415,3.896935176095678,3.8992360322753683,3.1130820399113084,4.674099743234795,4.343095689318253,4.2275349127372674,15.729467258601554,13.346975582685905,-2.3824916759156487,8.776971608832808,8.918769716088327,0.14179810725551967
68445177,0.758634378721715,3.8844779674474,5.458107770549535,5.539702979658822,5.533471558672715,4.922588328701866,6.778575969012369,6.753376341201646,6.029907474830611,17.153753609239654,12.30004812319538,-4.853705486044275,9.101956135151156,8.977178423236515,-0.12477771191464093
68530829,0.919267255479228,5.1884200196270855,5.714772746213782,5.750421831905612,5.738440734288338,5.476545632973504,6.097342311495256,6.051139630692161,5.937947367590544,23.72797892461497,25.98027560118887,2.2522966765738985,11.05023906867161,25.2057722957522,14.155533227080591
68554135,0.8367480205697494,2.8088319320871764,3.8731847545244107,3.9267131708843097,3.9076454785571553,3.5046118684189045,4.759942492863676,4.666591162311086,4.58876066359551,11.922625248603087,8.149256558386211,-3.7733686902168753,5.795645298625471,4.022564164943438,-1.7730811336820338
69742575,0.7024234454255119,2.123520571106519,4.063628414563482,4.148185500716379,4.288549663417653,2.8717828292316363,5.160006000416631,5.212591335969921,4.96340036562307,16.312086549062844,15.340476846747519,-0.971609702315325,10.907140070230199,13.32510729613734,2.417967225907141
70406471,0.6716106290672451,6.188177874186551,8.329175827353781,8.41124345479908,8.39844426982992,3.5199566160520606,6.045115793372597,6.094122681320112,5.167959931286438,18.70674022917551,27.035881013928005,8.329140784752497,7.637022329946882,27.38623588262596,19.74921355267908
70603697,0.7103578154425612,5.6391713747645955,7.527549559865312,7.509016842334847,7.505583842450676,7.259792843691149,9.487004456530329,9.518788269880158,8.72956178808734,22.39820119156737,25.640009165902843,3.2418079743354724,13.348882265275709,25.938524590163933,12.589642324888224
71032563,0.6324266579012244,1.8425507436929904,4.239016167762601,4.262818133074365,4.2518838880513306,2.7342427479661433,5.560708158532584,5.5092058462955515,5.38029930845617,11.80423066558879,9.491781191053624,-2.312449474535166,5.754113607096866,6.685577335813421,0.9314637287165546
71108015,0.5901639344262295,5.905737704918033,8.577743120425934,8.699267959764759,8.756680922264923,9.831967213114755,12.983413008211658,11.910088366531864,11.910088366531864,22.298076923076923,21.990384615384617,-0.3076923076923066,13.357843137254902,13.245098039215685,-0.11274509803921617
71502609,0.47525925925925927,3.461333333333333,6.882481979765736,6.9581198265210515,6.9581198265210515,1.1674074074074074,5.202415889660606,4.570580203734529,4.570580203734529,36.46307094266278,29.186588921282798,-7.276482021379984,19.115151515151513,15.828787878787878,-3.2863636363636353
71581833,0.6598901098901099,2.0426739926739925,4.260086135183066,4.245589591394564,4.213007400809943,3.3243589743589745,5.939643409019721,5.961389446204925,5.4670626629168675,26.211842776927003,17.996043899948955,-8.215798876978049,17.825306610828598,15.264732276398444,-2.5605743344301537
71744923,0.5311158798283262,3.1695278969957084,6.226508513355969,6.3893692713841395,6.4044001328112214,4.650214592274678,8.255712041197347,8.27633953417085,7.385278379746026,20.77664233576642,15.394160583941606,-5.382481751824816,12.985655737704919,11.714139344262295,-1.2715163934426243
71787827,0.7229470452801228,5.708365310821182,7.514665579582486,7.645851618960845,7.691576240046185,8.783576362240982,10.91398274301854,10.959819118005191,10.452298484357351,19.223102585487908,10.085487906588824,-9.137614678899084,8.13707451701932,6.1922723091076355,-1.9448022079116845
71792247,0.9739027283511269,16.126927639383155,16.297073844252033,16.306729575445054,16.317808075128752,22.984578884934756,23.185254579218032,23.099597344232016,23.081354099297172,36.4472972972973,35.43648648648649,-1.0108108108108098,25.586720867208673,28.609756097560975,3.0230352303523027
71792675,0.4989495798319328,2.4406512605042017,5.707346284665268,5.80939684234755,5.807032435325194,3.715861344537815,7.568702449577084,7.601235841266636,7.136794827556452,19.104347826086958,16.722360248447206,-2.3819875776397517,11.696428571428571,12.255952380952381,0.5595238095238102
71965565,0.8656330749354005,1.9593418762853978,2.8353730057935174,2.879997694156778,2.8806177356778857,1.6176237937035278,2.650841991331164,2.551197155481063,2.3200612164513323,16.088303204370106,8.879906515740272,-7.2083966886298345,6.258819913952059,6.181376767055931,-0.07744314689612786
72152779,0.7021276595744681,10.148936170212766,12.09097244667553,12.239418307995548,12.239418307995548,13.25531914893617,15.545816773627877,15.615732901820351,14.96130500905129,27.097560975609756,29.597560975609756,2.5,17.541666666666668,21.319444444444443,3.777777777777775
72278007,0.7764138535729943,4.914291977202981,6.372005058771604,6.3837893501796765,6.449051987120685,8.041867601928978,9.761139477167289,9.709621823462607,9.409592025626903,21.451834862385322,13.669438073394495,-7.782396788990827,12.49350443599493,10.156210392902407,-2.3372940430925233
72345761,0.7920319795760691,6.352581544559777,7.708469236013268,7.765814168393883,7.737213724425012,5.964762000739023,7.563937862829306,7.561397694026671,7.123568088754012,21.612386917188587,27.082586270416307,5.47019935322772,12.86562144517533,22.482194965131807,9.616573519956477
73398061,0.6420525657071339,2.632978723404255,4.966686181674635,5.036543057589937,5.036543057589937,4.688986232790989,7.441432958260855,7.4610968693149875,6.905314357441266,25.06382978723404,10.943339500462535,-14.120490286771506,17.721698113207548,7.308546059933407,-10.41315205327414
74252827,1.0,2.7333333333333334,2.7333333333333334,2.7333333333333334,2.7333333333333334,3.3333333333333335,3.3333333333333335,3.3333333333333335,3.3333333333333335,7.923076923076923,4.769230769230769,-3.153846153846154,3.076923076923077,1.8461538461538463,-1.2307692307692308
74622479,0.8666666666666667,4.828985507246377,5.698277935758281,5.739956244816143,5.740650349255635,5.000891861761427,6.026162227099619,5.97165626906444,5.8339248543228,19.04885588117222,15.81453231633882,-3.2343235648333994,9.614747634069401,9.965518752190677,0.35077111812127626
74897183,0.8230940044411547,3.061435973353072,4.214808792085557,4.27591955438816,4.27591955438816,3.5136935603256845,4.87401712055419,4.452311667632625,4.389702633479849,12.66994633273703,10.740608228980323,-1.9293381037567077,8.155384615384616,7.992307692307692,-0.16307692307692356
75085271,0.9090909090909091,1.8181818181818181,2.410881201258116,2.4637369246069105,2.4637369246069105,2.5454545454545454,3.244502521821495,3.28184409028793,3.28184409028793,12.75,7.0,-5.75,4.75,2.0,-2.75
75131587,0.7092360319270239,1.8529076396807298,3.7485995091550914,3.904394315148973,3.9407033459468965,2.120866590649943,4.356704188950164,3.9850213109042008,3.7482855652018245,21.42471843509188,33.859513930053346,12.434795494961467,10.86568938193344,24.35974643423138,13.49405705229794
75436997,0.7602230483271375,3.3011152416356877,4.864387406292318,4.961649796841214,4.844943852870931,4.566914498141264,6.410686019451118,6.468711207625726,6.26861197275489,14.557692307692308,13.728632478632479,-0.8290598290598297,6.928763440860215,8.348118279569892,1.419354838709677
75827331,0.6529377880184332,3.383496543778802,5.646235692015072,5.819057378025857,5.819057378025857,3.752160138248848,6.420904644799515,6.501116879141287,6.389273229696633,20.51055900621118,20.238819875776397,-0.2717391304347849,10.865388397246804,17.803441494591937,6.938053097345133
75839361,0.8162274123276909,2.9229340761374187,4.1210749688742565,4.146957814055308,4.147837792359435,2.726805228197986,4.139929638962487,4.022742737005627,3.7668095945974436,21.130165289256198,17.28633668702839,-3.843828602227809,13.314763097072419,11.396041987673344,-1.9187211093990744
76001643,0.4900260190806591,5.746747614917607,9.071621517552034,9.333902200163338,9.332926087637198,4.373807458803122,8.29526653177921,8.331820271745201,6.964644914670205,55.57813911472448,41.77913279132791,-13.799006323396569,71.88321167883211,55.81630170316302,-16.06690997566909
76297175,0.7262378026743765,12.741597397903867,14.526442938013462,14.643151473373141,14.614481852618896,11.830502349114564,13.935604359623278,13.878373568907525,13.5976933008397,34.36429689246591,59.0819360608093,24.71763916834339,30.657071339173967,96.6433041301627,65.98623279098874
77034419,0.7317240031274433,2.1260750586395623,3.875152254885537,3.9493116622769384,3.9981761451030717,3.5836591086786553,5.646574828616111,5.665732603950856,5.413222701619714,12.413271171286244,9.828266700728062,-2.5850044705581823,4.826506381715642,5.275081626595429,0.4485752448797866
78277455,0.9012539184952978,6.280564263322884,6.924358420802312,6.967189782826333,6.967189782826333,9.12539184952978,9.884702582480088,9.88409176682385,9.87203921550718,18.84858044164038,18.339116719242902,-0.5094637223974772,9.904040404040405,15.964646464646465,6.0606060606060606
78770073,0.6681632114089529,2.2914300805493197,4.454904139228589,4.6116825233047125,4.5871653349939505,2.6405651657203224,5.192233356755789,5.044929373442603,4.103665380967523,12.64022958518132,11.940907905035221,-0.6993216801460989,5.320096269554753,8.911101083032491,3.5910048134777384
78914307,0.7920433996383364,6.063291139240507,7.419104375391531,7.495855091212656,7.495855091212656,7.3327305605786615,8.931818607783347,8.957073122442383,8.414773697738186,24.402654867256636,31.920353982300885,7.517699115044248,14.24125,31.2525,17.01125
78970099,0.5488126649076517,3.7242744063324538,6.665877413104265,6.907493615483648,6.907493615483648,4.463060686015831,7.932478215161562,8.1015498022022,8.071116315104431,47.37222222222222,48.53703703703704,1.164814814814818,41.71513002364066,52.49290780141844,10.777777777777779
79131065,0.720626631853786,5.984334203655353,7.805762856085646,7.968194152120975,7.968194152120975,9.475195822454308,11.623445086642036,11.70248726825283,11.662333076398856,30.59259259259259,30.391975308641975,-0.20061728395061706,20.31206896551724,22.55344827586207,2.241379310344829
79190829,0.9202244449865821,2.295010978287387,2.8151231229386298,2.857290413446962,2.8550565627872886,2.7303000731885825,3.343736416441063,3.3664301442255895,3.296550927754168,10.316914080071975,6.432336182336182,-3.8845778977357925,4.567075119872136,3.9728289824187533,-0.594246137453383
79502605,0.9787234042553191,1.622340425531915,1.7610573024221123,1.7734277908654472,1.7734277908654472,2.1914893617021276,2.3550963348943927,2.3638358509184516,2.3638358509184516,14.994565217391305,10.720108695652174,-4.274456521739131,7.438888888888889,5.711111111111111,-1.7277777777777779
79516785,0.4894957983193277,1.2563025210084033,4.58463330034232,4.799609519676912,4.755640473559257,1.9138655462184875,5.839401766447177,5.875475373980058,5.730085143601219,12.66955017301038,7.944636678200692,-4.724913494809688,6.543388429752066,2.8016528925619837,-3.7417355371900825
79706153,0.7809234917425009,3.5409504550050555,4.969262079203077,5.049801588896336,5.049801588896336,4.045500505561173,5.730095392997536,5.780626703207423,5.6614092188657725,15.56935612082671,11.10135135135135,-4.468004769475359,9.118402937127122,6.529600734281781,-2.5888022028453417
79926953,0.8883450027882769,13.515645331185327,14.243601658797843,14.284999045383227,14.286722822543366,14.059173430819753,14.91774762919299,14.886299356462757,14.81101926581738,33.073908656002395,50.872888324114214,17.79897966811182,21.212455080361728,56.40277613236978,35.19032105200805
80065501,0.7298206278026906,8.575112107623319,10.336598727057472,10.427200073470374,10.427200073470374,10.308295964125561,12.385847741422404,11.946622552120242,11.834555443801326,23.825263157894735,31.64842105263158,7.823157894736845,18.864779874213838,21.19182389937107,2.3270440251572317
80117123,0.8652291105121294,6.451482479784366,7.330147333401519,7.384997612348382,7.384997612348382,9.827493261455526,10.863817754721893,10.887068165276466,10.596897307161882,18.27906976744186,17.26118067978533,-1.0178890876565312,14.15564738292011,18.100550964187327,3.9449035812672175
80237513,0.8460192475940508,7.293088363954506,8.29699563047744,8.356510342594584,8.356510342594584,7.489938757655293,8.673978024712524,8.402394228543939,8.321664278517309,22.907587548638134,22.65077821011673,-0.2568093385214034,16.09027777777778,17.475,1.3847222222222229
80388975,0.6929577464788732,6.377464788732395,8.379286085376004,8.45871855976074,8.455548256260341,7.330985915492958,9.691995841306966,9.727864784538104,9.348803557916588,28.564102564102566,25.212606837606838,-3.3514957264957275,19.43285714285714,20.94,1.5071428571428598
80623593,1.0,3.0,3.0,3.0,3.0,4.0,4.0,4.0,4.0,10.0,5.0,-5.0,4.0,2.0,-2.0
80808769,0.34375,3.0625,7.341048671582025,7.642656642941082,7.642656642941082,3.55625,8.602502579398918,8.641011071879927,5.372961782364439,16.567460317460316,18.666666666666668,2.0992063492063515,19.21698113207547,28.50943396226415,9.29245283018868
80976967,0.6733425414364641,14.454419889502763,16.584126305349432,16.677358446392056,16.696707566350675,14.134668508287293,16.646510097401407,16.508111958054037,16.205416460000116,42.95339366515837,29.097285067873305,-13.856108597285068,26.89762931034483,26.19989224137931,-0.6977370689655196
80984115,0.2571428571428571,0.45714285714285713,5.300343530280605,5.732250298216469,5.732250298216469,0.0,5.712220606884217,1.9767855309308036,1.9767855309308036,25.181818181818183,22.21212121212121,-2.9696969696969724,4.275862068965517,3.689655172413793,-0.5862068965517238
81230601,0.6241010689990282,5.5648202137998055,8.015565923336279,8.13185579259437,8.13185579259437,6.9156462585034015,9.80613151588542,9.844297985054114,9.530439709950585,30.76632085020243,19.767586032388664,-10.998734817813766,36.96526054590571,14.267714364488558,-22.69754618141715
81231747,0.5899280575539568,0.9769784172661871,3.6505216776175446,3.868446965755632,3.868446965755632,1.1776978417266186,4.330957418576096,4.480484879068309,4.39750436388806,11.73609022556391,4.9300751879699245,-6.806015037593985,3.307272727272727,3.78,0.47272727272727266
81234137,0.799250936329588,3.9895131086142324,5.298335416710806,5.397806746896604,5.397316829622446,3.9399812734082396,5.483646767288215,5.360830418896522,5.231951629995162,39.48492436631235,30.510476287816843,-8.974448078495506,23.992195175199214,22.542790088418293,-1.4494050867809207
81319987,0.7522334723049434,1.9863013698630136,3.601663119092995,3.6190384086796574,3.5573233312087336,1.7129243597379393,3.6181319475015847,3.3997055385482424,3.061943376054087,9.971013133208254,6.1889305816135085,-3.782082551594746,3.467951448040886,2.8624361158432707,-0.6055153321976152
81355793,0.6036697247706422,4.084403669724771,6.668355475576667,6.789972130768206,6.652466410683844,4.3577981651376145,7.405390810730041,7.196665595609282,6.759279614065925,16.935374149659864,22.83843537414966,5.903061224489797,13.4125,23.885,10.472500000000002
82054167,0.7472089314194578,4.342902711323764,5.991022925667504,6.109252833158229,6.109252833158229,3.923444976076555,5.867288910360091,5.873809238386945,5.775697241703864,29.950534759358288,27.824866310160427,-2.1256684491978604,21.254122938530735,22.137931034482758,0.8838080959520234
82155209,0.6705882352941176,7.758823529411765,9.906487176323527,10.019349691474186,10.019349691474186,9.623529411764705,12.156550314364946,12.196056514890161,12.150823998772298,36.52991452991453,42.02991452991453,5.5,23.086734693877553,43.22959183673469,20.14285714285714
82175211,0.8772576483597494,4.088462956137118,4.888705433176734,4.917021467013144,4.905449812413805,5.022484334684851,5.9663150524998665,5.976307672738211,5.681537718826014,23.909458883681296,14.171708564124414,-9.737750319556882,9.605584232754575,8.926560300328484,-0.6790239324260909
82198187,0.8700731228821117,3.049848403780988,3.8969317828218144,3.9190377857850938,3.9174170366743053,6.507490636704119,7.506566962478428,7.4923045060547055,7.358591476867341,39.565788145006564,25.78117742098354,-13.784610724023025,13.472944483485595,7.85936401967674,-5.613580463808855
82485793,0.4375,2.875,6.542327432784593,6.781870432466873,6.704924601760975,3.463235294117647,7.788594647888148,7.854059721137476,5.818596495833711,16.400473933649288,11.428909952606634,-4.971563981042653,12.445652173913043,8.483695652173912,-3.961956521739131
82496445,0.8236682046979866,9.242239932885907,10.39186914210054,10.430487431278346,10.427195285837069,5.21292994966443,6.568838181089689,6.4812031342472425,6.384035758757059,19.76233685518956,27.151709136109385,7.389372280919826,15.06037009126685,33.68228250858243,18.62191241731558
82534969,0.6855813953488372,1.1423255813953488,3.192238424444349,3.2501092954969364,3.0310820936736382,1.747906976744186,4.165637559192854,4.191238243806587,3.905116281386626,13.182110682110682,9.981338481338481,-3.2007722007722013,7.423076923076923,6.8083791208791204,-0.6146978021978029
82578073,0.8214444939812751,3.0148238965670977,4.178951017451016,4.251861694565109,4.2506953288745155,3.9549710209540794,5.327978537621309,5.165487121077298,4.747242634102511,17.052032520325202,18.05228267667292,1.0002501563477182,10.426911645501216,13.110780870035125,2.6838692245339093
82663501,0.5231958762886598,1.6958762886597938,4.804492898351201,4.969326468588421,4.969326468588421,2.2061855670103094,5.872584102852429,5.903285031565812,4.297997023980884,9.011254019292604,10.819935691318328,1.808681672025724,5.023041474654378,7.741935483870968,2.71889400921659
82698685,0.8514254385964912,2.680263157894737,3.64892371762634,3.701845608379654,3.7005747650991005,4.066118421052631,5.208586632428661,5.186415403298481,5.121492855493348,18.12434036939314,11.803166226912928,-6.32117414248021,9.405598483743987,9.424041405452689,0.018442921708702542
82754031,0.6655629139072847,1.4445364238410596,3.6249636244959174,3.7953445737676104,3.8108067844188693,1.6473509933774835,4.219014244184374,3.338973351435496,3.338973351435496,20.751953125,18.6904296875,-2.0615234375,7.79452736318408,10.439800995024875,2.6452736318407952
82853783,0.8260352732830354,7.005725237136411,8.13992188536041,8.163693734286142,8.163439867738118,4.843938769074016,6.1816453609519755,6.191006270575552,5.713826872719768,26.45996881752783,25.029650701605625,-1.430318115922205,13.94801579896747,14.588869192013435,0.6408533930459654
82878039,0.7471329197217522,7.232186501222034,8.880802288515477,8.908506667405259,8.906539261318402,7.722880240646738,9.667308668988346,9.604171978234174,9.31214629605945,31.48629801810619,16.758380229997552,-14.727917788108638,20.003077783995522,13.042249580302183,-6.960828203693339
83172605,0.48282442748091603,4.08587786259542,7.457703933111534,7.557260261841338,7.655285956084621,4.801526717557252,8.778362628911978,8.759354998405431,7.262538529925054,24.0559796437659,25.75699745547074,1.701017811704837,17.736607142857142,32.60267857142857,14.866071428571427
83480511,0.8353105373342637,9.271225866480577,10.344950638613215,10.421228123529687,10.438607374952548,12.480344266108398,13.746728457768272,13.730267371774016,13.588961791066204,25.461559888579387,11.734401114206127,-13.72715877437326,11.911694152923538,5.905247376311844,-6.006446776611694
83800837,0.6373209772535805,2.2910699241786014,4.655625887580294,4.8224202420387,4.8224202420387,3.2594776748104466,6.048308080948349,6.142416460049531,5.886530743342337,43.10408163265306,20.254421768707484,-22.84965986394558,68.25814138204925,11.604050833995235,-56.654090548054015
83857693,0.8121442125237192,4.755218216318785,5.979980319108328,5.84388779696582,5.84388779696582,6.512333965844403,7.956856254769655,7.979459595074765,7.43958762850674,21.575539568345324,13.689448441247002,-7.886091127098322,11.425,10.685526315789474,-0.7394736842105267
83984731,0.7430249632892805,1.9441997063142438,3.6195981092832206,3.748543893213148,3.7101274725964006,2.118942731277533,4.094959404561495,4.000988914061351,2.5500280996785554,19.924362357080035,14.065083553210203,-5.859278803869833,11.768564356435643,10.688118811881187,-1.0804455445544559
84585575,0.9071765031864782,2.1241341091715156,2.729314831431465,2.7533188576350325,2.751869060880252,2.2532557495151013,2.9670246031898615,2.9753389108493233,2.913549965307329,9.650292397660818,8.947251461988303,-0.7030409356725151,3.190796277145812,3.080532574974147,-0.11026370217166503
84782569,0.8660598179453837,2.530299089726918,3.403547985728798,3.476281310108114,3.4735596890480354,3.2049414824447333,4.234878227859237,3.9266008273500024,3.8286068457474567,21.5,17.40315500685871,-4.096844993141289,10.852759835584264,9.352025836758662,-1.500733998825602
84913263,0.5924834193072955,3.4789977892409727,6.1358808749101845,6.337683013944895,6.360112046982093,4.432571849668387,7.566181901429737,7.537612073372248,7.526278944794449,21.94137168141593,16.8445796460177,-5.096792035398231,12.663636363636364,9.915757575757576,-2.747878787878788
85126901,0.8876591034864416,2.389596015495296,3.122024196131363,3.173183388238193,3.173183388238193,4.45655783065855,5.320406270740121,4.794483900804211,4.794483900804211,11.243534482758621,8.846264367816092,-2.397270114942529,6.20617816091954,6.580459770114943,0.37428160919540243
85140081,0.8726651480637814,3.667653758542141,4.497837928595936,4.56432722852896,4.563135356891601,4.639066059225512,5.6182109354625,5.600689969846543,5.569161154511542,24.82444119212347,18.570782331027143,-6.253658861096326,14.983463178009702,12.501322945759224,-2.4821402322504778
85596483,1.0,6.5,6.5,6.5,6.5,11.75,11.75,11.75,11.75,23.5,22.333333333333332,-1.1666666666666679,14.166666666666666,16.0,1.833333333333334
85669295,0.8393177737881508,6.072710951526032,7.120309771344013,7.207469523401227,7.207469523401227,5.413824057450628,6.649394493237454,6.703596751953993,6.565544189296247,31.745622568093385,29.362354085603112,-2.383268482490273,23.571347678369197,27.43091732729332,3.859569648924122
85675727,0.8599752168525403,4.557620817843866,5.470539446299675,5.509393925396961,5.509393925396961,6.790995456422966,7.867719910727945,7.7502570535739554,7.699438200273426,16.59114315139032,13.348867147270855,-3.2422760041194643,9.440728656878738,9.117183251767266,-0.32354540511147256
85759253,0.7565217391304347,4.973913043478261,6.561316608586954,6.637153081217834,6.637153081217834,4.808695652173913,6.680928493226265,6.734505526243323,6.734505526243323,12.008196721311476,9.21311475409836,-2.7950819672131164,6.724137931034483,6.043103448275862,-0.681034482758621
85862521,0.6778115501519757,2.231003039513678,4.331572889565238,4.375211040586808,4.375211040586808,2.872340425531915,5.349817448157639,5.329969416786239,5.248165930190106,33.0,30.92124542124542,-2.0787545787545803,9.768191268191268,7.696465696465697,-2.0717255717255716
85923089,0.9752031846077293,4.082849560457787,4.2445171894956,4.256619914007627,4.256619914007627,0.991126223254271,1.1818020230776993,1.1883084615706483,1.1500457592649436,11.524303859306302,10.925744992672204,-0.5985588666340984,6.4679015478304995,7.124207054047196,0.6563055062166967
86645135,0.849093581577658,3.037236648701617,4.02110020081455,4.081207076803062,4.0880707528687354,3.5203331700146987,4.680732260622845,4.709108925341825,4.445381859294519,22.83216986620128,18.612274578243163,-4.219895287958117,14.695241427571728,12.37333799860042,-2.321903428971309
86699163,1.0,0.8,0.8,0.8,0.8,4.6,4.6,4.6,4.6,6.0,12.909090909090908,6.909090909090908,2.6363636363636362,11.363636363636363,8.727272727272727
86856545,0.6823880597014925,1.4513432835820896,3.522075695380594,3.6621690059509953,3.7848328000608005,1.395820895522388,3.8381067210145607,3.90656310562163,3.8514739516631598,14.343853820598007,9.879291251384275,-4.464562569213731,5.340599455040872,7.632152588555858,2.291553133514986
87564317,0.8135922330097087,1.5391585760517799,2.7544800295053147,2.7877842668386816,2.7313588200043784,2.886084142394822,4.319471837624916,4.315411182906807,4.071536193093354,14.752753623188406,11.068985507246376,-3.68376811594203,5.114715719063545,7.1464882943143815,2.0317725752508364
87590911,0.8853228962818004,9.6646771037182,10.412336638612489,10.461379242677179,10.466862124418878,10.226908023483366,11.108720793671498,11.058531867875924,11.010378269503876,29.291952244085785,39.774596506743315,10.48264426265753,16.712246431254695,42.28537440520912,25.573127973954424
87822007,0.7378786457844884,4.1678702053831005,5.876821019664332,5.97125504899515,5.959509753823078,7.750070336678233,9.765659761174328,9.806531321295473,9.131543234952595,20.858084894159372,14.119694115039344,-6.738390779120028,11.204874234328164,10.735370780659455,-0.46950345366870927
87972675,0.7717352415026834,3.2354203935599286,4.723636590493546,4.818493230320934,4.818493230320934,4.44830053667263,6.203548729210465,6.19040507007887,6.1106210613271505,14.873839009287925,15.114164086687307,0.24032507739938147,9.510904684975767,12.726575121163167,3.2156704361874002
87989253,0.7142857142857143,18.428571428571427,20.291340918239793,20.457458905907433,20.457458905907433,43.857142857142854,46.05415078286756,46.17150999804778,46.17150999804778,72.1,87.2,15.100000000000009,65.9,99.9,34.0
88094831,0.7989620322316306,10.77929527451516,12.090001148698637,12.149184415098896,12.133463169163901,15.68888281890194,17.23476984885737,17.21141152706412,16.81233742965715,27.031643416127935,13.511398434841784,-13.520244981286151,17.129087779690188,10.086919104991393,-7.042168674698795
88184655,0.6377649325626205,2.398843930635838,4.760505441621935,4.825480299996753,4.553278864204793,2.163776493256262,4.949193092729964,4.977170822785401,4.87345850259223,20.680555555555557,20.694444444444443,0.013888888888885731,11.71875,12.8046875,1.0859375
88203825,0.6526286037309215,2.1088185415488976,4.373573476486283,4.513201491947695,4.513201491947695,2.5491803278688523,5.2203023155751245,5.236360625956898,4.879921239476973,24.334089323098397,15.624563852058618,-8.709525471039779,25.65862754848334,9.668075584286425,-15.990551964196916
88524365,0.7595043649676148,4.118558152633061,5.68651591231167,5.719365016219464,5.708416795745995,6.379892987890735,8.229190844829942,8.208865864884975,7.913281371357807,22.13809523809524,20.320354808590103,-1.817740429505136,13.951140766250537,18.672298751614292,4.721157985363755
88728341,0.8011015911872705,2.692778457772338,3.9895350639521205,4.0085998677728885,4.0085998677728885,3.332313341493268,4.861748173507861,4.882475313363932,4.73188480682711,13.858351729212657,10.759013980868286,-3.0993377483443716,8.386777513855899,7.7862232779097384,-0.6005542359461602
89953159,0.5419861963190185,6.397878323108385,9.383987810811995,9.488272867793764,9.561247455492797,6.436413599182004,9.958323447906519,9.86477662938875,9.484919462782912,25.63148949320148,38.42403172641121,12.792542233209726,31.355360114095554,95.68445448062752,64.32909436653196
90212583,0.8096740273396424,2.1756046267087275,3.41647157907982,3.50389750213729,3.50389750213729,2.8517350157728707,4.315251862194107,4.341621209518428,4.058620714354101,22.892134831460673,18.574719101123595,-4.317415730337078,15.293975903614458,11.785542168674699,-3.508433734939759
90303595,0.6153846153846154,1.8162393162393162,4.323813629254422,4.363568361345823,4.18468574637143,2.200854700854701,5.158365370099487,5.17591909886576,4.978751720916108,19.727678571428573,14.375,-5.352678571428573,6.6923076923076925,10.752747252747254,4.060439560439561
90686447,0.8115428101552061,7.7921163531709325,9.020799414901255,9.050695917130106,9.002903193172747,7.570459451125501,9.01960624024636,9.020230510256726,8.320751421970956,27.018893466745144,39.42834020011772,12.409446733372572,16.57344138812294,46.225939874907525,29.652498486784584
91579091,0.7395700723820609,1.28261739351835,2.9805406252896818,2.8502108412865077,2.8502241262229897,1.8063870803477249,3.8089702331015514,3.61517863658537,3.412962488618747,11.13849097750791,9.506253741554776,-1.6322372359531343,10.277376790346228,8.17623397616631,-2.1011428141799176
91581341,0.923581809657759,1.9413970932958275,2.439620250284014,2.2787925174509396,2.2787925174509396,2.792780121894046,3.380399916374093,3.1329128101054353,2.9634764276479983,10.192511949017526,6.767923526287839,-3.4245884227296868,4.440580503833516,3.0402519167579407,-1.4003285870755753
92034465,0.0784313725490196,0.0196078431372549,6.0279525696165885,6.369960191285258,6.369960191285258,0.0,7.086427525131626,7.311941311164212,7.010391203711802,87.13235294117646,76.79411764705883,-10.338235294117638,61.06666666666667,56.55,-4.516666666666673
92660435,0.7699947726084684,8.534239414532149,10.033802934704276,10.110782314575074,10.110782314575074,11.727260846837428,13.495892423218002,13.399554693872497,13.292029933262995,32.52088167053364,35.93000773395205,3.4091260634184124,24.279098651525906,32.69215755855217,8.413058907026262
92740481,0.9381900583385565,2.109155778409913,2.5121376356078273,2.537844839993689,2.5354930230607557,2.8446072995516127,3.319896560567317,3.323508183832006,3.2819852530724436,14.340929054926885,8.014261354828708,-6.326667700098177,8.297853214890017,7.776623307952622,-0.5212299069373945
92919305,0.7376979032948224,8.304022250748824,10.014151450613383,10.119636728190951,10.124342604263195,8.374839537869063,10.391818786753248,10.343280468028487,10.073472477150014,18.401952214452216,29.04822261072261,10.646270396270396,10.503576537911302,25.714055793991417,15.210479256080115
92953651,0.6038647342995169,4.458937198067633,7.041617601617491,7.225681712954396,7.225681712954396,5.695652173913044,8.741745288323616,8.127415367768373,7.793088074723309,21.89010989010989,24.263736263736263,2.3736263736263723,11.932258064516128,17.90967741935484,5.977419354838711
92995949,1.0,7.0,7.0,7.0,7.0,9.0,9.0,9.0,9.0,18.0,11.0,-7.0,9.0,2.0,-7.0
93096729,0.64,2.72,5.06708955698214,5.06708955698214,5.06708955698214,2.96,5.728229986413121,5.728229986413121,5.728229986413121,9.65625,7.5625,-2.09375,3.6666666666666665,2.2222222222222223,-1.4444444444444442
93227001,0.9055883373828532,2.718153418951753,3.333688495024048,3.3768757122274713,3.3768757122274713,2.9173897952099965,3.643370893887509,3.636086175516593,3.513309960299072,19.02865761689291,11.941365007541478,-7.087292609351433,9.94574721780604,6.546899841017488,-3.3988473767885523
93815793,0.787224048849225,2.56599342414279,3.9532273489286958,3.963961241923778,3.9157729373735948,3.2428370126820103,4.878983591468534,4.867592198895869,4.6183778193456035,13.090350560173473,8.779725334297073,-4.3106252258764,6.574393358876118,4.125159642401021,-2.4492337164750966
200661421,0.8284198113207547,7.6415094339622645,8.760159625723603,8.799715733343541,8.67939713485767,11.838443396226415,13.15781401671616,13.171813517444782,12.963253213174925,26.37034529451591,21.129316181448882,-5.241029113067029,14.496606334841628,14.851432880844646,0.354826546003018
200686597,0.7494626224026749,3.1640792930499164,4.797506133584285,4.894467209023384,4.894467209023384,3.939097205636494,5.86561132058711,5.814296699839928,5.559019805675833,14.302959760558696,12.53225806451613,-1.7707016960425666,6.921523809523809,7.259047619047619,0.3375238095238098
200953869,0.65,0.85,3.1318926248437466,3.335387159736605,3.335387159736605,1.45,4.141334709012756,4.244024022295451,3.475071248291807,18.375,20.71875,2.34375,9.428571428571429,21.0,11.571428571428571
201302005,0.6672932330827067,4.071428571428571,6.240574621897654,6.411064135556547,6.411064135556547,5.37218045112782,7.930538364636186,7.779675208147116,6.3198212575011,15.106382978723405,12.28368794326241,-2.8226950354609937,10.090534979423868,10.174897119341564,0.0843621399176957
201590505,0.9293915559171865,2.4086429798390743,2.8689883735655433,2.8987956777219757,2.896903510110367,3.4221137329355393,3.965059322391146,3.8799583728483062,3.816000633757505,14.346797705257218,11.96515564751246,-2.3816420577447577,8.900731806477843,7.258571622171026,-1.6421601843068174
201631749,0.9173877927772008,2.9249451944155993,3.463551441226367,3.49170162293731,3.4919060841046132,3.458174685589016,4.093423544694369,4.059368236045987,4.043398292660658,9.876245443499393,8.739975698663427,-1.1362697448359658,4.231141985767536,6.0584547610979325,1.8273127753303964
202180733,0.7579656862745098,1.6452205882352942,3.2232100609476193,3.289140723792387,3.289140723792387,2.9246323529411766,4.785761922374017,4.75947433286315,4.264743687824041,15.181598062953995,9.67635189669088,-5.505246166263115,7.591377694470478,5.422211808809747,-2.169165885660731
202293781,0.7459926017262639,3.1368680641183726,4.79291837490862,4.910491401938491,4.922007031079502,4.041923551171394,5.995120486371773,6.030777702922697,5.736850008790601,33.33657243816254,32.00971731448763,-1.3268551236749104,26.537393162393162,27.014957264957264,0.4775641025641022
202467369,0.8119378577269011,5.325838103025347,6.551945575783347,6.612796645673047,6.612796645673047,5.934178250204416,7.380287310064091,7.388718254509857,7.332131378254478,22.673333333333332,17.775277777777777,-4.898055555555555,13.550884955752212,13.123261694058154,-0.4276232616940572
202568909,0.8818128310771042,3.7712772218952324,4.541821305084713,4.578532548563428,4.567445827341059,6.930311948204826,7.839115462153806,7.825282411170831,7.459588566912476,14.95446973903387,9.357717934480844,-5.596751804553026,10.326730874068689,7.7539523896056695,-2.5727784844630195
202575221,0.5636660025357725,1.3341785908349937,4.178942393069882,4.197477519873569,4.244902337809869,2.4758195978989312,5.831021975321101,5.817484478489007,5.243659912487374,27.4065196548418,22.420421860019175,-4.986097794822626,37.535833333333336,33.025,-4.510833333333338
202579925,0.9473684210526315,13.263157894736842,13.606299642833646,13.606299642833646,13.606299642833646,20.210526315789473,20.615238302107183,20.615238302107183,20.615238302107183,15.378787878787879,13.272727272727273,-2.1060606060606055,25.333333333333332,40.5,15.166666666666668
203109813,0.4491803278688525,5.331147540983607,8.922322819426224,9.146309778207591,9.146309778207591,8.921311475409835,13.156854624020076,13.203150404603242,12.093841484729131,29.485981308411215,23.6588785046729,-5.827102803738317,19.52413793103448,19.494827586206895,-0.029310344827585766
203250525,0.6157821757216689,3.628765914534224,6.133748256117751,6.182053342161169,6.172911536373374,6.381822765662423,9.336276383667098,9.337465938689592,8.704507207535704,26.321015728633693,18.876065946560544,-7.444949782073149,19.60249042145594,18.58032293377121,-1.0221674876847295
203253337,0.819509650495566,1.767605633802817,2.9443473406303546,2.9393573876259893,2.9366279580547836,2.2741262389149712,3.66201178823819,3.5527427477371214,3.5326865981804274,15.465105008077545,11.074636510500808,-4.390468497576737,8.492700729927007,8.255640345056403,-0.23706038487060432
203359885,0.6231840796019901,2.2066666666666666,4.663390865752173,4.713524261110521,4.70987986156664,2.9556218905472638,5.853158363335126,5.773598885353958,5.418579893177151,16.606910979656615,10.37144712162747,-6.235463858029144,7.3755341034973885,6.264994461148916,-1.1105396423484724
203430477,0.7678394245080205,6.538469489002812,8.05208521755889,8.077481914194047,8.022381048748148,4.962440052918803,6.7476452383072045,6.7583345207607906,6.628787532416784,20.988103070175438,31.549931469298247,10.56182839912281,10.486377144202194,30.705137258363493,20.2187601141613
203457165,0.870826414161043,4.365261633042434,5.2074337840439675,5.235428260530434,5.234819937051232,5.354626718015758,6.347910589604396,6.340304223919955,6.171858928409846,20.88747069549362,17.496148550589812,-3.391322144903807,12.9818855246114,14.78689685880829,1.805011334196891
204288513,0.6884105542229516,0.381113495770736,2.4125810909072993,2.413461908415447,2.4131976833687108,0.4037747759121323,2.7997504627173275,2.7974786931102544,2.7949546718851446,192.49692307692308,182.59846153846155,-9.898461538461532,106.17666666666666,93.21416666666667,-12.962499999999991
204450829,0.8613059250302297,2.4513905683192263,3.355633387699353,3.367273559173016,3.3539938209171307,3.320677146311971,4.387169083170714,4.305995253869129,4.225287755944683,9.58860470427038,6.095569764786481,-3.4930349394839,4.017246606258632,3.0847845858456564,-0.9324620204129754
204557249,0.4,3.8625,7.774315928303565,8.010514942018492,8.068884787226992,4.6,9.213716644021867,6.76913946117868,6.76913946117868,13.576,16.5,2.9239999999999995,2.741573033707865,6.106741573033708,3.365168539325843
204625113,0.8950643776824034,3.025536480686695,3.709684545400731,3.749384471262893,3.7489618208230606,3.3668454935622316,4.173750872291378,4.1780067008117125,4.064973943259675,14.58041632747994,10.32492150250029,-4.25549482497965,8.320608355729293,6.121976545321281,-2.1986318104080125
205160605,0.6842236645032451,5.253619570644034,7.312384402273261,7.4493923481678905,7.3768533938002765,5.860708936595107,8.28887982804446,8.344085119379457,7.685695699800701,20.555973517905507,17.273547998796268,-3.282425519109239,12.929115531104529,13.775497249259416,0.8463817181548876
205323077,0.729064039408867,5.01871921182266,6.785138555473695,6.889391913251318,6.886065437164691,6.111330049261084,8.194699634000022,8.00502933792153,7.5807795315746915,19.554109589041097,21.388356164383563,1.8342465753424655,12.565524193548388,22.353830645161292,9.788306451612904
205620321,0.7372656886715566,5.017013039934801,6.729960146545589,6.798912833103626,6.736432547158357,3.620925020374898,5.641227795594335,5.611640015271951,5.023331607288315,17.402797704447632,23.63658536585366,6.233787661406026,9.717254076801684,21.811590391022268,12.094336314220584
205649397,0.8181818181818182,7.090909090909091,8.276307857061687,8.382019303759277,8.382019303759277,12.818181818181818,14.216277770915717,14.216277770915717,12.818181818181818,21.0625,22.375,1.3125,20.75,22.0,1.25
206482981,0.6519825895633041,3.385708136030994,5.654674885153038,5.74971327262974,5.7498289598221355,4.478882670875783,7.154972202444405,7.211172493056058,6.780114641077165,26.50930781331935,20.294126900891452,-6.215180912427897,17.010450705962143,13.541032122818915,-3.469418583143227
206760065,0.9285714285714286,3.4,3.865692372417091,3.882304171183855,3.882304171183855,6.514285714285714,7.06353769571689,6.891611388352094,6.891611388352094,6.323076923076923,3.7384615384615385,-2.5846153846153843,3.7333333333333334,1.8666666666666667,-1.8666666666666667
208194341,0.7740058195926285,11.891690914969285,13.365103639338395,13.366134211793895,13.35699071340499,15.814958508459963,17.55274702778925,17.552067877360948,17.175837077277258,26.946466962878027,24.91271320051598,-2.0337537623620463,16.49416861046318,24.536237920693104,8.042069310229923
208262549,0.8996748722712494,4.305620065025546,4.95970911945624,4.999676196842137,5.004013946602174,7.0278680910357645,7.7993209437286914,7.806132081646928,7.516837261887081,25.951851851851853,23.302645502645504,-2.6492063492063487,9.056652360515022,8.65793991416309,-0.39871244635193115
208352141,0.8656675749318801,2.9674386920980926,3.843244892213287,3.8890342837391043,3.870040196284615,5.527111716621254,6.560064625568929,6.492121141122838,6.086692362458789,16.23045987060675,13.226001049134464,-3.004458821472287,9.372474494898979,9.617823564712943,0.24534906981396354
208399637,0.7708333333333334,3.0555555555555554,4.54965191706039,4.634441306599081,4.634441306599081,11.270833333333334,13.033016773758352,12.953293536097163,12.84649453970777,24.21171171171171,17.15765765765766,-7.054054054054053,18.010752688172044,11.758064516129032,-6.252688172043012
208561057,0.8467815049864007,3.981867633726201,4.980805215901031,5.026137504466724,5.016650076564638,4.28558476881233,5.463762636506037,5.452740222462267,5.083252488806844,18.047491995731058,12.10725720384205,-5.940234791889008,11.637376237623762,7.78960396039604,-3.8477722772277225
209200697,0.7259615384615384,9.264423076923077,11.05106977494634,11.206206405256143,11.217431375488548,9.143028846153847,11.250255197990755,11.295084696294916,11.239631371246576,42.30880420499343,54.74178712220762,12.43298291721419,30.148843930635838,59.93280346820809,29.783959537572255
209277141,0.8152173913043478,7.586956521739131,8.791682441687692,8.842240090108278,8.842240090108278,15.793478260869565,17.21436925631108,17.21436925631108,16.545714670220956,21.223684210526315,24.875,3.651315789473685,15.26271186440678,20.593220338983052,5.330508474576272
209668689,0.7560975609756098,4.439024390243903,6.029193466790067,6.142639897392358,6.142639897392358,6.7317073170731705,8.607201887813765,8.687349644522211,8.687349644522211,9.636363636363637,9.848484848484848,0.21212121212121104,4.909090909090909,6.151515151515151,1.2424242424242422
210012397,0.7378111651200472,4.117690381499484,5.8270811490107395,5.896648764961654,5.893565944818482,5.879216379437325,7.895324698374558,7.909634505471829,7.681972835749141,17.55604075691412,18.43104075691412,0.875,9.346632346632347,17.804804804804803,8.458172458172456
210158485,0.5141776937618148,7.109640831758034,10.277053224870878,10.466750582481719,10.456859625037483,8.215500945179585,11.95124504572659,12.011033908658671,10.208573720067896,21.131436314363143,15.234417344173442,-5.8970189701897,17.322857142857142,18.428571428571427,1.105714285714285
210277869,0.595166163141994,4.477341389728097,7.1167338086237555,7.155377570105351,6.711064607762906,5.235649546827794,8.34863056545282,8.332126863140303,8.239202056614184,18.7,15.083333333333334,-3.6166666666666654,8.14090909090909,10.154545454545454,2.0136363636363637
210362181,0.770190208917992,4.666978484565014,6.165267819956204,6.238727309124423,6.225675069678208,5.267539756782039,7.034668520239121,7.053304912610966,6.669667731941858,16.906383806928766,20.521798365122617,3.6154145581938515,12.356176735798016,20.29824165915239,7.942064923354373
211091057,0.71484375,4.23046875,6.089600018008856,6.177112210243806,5.972724847431267,3.3203125,5.5130293946197675,5.549933366580737,4.799002923217802,17.996913580246915,14.756172839506172,-3.2407407407407423,17.702380952380953,16.136904761904763,-1.5654761904761898
211431193,0.8706896551724138,3.5376588021778583,4.380722579829489,4.423458014950883,4.421084005655056,5.24092558983666,6.2352610734620635,6.250739253532075,6.139094567651328,15.7112874328129,13.129255183004863,-2.5820322498080372,10.175541878512176,9.883864062081884,-0.2916778164302922
212105717,0.7367966613901281,4.31342639228666,6.029431412881283,6.11871656390165,6.112207007831434,5.0246078572456465,7.048517230756462,7.100871245017382,6.892836820621519,23.117978517344604,18.201443916182427,-4.916534601162176,15.48108448928121,16.45094577553594,0.9698612862547282
212617425,0.5947814451382694,2.2100802854594113,4.851980947713194,5.036622350598011,5.027287263197474,3.7450936663693133,6.86103298475607,6.950119327012017,6.444229344114883,14.883089770354905,10.32776617954071,-4.555323590814195,11.1176,4.68016,-6.43744
213028557,0.7482993197278912,3.1564625850340136,4.797473802122811,4.896353556686883,4.896353556686883,4.687074829931973,6.622534193070398,6.664448198491906,6.141351073319359,17.821969696969695,14.083333333333334,-3.7386363636363615,10.632478632478632,10.649572649572649,0.017094017094017033
213370877,0.8503657725559742,4.19241853247617,5.167987789701066,5.191337011091488,5.19406824058297,5.56062957215695,6.711246114946708,6.680078980891833,6.327223241102972,18.425059241706162,16.212825829383885,-2.212233412322277,12.154157782515991,13.534968017057569,1.3808102345415776
213655221,0.6719140429785108,13.507496251874063,15.64651603942303,15.753484409795922,15.754369999469596,12.95752123938031,15.480347307013457,15.540390533670504,14.522037284740142,33.755857142857145,57.08685714285714,23.330999999999996,34.18407960199005,100.64563545906829,66.46155585707824
213819745,0.8600357355568791,1.6140559857057772,2.5265800507755984,2.5691731381436265,2.5691731381436265,3.7564026206075045,4.8326617146566795,4.837799238370644,4.370656993293981,11.261854583772392,15.151738672286617,3.8898840885142256,5.268047337278107,11.774556213017751,6.5065088757396445
214407333,0.8099588853357698,6.847342774478453,8.086352540105286,8.144519644903067,8.140291551293974,10.219887315364703,11.681213738322748,11.699026476448251,11.482403569198864,24.46234805810851,11.913183120861746,-12.549164937246765,9.879900881057269,7.31420704845815,-2.565693832599119
214412653,0.7052023121387283,8.699421965317919,10.62141245032256,10.682122727611155,10.682122727611155,10.063583815028903,12.330438813536755,12.376382893586921,12.287486619135633,26.369565217391305,26.507246376811594,0.13768115942028913,16.06422018348624,22.692660550458715,6.628440366972477
214518153,0.5504587155963303,4.412844036697248,7.3437152979644456,7.493069085041773,7.493069085041773,6.4036697247706424,9.860429901484274,9.906971415949991,9.906971415949991,18.666666666666668,19.525641025641026,0.8589743589743577,16.4375,18.609375,2.171875
215010721,0.7841817416912074,14.062894404711821,15.46996323883027,15.567751068979648,15.59649640688256,14.61905763567522,16.278598119747034,16.252004346343007,16.053592748507263,43.733356940509914,55.14292669971671,11.409569759206796,34.36540198735321,68.1150255947004,33.74962360734719
215261525,0.847996751488901,5.442203573362209,6.433218121161548,6.4935837387362145,6.492167302220784,6.4223064428803465,7.591139638882097,7.606735551107479,7.569266276792196,20.148426266176706,16.68517335037546,-3.4632529158012453,12.127992476060191,12.195365937072504,0.06737346101231267
216048809,0.6897810218978102,7.795620437956204,9.818153004293206,9.922196643924348,9.922196643924348,10.952554744525548,13.337992182128094,13.307112957996337,12.844057455402902,25.96751740139211,25.183294663573086,-0.7842227378190252,25.728632478632477,33.51923076923077,7.79059829059829
216052633,0.8802497857230317,3.169829802865189,3.9505644622425384,4.001323301256203,3.9994013042604877,3.188686176074446,4.109508770632502,4.1053678238011075,3.9311835906791854,12.146195793300441,8.986561931965722,-3.1596338613347186,5.562171753016323,5.2144073811213625,-0.3477643718949608
216812081,0.7850115389287016,3.9718207214867,5.373479532186994,5.448692986931263,5.4491234654778475,4.7087331470909755,6.361892882286471,5.926627163282134,5.841634205144964,14.721981553940749,10.40797931805478,-4.314002235885969,6.648828372387587,5.734642178594047,-0.9141861937935403
217150353,0.6199376947040498,5.348909657320872,7.826799289994989,7.9545899984484,7.973986001009895,5.160955347871235,8.083454987386645,8.04587939860944,7.023803021948313,18.46736111111111,24.90277777777778,6.435416666666669,17.05754475703325,25.11764705882353,8.06010230179028
217191545,0.8275862068965517,1.5481874447391688,2.67227248160801,2.7310477967259,2.7171689731503004,2.0568818155025053,3.382662460336375,3.3291620981213943,3.0753374276574736,17.191014975041597,9.573211314475873,-7.617803660565723,5.4994637111190565,4.838040757954952,-0.6614229531641049
217806309,0.855907378992886,8.639349979076579,9.578789662420974,9.619216437798151,9.613597250592182,12.958153159436463,14.066157365805225,14.012160701813388,13.79924798645598,26.796120226959054,14.144494709400398,-12.651625517558656,13.03086368538953,8.736248236953456,-4.294615448436074
218611053,0.6369445251234389,9.12111530641882,11.488125622218732,11.018254222200207,10.999037210558052,8.36015103107755,11.151876176312971,10.38386171477636,9.24260447540412,20.29978186350888,36.88703645995637,16.58725459644749,17.6852416195037,56.42403134523291,38.73878972572921
218746945,0.7789351851851852,5.0844907407407405,6.525765513707525,6.597541082888979,6.585429239166755,5.809027777777778,7.508911803642316,7.481268711902761,7.125272057271444,19.22238372093023,17.12136627906977,-2.1010174418604635,11.605026929982047,17.343806104129264,5.738779174147217
219060241,0.8341436310598694,10.405472982358662,11.486805625409652,11.468727288341098,11.49306308691709,13.018058063619947,14.293415213446801,14.322063950049184,14.206705011873892,22.210397708122684,17.574233232221097,-4.636164475901587,13.198571428571428,17.17142857142857,3.9728571428571424
219232573,0.8642213642213642,6.2979407979407975,7.183175848211124,7.217693075380007,7.217693075380007,5.47940797940798,6.523481565732104,6.539368019346486,6.470092994661473,20.783755997258396,25.00514050719671,4.221384509938314,12.214117647058824,26.829803921568626,14.615686274509802
219256429,0.9024317912218268,14.1788256227758,14.81494041143331,14.833389754962827,14.824079583275992,12.59608540925267,13.3463388571981,13.3425751083493,13.242237261207663,31.82442748091603,51.19101318528799,19.366585704371964,21.83555386372288,60.3743814236772,38.53882755995432
219344965,0.6320346320346321,7.0519480519480515,9.450969364399734,9.579333263961091,9.599547928968365,11.445887445887445,14.27536735022986,14.332891896287778,14.233027899663927,28.951428571428572,22.665714285714287,-6.285714285714285,20.419847328244273,21.519083969465647,1.099236641221374
219478189,0.7521968365553603,6.532513181019332,8.148113784097255,8.24212079996541,8.24212079996541,10.541300527240773,12.446789826617115,12.43718925462161,11.437145225161684,19.170572916666668,15.588541666666666,-3.5820312500000018,14.476271186440679,16.9864406779661,2.5101694915254225
219478277,0.4423791821561338,2.836431226765799,6.471947888757961,6.683763761508891,6.683763761508891,3.2490706319702602,7.536911379202479,7.678920392366653,7.5359923674589115,25.07345971563981,22.665876777251185,-2.407582938388625,14.0,12.876884422110553,-1.1231155778894468
219493349,0.7467652495378928,1.1478743068391868,2.7988871909352695,2.913880141732924,2.913880141732924,1.2292051756007394,3.1764608140203197,2.3635119161553915,2.306657736931462,7.921626984126984,6.476190476190476,-1.445436507936508,5.4811083123425695,4.693954659949622,-0.7871536523929477
220056537,0.4445853411108293,3.9500380420999237,7.571171224526506,7.74041795780968,7.67937647709752,5.041846309916307,9.312722736667466,9.265972698837887,8.183627303017387,39.94103671706264,41.07818574514039,1.1371490280777508,39.42537826685007,40.61898211829436,1.1936038514442942
220086349,0.9214285714285714,2.664285714285714,3.1765473239445146,3.2056179717863515,3.2056179717863515,3.4571428571428573,4.06132003671715,4.075989938614677,3.9661395423284422,9.886363636363637,5.4356060606060606,-4.450757575757576,4.030769230769231,2.253846153846154,-1.7769230769230768
220335253,0.8245533669262483,5.120705451213926,6.264563674255815,6.303916945041376,6.270361090331337,9.064590013742556,10.413691765659166,10.396000524147238,9.746106860364954,16.04130288784419,10.963398253861651,-5.077904633982538,10.133511074651354,7.377563576702215,-2.7559474979491387
220476725,0.80620884289746,2.645343367826905,3.908802259690396,4.000690666791592,4.000690666791592,5.625587958607714,7.115750436921457,7.073344027211078,6.762290694359181,15.737825594563986,17.361834654586637,1.6240090600226509,8.901048492791611,13.779816513761467,4.878768020969856
220886017,0.6197183098591549,6.001173708920188,8.480493663478786,8.619198603888785,8.619198603888785,7.496478873239437,10.42066547860541,10.31655861264316,9.098147527074005,19.952180028129394,14.80168776371308,-5.1504922644163145,13.899797570850202,7.958502024291498,-5.941295546558704
222701181,0.829685746352413,13.292087542087542,14.402484225813817,14.49416606693117,14.491229862392446,19.144781144781145,20.45441732272787,20.477549417766166,20.44087097456173,39.55529877847474,18.29762297788049,-21.257675800594253,26.552542372881355,17.07728813559322,-9.475254237288134
223002933,0.7806545153272577,4.620339685169842,6.050404953077008,6.1343413306485095,6.133257586554059,5.389188069594034,7.075851258636826,7.040418722206192,7.011750226075152,15.507585497557212,12.802905631267677,-2.704679866289535,8.3804318488529,9.399325236167341,1.0188933873144403
223864433,0.6160503540519277,6.115656963021243,8.618890864164884,8.801470454466685,8.819840193320658,7.4657749803304485,10.418166433625323,8.971202693386763,8.874402973606601,24.252648305084747,15.797139830508474,-8.455508474576273,11.694475760992109,10.552987598647125,-1.1414881623449844
223907837,0.7299357945425361,9.82223113964687,11.582966907268794,11.700397862737576,11.7116408505787,10.10593900481541,12.18260520427148,12.196929934329841,11.2959098299596,33.91360394953374,46.945968184311575,13.032364234777837,33.94840425531915,92.84414893617021,58.89574468085107
224367081,0.8952772073921971,2.8329911019849416,3.515751582284332,3.545996198793293,3.545996198793293,3.4715947980835042,4.276863616855288,4.285579205388522,4.048735435161527,13.772841575859179,10.05490360435876,-3.717937971500419,6.399734395750332,6.46613545816733,0.06640106241699861
225137717,0.8046580659892681,2.483274346386574,3.7568438279345817,3.866041425690525,3.866041425690525,3.170567416371732,4.6726546367396224,3.725260313919388,3.6120111897654086,9.868961913608917,5.438980492336275,-4.429981421272642,4.911070242050308,3.2623398196487896,-1.6487304224015187
225883357,0.6842577918647649,3.9584257791864763,6.016968110888397,6.109285151680833,6.102594596230515,6.076122556788167,8.50403102494442,8.53478870690439,7.700436357298744,21.917430604525933,13.769087762036028,-8.148342842489905,14.30810701256587,11.261978111066073,-3.046128901499797
226524537,0.6954887218045113,12.583959899749374,14.569280013738025,14.462306027170566,14.449192452012669,11.679197994987469,14.020745915825636,14.044423652221644,13.986607654176256,39.19449378330373,70.12699822380107,30.93250444049734,27.74808429118774,88.22701149425288,60.47892720306514
226587145,0.405982905982906,1.6730769230769231,5.545886139844698,5.825411599862361,6.044922128851596,1.9059829059829059,6.473693828483189,5.919498318958118,5.4758717185714,22.116834170854272,18.253768844221106,-3.8630653266331656,16.5678391959799,15.236180904522612,-1.3316582914572876
226708285,0.7671344647519582,2.4073107049608353,3.925522554854544,3.98523346464114,3.9253209129553963,4.040687554395126,5.831313547383378,5.854738188168011,5.403003529810779,18.54806618263055,12.97197012007819,-5.5760960625523595,12.223453370267775,10.58157894736842,-1.6418744228993543
227055517,0.6660633484162896,4.709502262443439,6.886666783625967,7.030309984726808,7.011369472553048,6.246153846153846,8.813968991921673,8.721730033237634,8.471211482431018,28.810990338164252,24.52415458937198,-4.286835748792271,17.188953488372093,16.619912790697676,-0.5690406976744171
227173505,0.902020202020202,3.186868686868687,3.8256669108509187,3.8411682651940118,3.8411682651940118,3.6272727272727274,4.38069110180155,4.403510949197705,4.294770152873958,14.74037403740374,10.871287128712872,-3.8690869086908677,7.667155425219941,6.9058651026392965,-0.7612903225806447
227459329,0.7647058823529411,1.588235294117647,3.1222807561974766,3.1222807561974766,3.1222807561974766,2.1176470588235294,3.926947703537987,3.926947703537987,3.926947703537987,10.181818181818182,4.090909090909091,-6.090909090909091,4.0,2.0,-2.0
227619185,0.4356060606060606,1.6956168831168832,5.375292219715566,5.637218666417841,5.617399285781474,2.335227272727273,6.675150126005418,6.756137554683309,6.491914063616039,11.26284970722186,6.6306115810019515,-4.632238126219909,8.497171945701357,11.248303167420815,2.751131221719458
227982489,0.8356643356643356,3.7587412587412588,4.830159374302259,4.854554323540164,5.017826617829677,6.454545454545454,7.718209104131864,7.729698817506152,7.6221529749881585,18.772727272727273,18.675324675324674,-0.09740259740259916,6.60352422907489,5.149779735682819,-1.4537444933920707
228445537,0.823086574654956,9.015056461731493,10.168477720390637,10.230522689764848,10.302042931013153,8.989734230637618,10.3501149224132,10.253576367967348,9.918524514802762,32.353574567828886,46.35701728684442,14.003442719015531,21.1231884057971,55.07108350586611,33.94789510006901
228845729,0.5467687074829932,4.465986394557823,7.420915376680556,7.581594977847171,7.592071658320027,6.312925170068027,9.798059766530125,9.758366799858566,9.039108252746312,26.18915343915344,25.11574074074074,-1.0734126984126995,19.954449152542374,23.146186440677965,3.1917372881355917
228847105,0.7715658440707578,8.721554924656038,10.210875540877023,10.282402668729917,10.251955714828204,8.937540947805198,10.694091726594916,10.709799224526078,10.056550416735256,30.95127967930928,44.87696577243293,13.925686093123652,22.156899109792285,59.2602002967359,37.10330118694362
229060941,0.6954375305159225,6.3588129984267345,8.344466863912206,8.428294056179555,8.405929917680002,7.366842076710248,9.708783634382065,9.744263431355614,9.426386789576862,25.164348200200774,21.32335436684354,-3.840993833357235,14.51206896551724,16.49586206896552,1.9837931034482779
229095257,0.9276447105788423,9.670159680638722,10.14189397006322,10.174388107371461,10.174388107371461,10.958582834331338,11.514960839473694,11.511907323970672,11.385283364179653,18.549142857142858,16.004285714285714,-2.5448571428571434,5.123343527013252,9.04638124362895,3.9230377166156982
229435573,0.8086606243705942,13.34038267875126,14.58785670758254,14.68563713436173,14.648752728101902,16.682779456193355,18.154088892856926,18.18527901258346,17.96071073014534,25.713447171824974,39.82657417289221,14.113127001067234,19.53610771113831,48.07955936352509,28.543451652386782
229813265,0.774791192103265,4.968716780561883,6.4370091171030595,6.521904699411795,6.526868573871441,4.600303720577069,6.3320530961995525,6.313965660609563,6.137637841513814,24.049892511644572,29.562343246148334,5.512450734503762,19.960038363171357,30.269288150042627,10.30924978687127
230267613,0.5960548885077187,3.512006861063465,6.1456050632232415,6.28901191760777,6.21031292562439,5.486277873070326,8.592425013342337,8.024551094955118,7.38485624865706,30.002954209748893,26.76957163958641,-3.233382570162483,23.058189655172413,24.901939655172413,1.84375
231014749,0.7209302325581395,9.193798449612403,11.013247718590806,11.12817818680272,11.12817818680272,9.930232558139535,12.076147276289241,11.459153855999762,10.982283918633161,27.8125,23.334134615384617,-4.478365384615383,10.115853658536585,17.371951219512194,7.2560975609756095
231432505,0.8632395732298739,1.9903006789524733,2.8819367052874276,2.9400216078618064,2.9536091566979263,4.745877788554801,5.7975008839429085,5.5894593091978395,5.361980554521689,13.819466666666667,17.861866666666668,4.042400000000001,7.085840707964602,12.933038348082595,5.847197640117994
232001853,0.7925340990667624,4.028715003589375,5.381329030006857,5.466892315112047,5.466892315112047,4.6891600861450105,6.284474886482795,6.085692991890108,5.638563238162216,18.188670829616413,18.372881355932204,0.18421052631579116,12.557628979143798,15.564215148188804,3.006586169045006
232501693,0.8545680546923555,2.1454319453076445,3.093603612205339,3.1521423934406103,3.17976511605187,3.997513983840895,5.115816961571491,5.125773165966829,4.5379472417751066,16.770610687022902,15.472900763358778,-1.297709923664124,7.556007226738934,9.144083107497742,1.588075880758808
232776057,0.9333333333333333,3.8348837209302324,4.269529935186184,4.278093381837268,4.26998126325122,4.826356589147287,5.338991771816383,5.3244725169788865,5.312550768544721,17.31081081081081,15.277871621621621,-2.0329391891891895,5.961727183513248,14.342001962708538,8.38027477919529
232872673,0.7131809011432414,3.4307330195023535,5.300705551918259,5.418029917620268,5.414511211172385,4.214525891055817,6.420029308087117,6.441845733487984,5.888530690997129,17.795049504950494,14.11940594059406,-3.6756435643564345,9.853381642512078,7.239855072463768,-2.61352657004831
233426857,1.0,1.9411764705882353,1.9411764705882353,1.9411764705882353,1.9411764705882353,2.9411764705882355,2.9411764705882355,2.9411764705882355,2.9411764705882355,12.25,8.0,-4.25,6.0,2.5,-3.5
233644629,0.8349730244366868,7.369406537607109,8.445331790287662,8.450515766977064,8.399039470205235,6.079339892097747,7.348319398546161,7.364360083725321,6.925097946877794,22.670125223613596,19.899463327370306,-2.77066189624329,15.295510708401977,15.216021416803954,-0.07948929159802276
233672493,0.7326742461690559,1.288515406162465,3.0313973092985407,3.129603420954166,3.131794525393887,1.8801120448179272,3.9357208445271263,3.9871307866504933,3.7261252314605926,22.277944292284637,8.541238178905482,-13.736706113379155,6.974416517055655,8.880760023937762,1.9063435068821075
233690901,0.8668021429891003,11.50323295769444,12.371642122146337,12.414627068937078,12.41172720759143,18.873083317938296,19.89731193433702,19.899790137057522,19.71937816163084,24.384888888888888,13.276666666666667,-11.10822222222222,14.478411513859275,11.398720682302772,-3.079690831556503
233892273,0.0,0.0,6.519693213839276,7.101106170676015,7.101106170676015,0.0,7.6895277400364455,8.100284993167227,8.100284993167227,15.0,18.0,3.0,5.0,14.0,9.0
234236841,0.3387096774193548,1.7903225806451613,6.10173260915178,4.771158072949946,4.771158072949946,2.4193548387096775,7.504365118411197,7.524240469369139,3.183378035477597,11.552083333333334,13.895833333333334,2.34375,29.625,33.583333333333336,3.9583333333333357
234427865,0.618293547624675,1.9467422989049081,4.43535126613498,4.602776569519883,4.588140394873186,2.7876782478531474,5.722820601944108,5.711809272551212,5.069046416474739,16.98394847152643,14.234229628872303,-2.7497188426541257,12.994427143091297,11.858219963940337,-1.1362071791509596
234553349,0.9188503803888419,4.186813186813187,4.715883811097693,4.75667609801016,4.800095763084953,5.335587489433643,5.959589740527049,5.964624868877899,5.858457819212702,15.265055008685582,11.694412275622467,-3.5706427330631154,3.852168781351431,6.457214517556801,2.6050457362053705
234680225,0.8031336138111127,6.762512694037429,8.04602113610618,8.097915648883871,8.147115162951868,6.5122588132888435,8.02606835096902,8.041615861392666,7.647824581509761,22.644535374868003,28.010867652235127,5.366332277367125,15.945684442001099,33.169653655854866,17.223969213853767
235585525,0.785022026431718,3.028193832599119,4.429784267997166,4.462056529037444,4.44064186896702,4.181497797356828,5.8345768886069544,5.796506158188828,5.505184842927535,13.277571251548947,10.337050805452293,-2.940520446096654,6.272058823529412,5.922794117647059,-0.34926470588235325
235792569,0.718707015130674,6.223521320495186,8.057465285048325,8.145888361359638,8.119924349558643,5.429160935350756,7.592171145581092,7.6094037401072105,6.56227410288079,25.004364694471388,20.359359844810864,-4.645004849660523,22.5761316872428,17.383401920438956,-5.1927297668038435
235818525,0.8224674022066198,4.3901705115346035,5.547628584603363,5.6211070525686875,5.6211070525686875,7.276830491474423,8.641972326967354,8.684819623181596,8.515140976962137,21.46461187214612,20.60730593607306,-0.8573059360730575,14.17717003567182,16.7627824019025,2.585612366230679
236720557,0.9555555555555556,2.8222222222222224,3.1119863650595234,3.1119863650595234,3.1119863650595234,3.8444444444444446,4.186201232890508,4.186201232890508,4.186201232890508,10.581395348837209,4.906976744186046,-5.674418604651162,4.325581395348837,2.011627906976744,-2.3139534883720927
236794249,0.8011169158710142,8.299045217078003,9.595701911021177,9.655724802214714,9.82779871728952,7.93748874076743,9.466805733201268,9.360971650499055,9.204438298918417,29.06768610715979,43.48601232811759,14.418326220957798,21.228683254123567,55.099804305283755,33.87112105116019
237094905,0.6523894668400521,3.994229518855657,6.260543552957622,6.356046887687379,6.208535943668326,3.581436931079324,6.254397768541603,6.316128285021423,6.255507008137196,23.628289968416304,25.615957286810048,1.9876673183937434,15.353791827812342,24.052379350933244,8.698587523120901
237139225,0.7146714671467147,4.025202520252026,5.885457019610307,5.965002266630274,5.965002266630274,4.702970297029703,6.897011965428941,6.943596496387067,6.763643551975773,15.8309265944645,11.45667870036101,-4.37424789410349,7.50197889182058,6.175461741424802,-1.3265171503957784
237444549,0.655,12.721666666666666,14.970960825441216,15.092573035579568,15.092573035579568,17.561666666666667,20.214553736979237,20.274798134105087,19.794202650352812,41.94632768361582,39.949717514124295,-1.9966101694915253,26.328631875881523,33.84344146685473,7.514809590973204
237685013,0.8122329894758779,4.878347400229238,6.102530704526245,6.182318228143416,6.1902966948649905,5.08893404188809,6.532773677977042,6.5056283803672015,6.3654108796371425,21.443681885125184,18.56659793814433,-2.8770839469808536,10.848987166582788,14.095023905385002,3.246036738802214
238181637,0.7592592592592593,10.17283950617284,11.742395279874888,11.806996719523413,11.806996719523413,16.01028806584362,17.861470669926472,17.74754474047204,17.73172266693287,27.062162162162164,23.86756756756757,-3.1945945945945944,16.922492401215806,21.36626139817629,4.443768996960486
238247969,0.8505025125628141,4.398869346733668,5.373547101063912,5.425041590331487,5.425041590331487,3.6118090452261304,4.761374121940122,4.632281380369355,4.4825481140746755,15.13203642384106,13.822433774834437,-1.3096026490066226,8.829181494661922,8.204626334519572,-0.62455516014235
239011341,0.812,5.02,6.245702324201784,6.299192316230764,6.131758188614731,5.892,7.3376312151268515,7.307565168202464,6.999984058601005,12.277251184834123,11.386255924170616,-0.890995260663507,6.612903225806452,7.897849462365591,1.284946236559139
239404709,0.6981720909496211,3.5269728042799824,5.494798174663036,5.499985910408162,5.499985910408162,3.937583593401694,6.25849767276178,6.1837561614613845,4.853601563541572,31.47461790393013,24.91866812227074,-6.55594978165939,7.08086642599278,4.862815884476534,-2.218050541516246
239501149,0.7544052863436124,2.4746696035242293,4.0758717915045795,4.147267765829796,4.147267765829796,3.204295154185022,5.092802517652123,4.836313043531827,4.391709292042935,15.942164179104477,10.527985074626866,-5.414179104477611,8.181506849315069,6.700770547945205,-1.4807363013698636
239957437,0.5972497686103398,5.79505487240513,8.420862822868497,8.5895483692028,8.569767875951936,9.041385693507868,12.138344770084757,12.224388434410205,11.785669510725725,16.703815580286168,7.9127186009538955,-8.791096979332274,11.799403677323173,6.285075368560543,-5.5143283087626305
240016889,0.8852459016393442,5.491803278688525,6.239964795030737,6.088076884186107,5.916525523923779,5.60655737704918,6.488962199676314,6.488962199676314,6.110788704264684,12.169642857142858,8.982142857142858,-3.1875,7.383720930232558,6.3604651162790695,-1.0232558139534884
240143533,0.8512508451656524,4.291413116970927,5.261211972308749,5.321751252466193,5.321751252466193,5.985125084516565,7.128935836922257,7.160138507909303,7.024960873534085,20.2852787456446,14.793554006968641,-5.491724738675959,9.426470588235293,9.584967320261438,0.15849673202614412
240530409,0.6382153249272551,5.2027158098933075,7.56144090083613,7.639263391663938,7.632005164725737,6.539282250242483,9.321235545134426,9.267552766424048,8.98413661305704,21.547140649149924,17.024729520865534,-4.522411128284389,14.017201834862385,14.543577981651376,0.5263761467889907
241154313,0.725,6.225,8.017915633805801,8.148733549094068,8.017925636894041,6.975,9.089620128510022,9.089620128510022,7.3594763870018225,30.069444444444443,24.26388888888889,-5.805555555555554,26.35185185185185,26.48148148148148,0.12962962962962976
241847997,0.6204819277108434,3.674698795180723,6.1490401956137015,6.299647166360568,6.299647166360568,3.8313253012048194,6.749640045917446,6.853566579842102,6.8072441235768215,30.861386138613863,26.58910891089109,-4.272277227722775,14.516483516483516,12.45054945054945,-2.0659340659340657
242217445,0.736683221345798,3.5602298178985294,5.2769744327803485,5.362155551032031,5.343538642090105,4.732885383192132,6.757667057070654,6.765034170246747,6.258838751777117,21.646080161330982,18.120620115956644,-3.525460045374338,11.825191570881225,11.812180715197957,-0.013010855683267764
242469141,0.6704161979752531,6.700787401574803,8.849572679026894,8.956566138604627,8.956566138604627,9.512935883014624,12.047279671350594,12.107669231514137,11.848180106428543,36.59857904085258,38.40941385435169,1.8108348134991132,28.044159544159545,37.806267806267805,9.76210826210826
242543369,0.7875598086124402,5.230940988835726,6.615985862971916,6.704102623416313,6.701177131043985,6.42615629984051,8.059721044613804,8.063875689250933,7.727842100611383,20.027866880513233,17.23476343223737,-2.7931034482758648,11.990970654627539,12.039729119638826,0.048758465011287555
242700309,0.8905167070490787,3.7657068800360625,4.479504362116962,4.517602967694458,4.517013311246833,3.799402715951992,4.641277534168637,4.61821345744967,4.490394069197529,27.387418419144307,26.21195914914189,-1.175459270002417,14.593275560929733,21.79433696090286,7.201061399973128
243681037,0.6463070349458263,3.0284220967495803,5.334391720795969,5.385701063974932,5.641512860884775,6.536967801007172,9.256699667246982,9.264967163734575,9.05961582015051,17.190667664110716,16.178760675768345,-1.0119069883423712,14.116314863676342,18.180914687774845,4.064599824098503
244112101,0.665158371040724,6.721719457013575,8.904784153050256,8.917046461536358,8.846019540884763,6.322398190045249,8.897172184446593,8.865996404269328,8.378876999923127,26.512295081967213,23.78934426229508,-2.722950819672132,20.407484407484407,20.16216216216216,-0.2453222453222459
244193581,0.6822157434402333,3.0885568513119535,5.160412712269625,5.325047503618803,5.325047503618803,5.423833819241983,7.867444675405168,7.825369412350224,7.228478228447978,20.188398849472676,15.11744966442953,-5.070949185043146,14.770647321428571,12.229073660714286,-2.5415736607142847
244643369,0.6210131332082551,5.553470919324578,8.024349022880926,8.104770990882857,8.104770990882857,6.384615384615385,9.298845409920004,9.259930754615832,8.7694167899606,26.480440097799512,21.83129584352078,-4.649144254278731,15.467142857142857,13.937142857142858,-1.5299999999999994
245320061,0.6861575178997613,4.2034606205250595,6.24961732128846,6.356458204245673,6.356458204245673,4.873508353221957,7.286808825333634,7.279592505466733,6.013297961164788,20.80875088214538,15.773817925194072,-5.034932956951307,9.451016635859519,11.583641404805915,2.132624768946396
246189393,0.9930275229357798,2.168073394495413,2.213531805894659,2.2171589692951086,2.2171589692951086,1.5645871559633027,1.618202211765392,1.6203878925618675,1.6133332799563294,6.558818028801197,5.6238077426594355,-0.9350102861417611,2.8460240060015005,2.610840210052513,-0.2351837959489873
247036865,0.7195799876466955,8.723510584535909,10.551763036100473,10.652291882995973,10.668820142667878,8.093548205963277,10.249845669815375,10.252510293094941,9.950265954949874,31.015937978305715,42.21544553137686,11.199507553071143,24.443601257296812,56.70489447687472,32.26129321957791
247242881,0.5583333333333333,4.1402777777777775,7.019808947223458,7.252374129958154,7.252374129958154,6.344444444444444,9.740652529627209,9.849475878290663,9.646557785150812,11.653641207815275,8.293960923623446,-3.3596802841918283,5.517110266159696,5.880228136882129,0.3631178707224336
247328173,0.6144578313253012,7.5120481927710845,10.025664853528395,10.088709631980572,10.088709631980572,7.716867469879518,10.681504670857425,10.688927994709186,9.99409115072999,24.29901960784314,23.024509803921568,-1.2745098039215712,18.107954545454547,18.40340909090909,0.2954545454545432
247699957,0.7950289410963568,4.149812734082397,5.48616115584993,5.566731490692474,5.559605421250185,4.902281239359891,6.4784118827040995,6.426269436398174,6.392233392605026,20.441256830601095,16.429156908665107,-4.012099921935988,12.330338487254492,11.778311742582533,-0.5520267446719593
247717705,0.6554770318021201,2.80010095911156,5.046285016883042,5.14927080451211,5.146629554391968,2.0620898536092884,4.71130877464658,4.664419632911605,4.142339127593633,32.53689977441186,29.076699967773123,-3.460199806638734,23.431333859510655,20.88950276243094,-2.541831097079715
247808073,0.5378218884120172,2.1276824034334765,5.1409419011387,5.2331735872915175,5.164401187100517,1.0434549356223175,4.597386345515772,4.516318016435684,3.8686485662287518,24.29772439949431,27.268963337547408,2.971238938053098,9.101339285714285,22.13125,13.029910714285716
248521081,0.8092066705738186,3.805876711598913,5.04979068670459,5.120744874205727,5.105953256763871,6.211838670147584,7.678949269384119,7.663720083960659,7.396190561117471,20.8176500508647,14.898477238046796,-5.919172812817903,13.120014503263235,12.330153190717912,-0.7898613125453231
248679653,0.768025078369906,3.683385579937304,5.195790902269926,5.3215510716170575,5.3215510716170575,4.8652037617554855,6.6489813566228735,6.652007853630572,5.422647619330074,14.29889298892989,11.693726937269373,-2.6051660516605164,8.771794871794873,8.2,-0.5717948717948733
248695417,0.8661202185792349,4.619307832422587,5.492162934821834,5.524993174643216,5.578175564988001,3.8114754098360657,4.840947702901054,4.751653857444267,4.618592812762398,15.06,11.555263157894737,-3.504736842105263,7.050576184379001,5.877720870678617,-1.172855313700384
248725397,0.8547008547008547,8.098290598290598,9.045596449874083,9.112682560278323,9.112682560278323,10.252136752136753,11.369418560518115,11.351339698526445,11.154172320576793,27.0327868852459,25.202185792349727,-1.830601092896174,11.101398601398602,18.552447552447553,7.451048951048952
249731953,0.562753036437247,4.5425101214574894,7.393226182569401,7.5360293649503545,7.573839790996346,5.723346828609986,9.085569484172481,8.82742767747845,8.277434465303102,20.902830188679246,24.982075471698113,4.079245283018867,19.146464646464647,18.897306397306398,-0.24915824915824913
249888861,0.8053435114503816,3.2404580152671754,4.509558602693905,4.61163874015379,4.61163874015379,4.702290076335878,6.199106544816254,6.2357147694773305,6.03026937184277,18.785714285714285,16.431428571428572,-2.3542857142857123,14.52016129032258,20.403225806451612,5.883064516129032
250134101,0.8041958041958042,2.820804195804196,4.097387482430068,4.180056378719958,4.1882199934344335,3.923076923076923,5.428718718328814,5.477550000169537,4.980150478523823,30.0947426067908,28.684008762322016,-1.4107338444687834,23.451977401129945,19.51553672316384,-3.936440677966104
250408589,0.9237987380682737,2.349134444264682,2.845943294566947,2.7039593634421744,2.7039593634421744,2.4444264682090275,3.0303781856588197,2.8124295615178836,2.7825721491637543,7.557781201848998,8.31467214518062,0.7568909433316211,3.179752485291134,3.441671738689389,0.26191925339825506
250660037,0.8714099216710183,3.089425587467363,3.927793448515886,3.9602417564855603,3.7236643022751346,5.800261096605744,6.789058071009909,6.800319040090518,6.581980621884522,16.68013055895553,15.9500203998368,-0.7301101591187287,9.101952277657267,11.742733188720173,2.6407809110629064
250915829,0.8962058438726559,5.152638464893153,5.829344520232772,5.864842912712993,5.8511517226004734,5.967291757522895,6.7654198003177815,6.769737413838951,6.695960872067995,15.389554384283661,20.274077623382848,4.884523239099186,9.974695863746959,21.164963503649634,11.190267639902675
250950981,0.504950495049505,5.297029702970297,8.524600600910532,8.525342081066283,8.525342081066283,7.128712871287129,10.935409772295271,10.771725470953454,10.771725470953454,22.14,22.14666666666667,0.006666666666667709,15.850746268656716,20.746268656716417,4.895522388059701
251187161,0.8836345630106462,9.207477098291657,9.966144048156588,10.023867889625153,10.018686095628617,8.865560782371874,9.760356038082973,9.751723011894498,9.601321256147314,35.48077922077922,44.38519480519481,8.904415584415588,21.886719824030795,46.54385482540555,24.65713500137476
251218561,0.8218814508994396,2.697581834267178,3.8588601300969985,3.9348158776283095,3.9280630563361756,2.7285461515777056,4.098193675901507,4.082217744414513,3.7012561813575613,59.047422680412375,57.23384879725086,-1.8135738831615171,53.90665861999598,63.117984308992156,9.211325688996176
251299085,0.9006944444444445,4.868055555555555,5.515497312207651,5.569197258915488,5.569197258915488,5.654861111111111,6.418473935295286,6.20860925893551,6.165889660379753,17.448630136986303,10.340563165905632,-7.108066971080671,7.139411283728537,6.217906786590351,-0.9215044971381854
251399997,0.9421991420185143,6.13863174531497,6.5154756068509485,6.53923621764062,6.526241076216368,5.927974712124633,6.372436012971174,6.321962576531908,6.285502860446839,18.223609680741504,23.80599897013388,5.582389289392378,10.698326248671625,24.847104144527098,14.148777895855472
251405673,0.5784031413612566,4.739921465968586,7.488603644211559,7.7107625709128556,7.7107625709128556,4.628795811518325,7.870676551133166,7.932923338417334,7.107607533858448,42.343700412567436,47.163598857505555,4.819898444938119,36.951332451332455,54.863352863352866,17.91202041202041
251510489,0.7806451612903226,3.7548387096774194,5.184964963035712,5.272489494172426,5.247564567895772,5.447311827956989,7.134046945126275,6.9952780366134295,6.862985086247212,17.740105540897098,11.852242744063325,-5.8878627968337724,8.88695652173913,5.927536231884058,-2.959420289855072
251770537,1.0,19.919395465994963,19.919395465994963,19.919395465994963,19.919395465994963,36.778337531486144,36.778337531486144,36.778337531486144,36.778337531486144,33.848866498740556,29.848866498740556,-4.0,17.93954659949622,14.929471032745592,-3.010075566750629
251782445,0.8638941398865785,6.015122873345936,6.902491325891168,6.971733322641101,6.971733322641101,6.9319470699432895,7.978536856866964,8.014254878878337,7.767143401410247,24.485542168674698,19.21325301204819,-5.272289156626506,17.008130081300813,12.907859078590786,-4.100271002710027
251931829,0.9282980352130645,1.7241643276346006,2.1916391408749263,2.2015479091819024,2.2015479091819024,2.21127838734371,2.7626326345879666,2.7204212468162163,2.7066864435040823,10.88563975837452,8.080313014827018,-2.8053267435475018,5.26032,4.24448,-1.0158399999999999
252473301,0.8256699576868829,4.354442877291961,5.491021271129104,5.5167190219200295,5.470067202951524,7.0918194640338506,8.432335160322292,8.447711135919372,8.186332266335622,20.739713774597494,17.8871198568873,-2.8525939177101947,9.423309886674483,10.261332551778038,0.8380226651035549
252852933,0.8650286469810489,6.711069487292493,7.5910413016328535,7.64031894169635,7.640449106595499,4.409945644189804,5.447811607339281,5.450445558698234,5.288623192199009,68.31743768070642,60.230053918887236,-8.087383761819183,59.81622828580793,21.184816453621764,-38.63141183218617
253016529,0.8133564614050304,3.3633998265394625,4.580258438524035,4.651338044674404,4.651338044674404,4.155073720728534,5.590274388253116,5.621133018666738,5.2703358294855445,16.08207364341085,12.752422480620154,-3.3296511627906966,8.588756756756757,7.831351351351351,-0.7574054054054056
253486101,0.7001256958161249,3.2034476566708565,5.158536122663241,5.250385884924667,5.250385884924667,2.9084216196803734,5.214313400226408,5.174862397055249,4.333971322592654,20.765200122212036,15.028872593950505,-5.736327528261532,15.01161369193154,9.027302363488182,-5.984311328443358
253976005,0.775968992248062,7.27906976744186,8.739683208371744,8.819465731276448,8.81186062010203,5.897383720930232,7.62007636966708,7.614803770248672,7.248955115175233,30.844491573999772,30.268256333830106,-0.576235240169666,20.989085028971836,26.023042716615013,5.033957687643177
254170605,0.49645390070921985,3.1631205673758864,6.446086653777225,6.687390848098564,6.687390848098564,2.8695035460992906,6.741535244982892,6.489906734912434,6.129971393889451,57.36693548387097,55.35967741935484,-2.0072580645161295,49.697391304347825,55.18260869565217,5.485217391304346
254831241,0.6095238095238096,4.552380952380952,7.098165921594385,7.228291678600702,7.1535443002006875,4.647619047619048,7.65019654610947,7.00874958348812,6.459497602056945,20.529761904761905,24.526785714285715,3.99702380952381,11.60431654676259,23.4568345323741,11.85251798561151
255633653,0.7745901639344263,3.5491803278688523,5.018783306398197,5.094012968846043,5.094012968846043,4.833723653395785,6.567018840699081,6.20440674054214,6.100859235846099,13.24006968641115,9.052961672473868,-4.187108013937282,5.367811501597444,4.383386581469648,-0.9844249201277959
255742005,0.805408377486754,25.89063281015695,27.15931049092654,27.17884522902353,27.175546397950963,34.99660101969409,36.492918698988404,36.4966637162319,36.256053680979335,51.90670899632803,54.16829865361077,2.261589657282741,26.609567010309277,51.83954639175258,25.2299793814433
255802825,0.5283893395133256,2.422943221320973,5.497700044070203,5.753710384276415,5.753710384276415,3.3534183082271145,6.979881564536307,7.076026367702493,5.490005582387907,13.923320659062105,12.844106463878328,-1.079214195183777,7.6003344481605355,10.15133779264214,2.5510033444816047
255809053,0.8369565217391305,10.692934782608695,11.755928241386838,11.83729445681372,11.849601264962768,3.470278532608696,4.724005881527681,4.748311584483714,4.617714985637986,28.661549575582445,45.37971825898501,16.718168683402563,17.019542324827867,37.29667881733495,20.277136492507083
255988465,0.4936274509803922,2.804411764705882,6.105805436223516,6.255088859885,6.255088859885,2.1308823529411764,6.0246481154204155,6.142036095114164,6.04403231019213,20.25609756097561,19.127086007702182,-1.129011553273429,14.302104548540393,14.217922606924644,-0.08418194161574988
256443253,0.6901072705601907,5.519070321811681,7.539475846958537,7.615904841734979,7.62703615905722,7.262216924910608,9.64514566437363,9.603558561101062,8.897845049798551,36.73302822273074,34.19260106788711,-2.540427154843627,28.649777282850778,36.92483296213808,8.275055679287306
256447493,0.2857142857142857,1.4047619047619047,6.061685628932817,6.158587788405606,3.6670085084051243,2.142857142857143,7.63537695716889,7.6842766301606495,7.318108642539866,21.96875,18.65625,-3.3125,8.2,6.3,-1.8999999999999995
256497941,0.5521821631878557,5.60910815939279,8.52874307109311,8.716882789337127,8.716882789337127,9.178368121442125,12.621875800092221,12.678580648608834,12.255437755893357,34.410427807486634,34.49465240641711,0.08422459893047574,27.55827067669173,36.962406015037594,9.404135338345863
256526669,0.599624060150376,9.454887218045112,12.065215516067228,12.16145947273922,12.141789110002374,8.802631578947368,11.881333474864215,11.761083762145894,11.356371775828187,29.4692118226601,25.92487684729064,-3.544334975369459,18.156451612903226,24.64516129032258,6.4887096774193544
256651861,0.5428571428571428,7.228571428571429,10.20900261204081,10.458179593542273,10.408348007942262,7.061904761904762,10.57711744306428,10.753156265834615,10.753156265834615,32.214285714285715,47.73412698412698,15.519841269841265,22.214285714285715,38.11904761904762,15.904761904761905
256874513,0.5575221238938053,0.943952802359882,3.8287728084834556,3.6501250835701606,3.6501250835701606,1.8377581120943953,5.240204014765388,5.257167441148371,2.3537469375357896,44.17667844522968,19.931095406360424,-24.24558303886926,18.594771241830067,16.483660130718953,-2.1111111111111143
256961393,0.7632480026088374,6.2877873797489,7.831337770502956,7.8518082931181565,7.825360908293759,8.106473177890102,9.926984229338483,9.956634087802888,9.56795748590964,26.347733393177737,32.16730251346499,5.819569120287252,17.380316390041493,35.95383817427386,18.57352178423237
257462513,0.7265087853323148,3.7288006111535523,5.511879427467121,5.599523106791922,5.620926869740799,3.6768525592055004,5.779870841048929,5.772953914829398,5.490984983185586,17.144759450171822,16.772766323024054,-0.37199312714776767,11.260266940451745,14.57340862422998,3.3131416837782357
257498549,0.838849487785658,9.927107959022853,10.977759859913423,11.031150980358978,11.031150980358978,12.741922773837667,13.981094107830934,13.9575231224464,13.74846976781184,43.96771978021978,41.90636446886447,-2.061355311355314,30.80477673935618,48.874091381100726,18.069314641744548
257518081,0.903558052434457,1.961298377028714,2.5900702881012285,2.614942641357939,2.614942641357939,2.5877028714107366,3.3292959025191204,3.317399461481867,3.1710008372177527,18.374198988195616,13.132883642495784,-5.241315345699832,9.007821901323707,6.865222623345367,-2.1425992779783405
257540909,0.7940534642662302,3.902618657937807,5.245326889374973,5.167606212837022,5.164751703023601,5.290780141843972,6.874411741333201,6.879689347614175,6.078434684031545,16.719790986283474,13.150065316786414,-3.5697256694970605,9.911599827511859,9.234799482535575,-0.676800344976284
257552457,0.9415850179833809,1.985427260324941,2.3662750221652367,2.378254364882665,2.378254364882665,2.7204514448716357,3.1696350695221587,3.1788813105544342,3.157423494090237,9.504999666688887,7.295313645756949,-2.2096860209319376,4.277891644462663,3.6817312290769966,-0.5961604153856666
257623377,0.6775250973161238,6.205080926039746,8.307518360701295,8.435586321999846,8.474952013151794,9.874957317489585,12.354637027142806,12.407778433437228,12.016028949447119,21.768211368561428,11.032797132855476,-10.735414235705951,13.74818225884634,7.8486427532719345,-5.899539505574405
257729897,0.7860415735359857,3.076162270898525,4.471105571959689,4.490240706107398,4.484559831679745,4.249217702279839,5.894456957789425,5.895240871356691,5.656339584842372,13.601057359408628,9.294844203237579,-4.306213156171049,4.622768590515825,3.1447267550104043,-1.478041835505421
257952453,0.6947094535993061,2.596270598438855,4.586671302056743,4.583949976756646,4.572677719257126,3.375975715524718,5.723515840843737,5.681026043914769,4.657311813129345,11.221687429218573,7.069932049830125,-4.151755379388448,7.111111111111111,4.431196581196581,-2.6799145299145293
258033377,0.8152821094414516,11.687789433890936,12.892093411440209,12.941114697483986,12.939678757636553,11.466071259805311,12.886464603336286,12.901132189828658,12.508334746913084,32.919895893580104,51.29392712550607,18.37403123192597,28.431483341704336,80.3221161895195,51.89063284781517
258547253,0.7741559953434226,3.218859138533178,4.691292763078952,4.805003329724554,4.805003329724554,4.047729918509895,5.784363657237567,5.773439039974872,5.325853024838874,13.88102189781022,13.294160583941606,-0.5868613138686136,8.814553990610328,8.267605633802816,-0.546948356807512
258555753,0.5623003194888179,2.130990415335463,4.984658052063836,4.9746650258606895,4.92451502757314,2.6565495207667733,6.022253355862597,6.135113176211631,5.705187503845375,19.331349206349206,13.516865079365079,-5.8144841269841265,10.480984340044742,7.221476510067114,-3.259507829977628
258632065,0.9626865671641791,2.985074626865672,3.2283467617104207,3.2500412750252248,3.2500412750252248,3.544776119402985,3.8316987962700164,3.8470255594465383,3.8470255594465383,11.361538461538462,7.873076923076923,-3.4884615384615394,4.8076923076923075,4.403846153846154,-0.4038461538461533
258952625,0.6727272727272727,2.2545454545454544,4.388263233620127,4.491860451383763,4.434780635151026,2.76,5.276572714921018,4.2919038636499165,4.180056187431205,7.664739884393064,9.884393063583815,2.2196531791907512,3.432098765432099,9.416666666666666,5.984567901234567
259011181,0.5813008130081301,1.839430894308943,4.56922114237986,4.774842797846511,4.774842797846511,2.217479674796748,5.437078687901439,5.539810799689115,5.477294313997762,28.03903903903904,27.64264264264264,-0.3963963963963977,17.57165109034268,19.074766355140188,1.5031152647975077
259130153,0.8949152542372881,6.340677966101695,7.025798269928873,7.081968674233439,7.081968674233439,0.864406779661017,1.672458847258067,1.4615521848475352,1.4615521848475352,13.09689213893967,9.882998171846435,-3.2138939670932363,4.314338235294118,5.079963235294118,0.765625
259166989,0.7497020262216925,22.638855780691298,24.270721781771453,24.34140607449773,24.34140607449773,48.87008343265793,50.79475664530113,50.247080071962934,50.247080071962934,32.75058004640371,47.077726218097446,14.327146171693734,18.230964467005077,42.66878172588832,24.437817258883246
259454865,0.7894736842105263,2.2339181286549707,3.6064851210421867,3.6897869774310763,3.6897869774310763,2.909356725146199,4.52820467041703,4.500221342941149,3.578377374106371,8.82636655948553,6.495176848874598,-2.331189710610932,2.751865671641791,2.8358208955223883,0.08395522388059717
259911269,0.5916666666666667,4.044444444444444,6.70665250676215,6.776099054384315,6.558085867384273,4.211111111111111,7.351001604959327,7.213117002083015,6.721841618691799,12.866834170854272,14.522613065326633,1.6557788944723608,5.532520325203252,6.5528455284552845,1.0203252032520327
259971705,0.6065573770491803,3.6475409836065573,6.212666182494141,6.431887461301436,6.431887461301436,5.114754098360656,8.140142061653682,8.190645002612387,6.236748609652306,23.553571428571427,23.845238095238095,0.29166666666666785,27.7875,31.425,3.6374999999999993
260083285,0.7409913453973249,3.1029897718332022,4.791646739571904,4.850615775694597,4.790348162312432,3.890637293469709,5.882291527946498,5.922294416375299,5.77225485071605,17.294417524732484,12.551685846961437,-4.742731677771047,9.274182713837886,9.687360053739365,0.41317733990147865
260191181,0.8564814814814815,5.319444444444445,6.255141155689897,6.291479465492192,6.291479465492192,3.4444444444444446,4.548034073801527,4.561987659889475,4.481888412597428,10.760841836734693,10.88265306122449,0.12181122448979664,3.7779632721202003,6.22787979966611,2.4499165275459096
260224017,0.9253212921153178,3.0437651962486973,3.530647461262745,3.5585295150284058,3.5617734105592707,2.9979159430357765,3.572159938905119,3.4920370971781542,3.4119100279870826,11.239107142857144,17.340535714285714,6.1014285714285705,6.4626190476190475,15.67,9.207380952380952
260437161,0.6464891041162227,3.7788539144471347,6.08363650335884,6.1925047890619265,6.202448756968364,4.3325262308313155,7.050858071134756,6.973749124351976,6.421394024381642,19.160270880361175,19.720654627539503,0.560383747178328,12.472878998609179,16.474965229485395,4.002086230876216
260510301,0.6155606407322655,4.679633867276888,7.186060549027456,7.2735058700579724,7.257669478520298,2.6361556064073226,5.592312723858405,5.17113550850928,4.326519189237541,28.995833333333334,27.883333333333333,-1.1125000000000007,21.194256756756758,19.94087837837838,-1.253378378378379
262111057,0.706880301602262,2.2924913603518693,4.203541868838217,4.285009094332778,4.256232698477763,3.328620797989318,5.582572849969841,5.521084574416302,5.182870976048378,18.032931121166417,14.373051784816491,-3.659879336349926,7.823315118397086,7.787188828172435,-0.03612629022465086
262394553,0.7107239411234605,4.259837789125863,6.145828947109409,6.270355062526829,6.272466447571917,4.164013217182337,6.388409496441904,6.234878345687289,6.015441537245275,25.088213627992634,21.923941068139964,-3.1642725598526695,14.335138648180243,19.08860485268631,4.753466204506067
262543201,0.7294718909710391,7.106814310051107,8.870574586639995,8.98360772428809,9.018226283001656,10.091311754684838,12.171545153522636,12.033030303552756,11.704227669353584,25.446227929373997,17.557784911717494,-7.888443017656503,16.731176181102363,12.338582677165354,-4.392593503937009
262845801,0.7390969162995594,1.8067180616740088,3.5077261259455117,3.577692546579144,3.575015714070341,2.8704845814977973,4.876706081073385,4.895326937177144,4.6438082434777135,19.09537319947621,16.24225229157573,-2.853120907900479,10.308619602899464,11.132682004412228,0.824062401512764
262891605,0.667910447761194,5.4,7.565122000118267,7.694939021265864,7.640273028107646,6.238059701492538,8.791671525609118,8.746951387388052,8.201798301340691,26.22367149758454,28.352657004830917,2.1289855072463766,16.62653374233129,20.190184049079754,3.563650306748464
263105157,0.6542168674698795,3.5626506024096387,5.817050545026352,5.941784221008045,5.90212840306123,5.096385542168675,7.755294531795735,7.569669033447517,7.199089383325279,15.988656195462479,17.38132635253054,1.3926701570680606,10.10897435897436,9.774358974358975,-0.3346153846153843
263878181,0.7298136645962733,4.592280390417036,6.353812407820817,6.268686742372421,6.366467838030807,5.817879325643301,7.895484646709048,7.892177929256633,7.298576408952134,17.63316503628905,14.518933417481856,-3.114231618807194,9.932432432432432,10.066962484872933,0.13453005244050154
263900033,0.613587457731325,3.262834306793729,5.782125536365192,5.843090179895203,5.782599987097368,4.671226560098371,7.642556522971353,7.344630814806458,7.182708696702402,18.098987108655617,18.425567833026395,0.32658072437077834,9.948264239973037,13.394674755645433,3.4464105156723956
264381945,0.7890440132513015,2.1611452910553717,3.5365136062796294,3.5868874500651384,3.592964764757931,2.557974443918599,4.1801263559494775,3.920935416235404,3.404175861533475,20.872093023255815,16.806642528895697,-4.0654504943601175,13.03760593220339,11.552814769975788,-1.4847911622276015
264578605,0.6857142857142857,3.4893178893178893,5.53836432795309,5.541936266881922,5.533464110151971,4.518918918918919,6.935627637216088,6.837926742602472,6.166948646367632,13.891476880607316,10.408212560386474,-3.483264320220842,6.5055084745762715,6.111864406779661,-0.3936440677966102
264650725,0.7660521296884933,4.819453273998729,6.34472161646081,6.430717881136084,6.403391759300959,6.639542275905912,8.438490914388693,8.384269610765013,7.607006476203159,16.065296803652966,12.609132420091324,-3.4561643835616422,11.215992647058824,6.694852941176471,-4.521139705882353
264859149,0.6274271844660194,2.8567961165048543,5.28585657360274,5.462961733998398,5.47429568452432,3.6468446601941746,6.5117536604262005,5.636303659532787,5.16037415135092,24.108006042296072,23.29984894259819,-0.8081570996978833,9.027845036319613,8.849878934624698,-0.17796610169491522
264934085,0.6658878504672897,3.4395119418483904,5.617820655818055,5.725751005996179,5.706734279404275,4.802440290758048,7.371604932873029,7.198367036140269,6.8949381118189965,19.674829711320143,15.659909179370743,-4.0149205319494,10.924702266615444,11.12831348444103,0.20361121782558556
265427509,0.8619192357794182,14.584455058619193,15.484699280069863,15.522471701151716,15.522471701151716,14.286872195686785,15.348648062526381,15.225543747869642,15.057484884250378,33.644780611436715,58.30120386504039,24.656423253603677,25.40762041696621,75.23885693745507,49.83123652048886
265477173,0.9017937219730942,4.188116591928251,4.8283913963366825,4.852436709631081,4.8512635444992425,7.3331838565022425,8.088343755635867,8.004040158893611,7.929903456467249,16.093573446327685,16.913488700564972,0.8199152542372872,10.300192585459797,11.989768897448243,1.6895763119884464
265482349,0.8790590272766633,2.0405541925241737,2.829052231663633,2.8793521991019744,2.877086800131848,1.9848462981671238,2.9148252628302127,2.896485155154477,2.713374738484537,12.7426614481409,7.730016558783682,-5.012644889357218,6.116061705989111,3.766424682395644,-2.3496370235934667
265599637,0.7325141776937618,12.544423440453686,14.288348940941885,14.421337537874297,14.411446580430061,4.319470699432892,6.376310350123171,6.132854271289507,5.958422640135561,37.39110429447853,64.36042944785277,26.969325153374236,27.9,54.50666666666667,26.60666666666667
265612081,0.6759368371435305,4.413622436954984,6.526414840685601,6.589967375886927,6.561776757525722,4.367193023803912,6.859085704112682,6.814473636453947,6.3740882391339255,24.13616339607529,23.249098918702444,-0.8870644773728458,12.948258706467662,19.198258706467662,6.25
265673065,0.7075124485819442,3.0539077722450747,4.960836876357839,4.995263250969211,4.933188769873036,5.727646676769863,7.976737817014341,7.94447147099114,7.152045577018994,17.27365378764831,13.890781867964709,-3.382871919683602,12.395902547065338,11.793097083794759,-0.6028054632705793
265864537,0.904064944299597,3.9213083669115902,4.546775498530801,4.568622541913724,4.568622541913724,5.360097179426404,6.097792451476594,6.09707598477329,6.012780972216597,14.255851131858295,13.992070597263076,-0.26378053459521844,7.378992581023038,8.800663803201875,1.421671222178837
265876421,0.7558072009291521,4.1844754161827336,5.776537551153358,5.863956650864113,5.876899919763625,5.975319396051104,7.853046698423534,7.8631263087334915,7.619758560863581,16.428881179531658,8.761003902862099,-7.667877276669559,7.618327788225083,6.488065962679011,-1.1302618255460724
266327261,0.8663152096939177,4.075930442993155,4.947514263145246,4.9905085039551516,4.9905085039551516,7.077740184121489,8.105713087601064,8.030967774670254,7.967437960152681,24.223012089221864,25.056231908734887,0.8332198195130225,23.441513904476867,27.61323107619404,4.171717171717173
266449265,0.6849366144668159,4.895600298284862,6.949716914874791,7.054912687826797,7.009412514136272,7.193139448173005,9.615828091100223,9.667096493594077,9.24276759518789,32.85995024875622,22.69054726368159,-10.16940298507463,16.29625550660793,15.54331864904552,-0.7529368575624105
266722373,0.9062587706988493,2.0076714379268408,2.6188354944585046,2.665668365244961,2.665668365244961,3.2115258677144727,3.932351650810789,3.9348231884101,3.7895070125763115,34.22796352583587,29.76018237082067,-4.467781155015199,18.428595543551655,27.445644834571237,9.017049291019582
266758841,0.8101823708206687,4.722188449848025,5.959741158675571,5.892104511045677,5.9349573592718015,5.382978723404255,6.842586648526676,6.850290538655959,6.424912408356072,18.850193798449613,22.608042635658915,3.757848837209302,10.097902097902098,25.91946762914505,15.821565531242952
267018425,0.8282828282828283,14.323232323232324,15.442775602376441,15.542614190924164,15.542614190924164,15.858585858585858,17.17900981394565,17.203904192923275,16.349512221808116,13.721649484536082,12.77319587628866,-0.9484536082474211,19.289473684210527,19.57894736842105,0.2894736842105239
267589685,0.8508295194508009,3.738129290617849,4.710675060359606,4.724041145646993,4.724041145646993,5.34096109839817,6.488011646575803,6.457470845966074,6.282608873616847,16.07555055457322,11.432486738466485,-4.643063816106734,6.692914798206278,7.24304932735426,0.5501345291479822
267758317,0.788852332107606,13.057286626669248,14.433904644145278,14.51319516176216,14.51319516176216,12.313334623572672,13.93696047307524,13.940447087854094,13.270013132582868,36.20169398907104,55.16551912568306,18.963825136612023,23.792614362381805,67.03718374648608,43.244569384104274
268030937,0.6301075268817204,3.498924731182796,5.91051017802227,6.100563445633418,6.100563445633418,5.7612903225806456,8.60558875545434,8.468058023622735,8.038105934932526,20.123115577889447,18.811557788944725,-1.3115577889447216,11.083791208791208,15.865384615384615,4.781593406593407
268210801,0.8426430898092135,6.8311028385295485,7.857021618051135,7.902423946814617,7.884923933037805,6.561768264308981,7.771768590307457,7.782227108535418,7.639958321683929,26.240619555992318,27.912884709876266,1.6722651538839486,16.191188040912667,26.93041896144768,10.739230920535011
268312013,0.6757478632478633,4.659722222222222,6.773746677778013,6.867087124307593,6.864292083448618,8.353899572649572,10.84724537297122,10.834042555555907,9.924197259392407,21.519529768676527,20.3001516875237,-1.2193780811528256,8.403780901599612,6.009209888511876,-2.3945710130877362
268521457,0.3125,0.625,5.107289084514503,5.252642323723687,5.252642323723687,0.5625,5.849050321275056,5.87472264959573,4.432936198338897,19.0,14.722222222222221,-4.277777777777779,15.4,13.5,-1.9000000000000004
268663541,0.7178423236514523,3.1099585062240664,4.949539993946352,4.968840009111057,4.968840009111057,3.5539419087136928,5.723601188060076,5.73467970318601,5.686819572023958,15.823275862068966,9.040229885057471,-6.783045977011495,8.633928571428571,5.528273809523809,-3.105654761904762
268780045,0.8853555120678408,7.804794520547945,8.552241410523322,8.594971376101375,8.594971376101375,8.33023483365949,9.211796803856103,9.152225163930368,8.962871170331947,30.06967057932601,39.13877319197274,9.069102612646727,17.271383315733896,41.4818373812038,24.210454065469907
268797125,0.7938021454112039,1.7437425506555424,3.088089303926335,3.1968876760638416,3.1968876760638416,4.117997616209774,5.703561739006323,5.727747794199473,5.315317820061643,30.27072864321608,12.003140703517587,-18.267587939698494,18.26840490797546,6.743098159509202,-11.525306748466257
268931633,0.8726227333038479,1.1587793011941618,1.9892400024704606,2.0242122104004903,2.0242122104004903,1.2989827509951348,2.2784537767052173,2.2802891089742174,2.1714589950064305,11.481633639439343,5.2667955534074435,-6.214838086031899,3.6585268214571656,3.1813450760608486,-0.47718174539631697
268980857,0.9158774373259053,2.1565459610027857,2.7049992619998497,2.7263771200228164,2.720547240927551,1.743175487465181,2.3900382667105866,2.373059545720325,2.308801653742305,20.78453545232274,17.209657701711492,-3.574877750611247,6.347675879396985,11.917085427135678,5.569409547738693
269346609,0.6758321273516642,2.4052098408104197,4.518684920260489,4.635640638061222,4.5826359847819065,3.06150506512301,5.55420291428099,5.59046368481786,4.722470683771778,15.931469298245615,13.412828947368421,-2.5186403508771935,10.876420454545455,8.9765625,-1.899857954545455
269450529,0.5935483870967742,3.8548387096774195,6.504778532076609,6.613559020775096,6.157841133110492,6.283870967741936,9.409291920143845,9.42300647037127,8.62924876817396,22.61822660098522,18.11576354679803,-4.502463054187192,16.19254658385093,12.972049689440993,-3.220496894409937
269536013,0.5375408052230686,3.911860718171926,6.926952792036663,7.100005203428154,7.100005203428154,5.544069640914037,9.100162447786168,8.997456810408243,8.89704948409656,32.43929712460064,41.27715654952077,8.837859424920126,26.656374501992033,48.21912350597609,21.56274900398406
269608349,0.8690235008103727,2.6412074554294978,3.495134048368536,3.5148333741209203,3.5124853006365924,3.4847042139384117,4.491851637749912,4.493891145998223,4.41989346211416,13.2542854023365,9.88213778796812,-3.37214761436838,8.29071127749181,8.376052877866167,0.08534160037435612
269637685,0.7550177095631642,3.58913813459268,5.186347511064522,5.251190880993427,5.251190880993427,3.590318772136954,5.474116890268669,5.520915089710369,5.303030006167424,27.46617915904936,25.117915904936016,-2.348263254113345,14.450823892893924,19.977342945417096,5.526519052523172
270198125,0.47038019451812557,3.174182139699381,6.627140791414436,6.7742309728035055,6.780000672959788,4.07869142351901,8.151217609444588,8.21502874593997,7.419560359039648,40.13513513513514,30.505255255255257,-9.62987987987988,25.254817987152034,21.748394004282655,-3.5064239828693786
270231121,0.638676844783715,1.9083969465648856,4.264113069631494,4.405839212578102,4.391093550086189,3.7989821882951653,6.577386613448283,6.389744731582248,6.1598415485150015,18.557427258805514,17.866003062787136,-0.691424196018378,10.360880398671096,12.508305647840531,2.1474252491694354
270473381,0.720863309352518,3.203357314148681,5.023242901896623,5.129635115521155,5.129635115521155,4.054196642685851,6.200625968681636,6.242480448025435,5.988006868139338,23.12557471264368,18.214942528735634,-4.910632183908046,12.254852849092048,8.835003130870382,-3.4198497182216663
270487473,0.7704402515723271,3.849056603773585,5.345715737768136,5.435304526714678,5.435304526714678,4.509433962264151,6.27464001579453,6.112991062263907,6.0646292525781424,22.242753623188406,18.86231884057971,-3.3804347826086953,14.65576923076923,15.775,1.1192307692307697
270671805,0.8231753197893152,2.7577125658389767,3.910555233447878,3.923298548153669,3.923298548153669,3.7780285929270128,5.137726876530147,5.130324982466424,4.8757431761747725,16.315510597302506,13.1873795761079,-3.1281310211946067,9.964922048997773,8.75890868596882,-1.2060133630289531
270957477,0.8164580265095729,5.941458026509573,7.1380953855297795,7.209487587703951,7.201781672404981,5.736192930780559,7.147544027396233,7.042752222870073,6.551539754940646,20.82076059850374,22.4690357439734,1.6482751454696611,13.127803231251507,18.726067036411862,5.5982638051603555
271137845,0.7552182163187856,2.094876660341556,3.6907787942794434,3.7911745799950856,3.7911745799950856,2.707779886148008,4.590036202020307,4.596271606242405,3.3852074650222446,11.312910284463895,8.590809628008753,-2.722100656455142,4.533333333333333,6.653030303030303,2.11969696969697
271193797,0.8,3.05,4.353938642767855,4.412079938451529,4.412079938451529,3.0,4.53790554800729,4.578981273320368,4.578981273320368,30.25,14.6875,-15.5625,5.125,2.8125,-2.3125
271231529,0.6691961109793693,4.261086080151767,6.417825950511214,6.531413694421178,6.516524484590489,5.874081100308276,8.417806781444355,8.381403886418333,7.5772583485107985,21.420388050508162,17.495534339390208,-3.9248537111179544,12.841781587774879,13.016958628401044,0.17517704062616524
271250729,0.6434108527131783,1.5297157622739017,3.854567605968527,3.9853212225543904,3.971801024910977,4.272609819121447,7.014611958979404,7.036370418124575,5.526282283130338,23.647011308562195,13.738287560581583,-9.908723747980613,20.85812356979405,15.160183066361556,-5.697940503432493
272001989,0.8029502822800947,3.5607357494081224,4.845439456815535,4.915852790688495,4.915852790688495,2.2562374795119284,3.771456750085491,3.7910487636719647,3.5333774644247047,14.380913034497004,10.356124767609998,-4.024788266887006,3.576117469229108,5.587778017706759,2.011660548477651
272306709,0.6616628175519631,3.027713625866051,5.233568258262018,5.373214788310565,5.383999055323683,2.4826789838337184,5.08433213375367,4.216431622709554,4.047723739267646,20.896846254927727,16.331800262812088,-4.565045992115639,10.657786885245901,10.164617486338798,-0.4931693989071029
272863153,0.5954198473282443,2.595419847328244,5.233158323156348,5.4284420643839555,5.3485593699106575,3.9618320610687023,7.072862368106349,7.21082663633348,7.21082663633348,25.40573770491803,22.4672131147541,-2.938524590163933,16.123456790123456,14.41358024691358,-1.7098765432098748
273209849,0.5392905253704535,1.823978446340368,4.8276628816340805,4.956423062129863,4.918831205907135,2.372249663224068,5.914887948485583,5.958970114403075,4.88512946458209,21.52698605215282,21.804730139478472,0.2777440873256509,14.170694864048338,18.994335347432024,4.823640483383686
273434417,0.7215311004784689,1.9416267942583731,3.7571585887341907,3.5837427288362274,3.568183228036874,3.532057416267943,5.673351743876178,5.691767198718068,5.066303219863429,18.069072164948455,11.414432989690722,-6.654639175257733,10.250632911392405,6.759071729957806,-3.491561181434599
273543945,0.7654265734265734,12.508643356643356,14.037990134021152,14.149362199320061,14.14695750059857,13.634573426573427,15.438332297285191,15.503852726544498,15.362752581160894,43.5467211647473,52.70812697654991,9.161405811802616,29.436085934877475,59.134373950990266,29.69828801611279
273612405,0.7967532467532468,3.9623376623376623,5.287444140215385,5.364084939071137,5.364084939071137,4.502597402597402,6.065468949760654,5.5518375048672395,5.47194630756816,14.862825278810408,12.415613382899629,-2.4472118959107796,6.450606585788561,6.2079722703639515,-0.24263431542460978
274127869,0.7144291259536876,7.595770311872574,9.457604801462466,9.54040360448699,9.533049927184887,9.29554276535939,11.491447923084962,11.483521580981522,11.286934805670727,27.906349332485696,23.45418785759695,-4.452161474888747,27.514083601286174,22.302315112540192,-5.211768488745982
274201981,0.47192898272552786,2.2658349328214973,5.7086959605710765,5.927067695380231,5.913056281110799,2.4847648752399234,6.5453816112812415,6.65252125493587,6.074146267771421,13.796027633851468,9.092141623488773,-4.7038860103626945,20.80271186440678,17.39728813559322,-3.4054237288135596
274281733,0.6485730274202575,2.540384256668532,4.831580304956761,4.888850121401019,4.888850121401019,2.0356276814027234,4.737935135651681,4.694559284911609,4.691690593346589,13.544172932330827,11.41578947368421,-2.128383458646617,5.538133787814231,4.955688112484022,-0.5824456753302085
274516541,0.6173800259403373,1.993514915693904,4.488079764050047,4.649859013875486,4.650661410442747,2.549935149156939,5.492102053580741,5.268447867069743,3.6859942551988616,14.28688989784336,11.712542565266743,-2.5743473325766164,9.307142857142857,7.111428571428571,-2.1957142857142857
274588325,0.4238456237077877,0.9693314955203308,4.725681272756468,4.769023451597158,4.767433627774055,2.2361589708247185,6.6665140298670815,6.694445145632464,6.644100201779709,14.838039641596525,11.437822427368992,-3.400217214227533,5.266666666666667,6.812135922330097,1.5454692556634306
274603965,0.8259893348301993,4.20207690148751,5.336573054330718,5.368550937519365,5.368550937519365,2.645523435307325,3.983583272192702,4.01090560421403,3.4864724745960527,15.8502658003544,12.921884229178973,-2.928381571175427,9.590491803278688,6.639180327868853,-2.9513114754098355
274669289,0.7051826677994902,3.890399320305862,5.812517880375725,5.916747390904656,5.916747390904656,2.594732370433305,4.861738424632665,4.925253989687722,4.735792388616305,20.26008273009307,14.890382626680456,-5.369700103412615,10.598457888493476,10.080071174377224,-0.5183867141162519
274981321,0.886568197553658,3.0568889914608817,3.796429544103855,3.834680210488886,3.834680210488886,3.5830833141010845,4.455320305614566,4.3660405333118355,4.113153918274865,17.608658420551855,14.244338725023788,-3.364319695528067,6.509663341645886,4.987738985868662,-1.521924355777224
275517217,0.6379690949227373,2.19205298013245,4.552383415164771,4.556129382611166,4.553644928433149,2.378587196467991,5.162433883810104,5.170799979090953,4.118370133876252,23.2792732166891,19.084118438761777,-4.195154777927321,17.007949125596184,13.688394276629571,-3.3195548489666127
275651753,0.7887982321944587,2.4888662247152813,3.8658369570279283,3.9264806427461596,3.9264806427461596,4.116097229304777,5.740139081590224,5.296816381910867,5.135392503635413,24.67558874836459,9.111807675534235,-15.563781072830354,11.16325468424705,6.149722414989591,-5.0135322692574595
275691029,0.6705593116164721,5.713583282114321,7.861435502530948,7.995800144061749,7.985806488047413,6.859864781807007,9.393108093828847,9.407498483151807,7.899840616482091,20.33705772811918,13.533985102420857,-6.803072625698324,9.588077336197637,9.227712137486574,-0.36036519871106343
275958877,0.7478937135450421,8.1049902786779,9.748645923644508,9.843361110756625,9.849413719462628,5.163966299416721,7.102544582549694,6.945574576256572,6.449717149079886,23.075143472022955,29.058823529411764,5.98368005738881,13.097773897861195,24.985814054997817,11.888040157136622
276036365,0.7610619469026548,11.009439528023599,12.567242331330329,12.652310421770157,12.63996277224095,16.489085545722713,18.32640633316505,18.12805013345406,18.046391431789957,34.31116825863336,36.21160911094783,1.9004408523144747,28.421588594704684,48.43533604887984,20.013747454175157
276122977,0.9059927244878422,4.064522305188589,4.677420901396723,4.7111501998691585,4.710934718777326,5.542408577445912,6.265280130261898,6.209291670118536,6.166596608954252,13.891004528612598,11.217064635652532,-2.6739398929600657,6.682341650671785,8.153124333546598,1.4707826828748134
276177417,0.7205181655747469,2.854675402025015,4.67681122131869,4.796544926508249,4.796544926508249,4.040946992257296,6.190030310906552,6.261282871939513,5.9899281854611575,27.4949146698845,26.20324082054818,-1.2916738493363198,18.63201642871113,21.06503031488363,2.4330138861724997
276177637,0.7319298245614035,1.6308771929824561,3.3786124966221776,3.4445979346198357,3.24316149860396,1.4385964912280702,3.4999295415395943,3.4904615985501466,2.8429224204418144,26.10262645914397,24.57101167315175,-1.5316147859922182,26.061755952380953,21.689732142857142,-4.37202380952381
276686141,0.734130634774609,7.107635694572217,8.841022390799955,8.944253946153673,8.974324887567436,10.36982520699172,12.414235066118247,12.34332893406909,11.975476641077467,22.883292383292382,24.436732186732186,1.5534398034398045,17.00599700149925,24.26911544227886,7.2631184407796106
276704117,0.49872773536895676,2.5801526717557253,5.848294053756584,6.077357937090481,6.072920009619742,4.184478371501272,8.03902535569257,8.083186574389174,7.411412734504736,25.583065380493032,22.744640943193996,-2.838424437299036,17.008796622097115,17.38177339901478,0.37297677691766395
276849181,0.83202416918429,15.972205438066466,17.067356322324667,17.121808895321458,17.123950363523292,17.061027190332325,18.352682001045395,18.242066935367053,18.214189493409215,39.941117092866754,61.21265141318977,21.271534320323013,27.98955431754875,71.10863509749304,43.119080779944284
277267437,0.7047038327526133,4.229965156794425,6.15520557446996,6.189264382540353,6.179658666645471,5.574477351916376,7.845165421491598,7.873262087696294,7.123064259400056,22.17507204610951,21.10914985590778,-1.0659221902017286,17.344188376753507,19.78006012024048,2.435871743486974
277352569,0.6363075657894737,4.592105263157895,6.96326835840495,7.01807364320654,7.019993703904189,5.6947985197368425,8.491421581440065,8.457612223361563,8.162773217704327,22.60265650741351,18.99763179571664,-3.6050247116968706,20.32526525198939,18.981763925729442,-1.343501326259947
277713641,0.7567567567567568,5.162162162162162,6.748033484447392,6.8239838256557945,6.729707852899019,7.887387387387387,9.757813053882739,9.800368985513405,9.592543911458367,19.324324324324323,13.202702702702704,-6.121621621621619,12.551724137931034,13.64655172413793,1.0948275862068968
278036445,0.835834166944537,2.919306435478493,3.9896173031944655,4.071757273505387,4.06943102409425,2.2697565855285093,3.532114312774684,3.5879959264050134,3.531587253420418,23.498703288930802,20.218908405045386,-3.2797948838854154,10.82013769363167,14.746742070322105,3.9266043766904346
278079693,0.8403630539241858,4.3064602242391885,5.3472441382477,5.4388174549945445,5.433230357837042,6.111051788574479,7.338584513759155,7.364792320355583,7.286788568587995,20.55220547180346,16.06002233389168,-4.4921831379117805,9.459165687426557,9.80464159811986,0.3454759106933025
278160253,0.7711753449491389,6.241615469835835,7.7334820205300465,7.7530750108799,7.7530750108799,11.776714674186726,13.536268206804595,13.528567824122373,13.479002935879617,24.02901609074123,21.0824320759694,-2.9465840147718296,20.795206547155104,10.806118472330475,-9.989088074824629
278170389,1.0,0.6666666666666666,0.6666666666666666,0.6666666666666666,0.6666666666666666,0.0,0.0,0.0,0.0,12.666666666666666,15.0,2.333333333333334,1.8333333333333333,3.0,1.1666666666666667
278207925,0.859748427672956,0.8900768693221524,1.8044740936530699,1.7875095437360213,1.780849365222628,1.7016072676450036,2.7800756236375364,2.775048455931924,2.5402250022354926,11.168279085020906,7.9396982864638845,-3.2285807985570214,4.111003683241252,6.567034990791897,2.456031307550645
278330849,0.9327586206896552,2.882758620689655,3.321151785068503,3.3401980715855686,3.4046061766432247,4.117241379310345,4.634295830795554,4.635004032956124,4.396363516886028,18.305882352941175,10.407843137254902,-7.898039215686273,4.176652892561983,3.584710743801653,-0.5919421487603302
278500493,0.6648002986188877,5.20194102276969,7.387340241145081,7.494939577269754,7.456990742347281,6.374020156774916,8.951547558996912,8.870020625693666,8.146705586317337,19.7310405643739,21.929747207524986,2.1987066431510875,16.175311203319502,18.393153526970956,2.2178423236514533
278558941,0.9602446483180428,1.885321100917431,2.144513797492081,2.1676280740635723,2.1676280740635723,1.4877675840978593,1.7934674636711738,1.8097972627253027,1.8097972627253027,12.302521008403362,9.858543417366947,-2.4439775910364148,6.455587392550143,5.2091690544412605,-1.2464183381088825
278587449,0.556,2.429333333333333,5.324077120277972,5.505477962811035,5.41725906803245,2.956,6.370150316576181,5.934049950401571,5.318887731198655,20.21321961620469,13.779317697228144,-6.433901918976545,14.473214285714286,10.444196428571429,-4.029017857142858
278681617,0.5247148288973384,4.173003802281369,7.271717306957831,7.493963407855265,7.6803918108025675,5.58745247148289,9.242170979104776,7.999706828176633,7.60499722935347,18.895432692307693,17.00841346153846,-1.8870192307692335,7.5765625,8.7171875,1.140625
278767453,0.8,3.6526829268292684,4.956621569597124,5.00381143268107,4.9709872234973735,4.779512195121951,6.317417743129241,6.245668333214217,5.848063484217211,20.764227642276424,15.903455284552846,-4.860772357723578,16.964944649446494,13.304428044280442,-3.660516605166052
278817169,0.6845295439948619,4.448980411046885,6.505751002230366,6.6153864973492915,6.609114860823818,4.8734746307000645,7.2992934533135205,7.202809458128943,6.971308743412046,21.013050610315048,19.67363824962609,-1.3394123606889572,15.492408298256164,20.696482260974143,5.204073962717979
278820081,0.8605193075898802,2.508655126498003,3.4180264502658644,3.464411941288522,3.464411941288522,3.4224367509986684,4.494977404485776,4.410285875006511,4.333492988121993,25.530835284933644,23.112021857923498,-2.4188134270101465,21.0825727944372,21.094741416775314,0.012168622338112556
278937725,0.6926744690073688,8.671434763762463,10.675102942614672,10.816486847593175,10.82053503798475,12.701777199826614,15.06496539561588,15.002047352606377,14.875388464820777,34.810049893086244,33.92694226657163,-0.8831076265146152,19.15086887835703,22.168641390205373,3.0177725118483423
279024221,0.9062924400181077,13.008148483476687,13.619093026376067,13.669101383912952,13.677556952254609,12.838841104572204,13.559407986504095,13.581535697288414,13.334384737785205,31.343916755602987,46.200907150480255,14.856990394877268,22.953776041666668,59.750325520833336,36.79654947916667
279035065,0.8272727272727273,6.573636363636363,7.6997651914813305,7.671316249394953,7.671316249394953,9.202727272727273,10.530918427824478,10.57087390608356,10.305235675064122,29.86016511867905,24.737874097007225,-5.122291021671824,22.585227272727273,22.071732954545453,-0.5134943181818201
279035465,0.8204283360790774,5.95831960461285,7.129071763275917,7.193397339101902,7.205427852323141,8.726523887973642,10.107345179018075,10.10018023089962,10.00326937882173,30.960295956648604,18.514068361817422,-12.446227594831182,18.770811130846656,13.410242747187684,-5.360568383658972
279325689,0.8881893182805037,3.837603126356926,4.566574469198269,4.621231831401984,4.623259442177789,5.067520625271385,5.927291963985838,5.940299095634927,5.748311320970535,15.20414874778649,11.07905388312674,-4.125094864659751,8.110864745011087,6.856984478935699,-1.253880266075388
279381233,0.7279411764705882,1.8786764705882353,3.6524165361180385,3.697305036462051,3.697305036462051,2.639705882352941,4.731709752804033,4.751341533284548,4.525178952695241,18.589673913043477,18.04891304347826,-0.5407608695652151,11.301948051948052,11.146103896103897,-0.15584415584415545
279716617,0.6422807249636195,2.1240904881598097,4.456310418074004,4.5227898660931665,4.427906636686982,3.087048551395687,5.837740839933662,5.672261967904701,5.577656057093298,18.039363324437666,13.580060998856272,-4.459302325581394,10.99732495929286,10.12270295417539,-0.8746220051174696
279868049,0.89171974522293,2.910828025477707,3.6167820677405587,3.6686278091145352,3.6686278091145352,5.286624203821656,6.11924822662815,6.132329667810659,5.691528714560162,12.955223880597014,11.895522388059701,-1.0597014925373127,9.622093023255815,9.575581395348838,-0.04651162790697683
280121033,0.7710622710622711,14.937728937728938,16.430332695476025,16.50274310035679,16.483577105895247,14.866300366300367,16.626723383707976,16.654069902301206,16.42873575607303,46.548283261802574,33.01824034334764,-13.530042918454932,38.40691489361702,27.72473404255319,-10.68218085106383
280243629,0.5572755417956656,3.43343653250774,6.3198641782632095,6.474667628071134,6.474667628071134,5.464396284829721,8.868738287384556,8.92641015868511,8.331245472923776,20.816964285714285,17.433035714285715,-3.3839285714285694,13.529569892473118,11.827956989247312,-1.701612903225806
280288625,0.846528253099095,1.92912008517758,2.9297087919634692,2.9759921379173195,3.0639311510278002,3.728268309377139,4.9083935644835,4.8957053119790475,4.62962157011909,17.722793613478302,12.387109413262808,-5.3356842002154945,9.510828678901174,8.491451042972757,-1.0193776359284161
280307769,0.8662442801830341,2.54030271031327,3.4123489691161297,3.4469744967292963,3.4469744967292963,2.6782822949665612,3.7068006128876627,3.6448206549874733,3.4824230258420363,9.832313575525813,7.018355640535373,-2.81395793499044,4.4704811969268095,3.7124949454104326,-0.7579862515163769
280526813,0.8920863309352518,1.4388489208633093,2.1424129367452456,2.1424129367452456,2.1424129367452456,2.5755395683453237,3.4053447201478177,3.4053447201478177,3.4053447201478177,7.38,4.19,-3.1899999999999995,3.938775510204082,3.316326530612245,-0.6224489795918369
280588877,0.9584415584415584,1.6545454545454545,1.925493743951762,1.9421055427185259,1.9421055427185259,2.2025974025974024,2.5221621917937225,2.5338981133117446,2.5338981133117446,7.0638297872340425,4.7313829787234045,-2.332446808510638,3.6509695290858724,3.339335180055402,-0.3116343490304705
280608941,0.6785714285714286,2.5406162464985993,4.63623192237551,4.699747623542548,4.692419449189606,2.9138655462184873,5.385499462658774,5.235641193150921,4.961015202435334,13.102550478214665,9.574920297555792,-3.527630180658873,5.733766233766234,5.144155844155844,-0.5896103896103897
280701001,0.6419753086419753,1.3518518518518519,3.6860630024856667,3.8200511736085367,3.904209261689769,2.4670781893004117,5.220118985115929,5.25312431379196,4.84175040177355,16.47645429362881,16.610803324099724,0.13434903047091495,20.61081081081081,21.905405405405407,1.2945945945945958
281147237,0.7791842475386779,2.723863103609939,4.163514066440834,4.200039774934093,4.212080436861773,5.366385372714487,7.064354226702844,7.07802687788535,6.850910024804105,22.065862169235242,6.3990985751672,-15.666763594068042,12.336838750796685,6.1789356277884,-6.1579031230082855
281397553,0.770207363520948,1.5598815065594582,3.05805899920217,3.1852661505710205,3.1852661505710205,1.8861616589081676,3.653158511569949,3.5901670852046927,3.5804046716540747,26.398783666377064,24.031928757602085,-2.366854908774979,15.749628896585849,19.00470064324592,3.25507174666007
281470521,0.6860158311345647,4.084432717678101,6.131513172683045,6.212818942372615,6.237460565679633,5.034300791556729,7.448690767979782,7.3246011229204315,7.101422217536788,33.113240418118465,31.165505226480835,-1.94773519163763,23.545045045045047,21.686936936936938,-1.8581081081081088
281477021,0.6055689541767156,1.6028225573800758,4.174391970161672,4.29738378438729,4.316214389544643,2.5352588882862714,5.568247356676003,5.55018414293704,5.387358776812726,12.754688660794153,8.928309353063359,-3.826379307730795,8.348211494663511,7.32500111642031,-1.023210378243201
281487169,0.9189497716894978,6.755707762557078,7.284130386053183,7.30205064842144,7.334034125248015,8.01027397260274,8.633511951532634,8.644296673932187,8.609184675119234,20.877639751552795,19.795031055900623,-1.0826086956521728,12.496192893401016,15.358502538071066,2.8623096446700504
281550521,0.8240601503759398,5.1308270676691725,6.277900911307061,6.310306511533865,6.310306511533865,3.3473684210526318,4.700262775314683,4.7095279765131215,4.23543679254095,28.42800788954635,20.29585798816568,-8.132149901380672,15.375,14.047794117647058,-1.327205882352942
281775669,0.8204921339249698,1.8688987494957645,3.039234965775909,3.0444853705913997,3.0444853705913997,1.8305768455022187,3.210907561240911,3.2171048235521185,3.1054376195822466,6.8961519486926495,5.0624074987666505,-1.833744449925999,2.2556668423827095,2.9765419082762254,0.7208750658935159
281889137,0.7460034350640772,3.1255780155899062,4.78155769634113,4.8103079926051935,4.766941664593753,4.931034482758621,6.884148114707368,6.866203826009336,6.321160672022079,15.235848202155601,12.78231138483833,-2.4535368173172714,8.569331667707683,9.39843847595253,0.8291068082448465
281933793,0.4423076923076923,0.6282051282051282,4.2641878820770325,4.365057078118426,4.365057078118426,0.7884615384615384,5.07685200886648,5.105027961492733,4.907860583543081,8.578048780487805,13.71219512195122,5.134146341463415,2.5952380952380953,2.257142857142857,-0.3380952380952382
282040489,0.6245136186770428,3.6712062256809337,6.119262237881285,6.192330920445035,6.167592499314129,4.099221789883268,6.98653473507205,6.996684468760684,6.263636104438143,24.498614958448755,22.588642659279778,-1.9099722991689774,21.31983805668016,24.700404858299596,3.380566801619434
282465705,0.8679373723621511,5.027229407760381,5.888237224972648,5.941272852076883,5.941272852076883,5.71068754254595,6.726186781189292,6.582566379524144,6.5511591865764105,36.74079754601227,22.58128834355828,-14.159509202453986,14.873836126629422,12.956238361266294,-1.9175977653631282
282523825,0.7851650836725463,4.84486657620986,6.245524322285688,6.183463943930503,6.177967417657339,5.768882858435097,7.42086190706346,7.130981513704849,6.797107853350484,13.73608670181605,12.802577621558289,-0.9335090802577621,7.455293276108727,8.374821173104435,0.9195278969957075
282642433,0.9,4.371428571428571,5.023397892812499,5.06492738972941,5.06492738972941,4.114285714285714,4.883238488289359,4.912578292084414,4.912578292084414,14.25,18.764705882352942,4.514705882352942,7.764705882352941,18.46323529411765,10.698529411764707
283239057,0.8233502538071066,7.269035532994923,8.420737684475162,8.502784792089686,8.412480852702865,10.687309644670052,12.0456627682907,11.920876186580616,11.553964710660097,19.8922193877551,14.991071428571429,-4.901147959183673,13.643892339544513,14.925465838509316,1.2815734989648035
283328041,0.7884753901560624,2.8415366146458583,4.2206121780053785,4.266538915772314,4.266538915772314,3.986794717887155,5.613319072982499,5.642481441710462,5.638788991415127,11.479939668174962,6.664404223227753,-4.815535444947209,5.0489869972785,2.9192621711521016,-2.1297248261263984
283432969,0.7209677419354839,2.8645161290322583,4.6837208483777335,4.730608990058116,4.730608990058116,3.732258064516129,5.877884353268234,5.909022403102342,5.871815010811843,25.19551934826884,19.40835030549898,-5.787169042769857,15.102908277404921,10.331096196868009,-4.771812080536913
283523233,0.9021298611709925,4.292575666120548,4.930658946081536,4.969429269387057,4.96852691248648,5.783392256618091,6.535967404064961,6.485066557013264,6.315985797014187,16.81905656999642,21.82482993197279,5.00577336197637,8.012711051419801,7.821229854182655,-0.19148119723714618
283807589,0.8643724696356275,1.868421052631579,2.7526709419579585,2.8121068818775035,2.8121068818775035,1.4200404858299596,2.462952142879437,2.501616540188306,2.4393531576778895,15.218715995647443,12.943960826985855,-2.2747551686615886,10.114559819413092,7.6156884875846504,-2.4988713318284415
284208225,0.8023224043715848,4.9841757741347905,6.272973052881435,6.344089650283572,6.323490877454821,6.950569216757741,8.470616571926149,8.502715592494502,8.134871836077913,20.60136190785013,15.109173716947204,-5.492188190902926,12.54031417376613,10.298267371221108,-2.2420468025450226
284215401,0.7159904534606205,3.9176610978520285,5.769316211090391,5.7067603669974405,5.7067603669974405,4.951073985680191,7.134973272229921,6.72258615064723,6.043558641383869,20.366184448462928,17.860759493670887,-2.5054249547920406,14.010840108401084,11.601626016260163,-2.409214092140921
284508609,0.8219329825533094,4.204929382442537,5.365871707698326,5.28442490559794,5.280077924300791,5.056494045970645,6.425745316212527,6.402398985226611,5.899843309056963,17.373936337850616,13.050583044437442,-4.323353293413174,9.502476123098692,6.466041740360806,-3.0364343827378857
284670385,0.4686750199946681,1.62098995823336,5.085065824717412,5.142426592186743,5.107553781682871,1.5669599217986314,5.652598094523941,5.630632899565519,5.61969959788236,21.263112933538356,19.050914061165216,-2.21219887237314,15.885469934755776,16.199435725621584,0.313965790865808
285625365,0.8436632747456059,3.9185938945420906,4.937861381257019,5.024454800360363,5.024454800360363,4.8066604995374655,6.0088160851675845,6.06467299193005,5.965086138682585,9.88510223953262,7.027263875365141,-2.8578383641674785,4.999007936507937,3.4047619047619047,-1.594246031746032
286102281,0.8018719933068396,1.2782890608659276,2.570022881574828,2.5094255752273447,2.506963179892059,1.8957331102279857,3.4192439137731694,3.430451895299647,3.2286038025628607,13.672765828536807,8.73308088458043,-4.939684943956378,6.4793618370078185,3.0558568711699654,-3.423504965837853
286227241,0.7973509933774835,3.7496688741721855,5.070878227440277,5.114772980472985,5.08705209841735,9.782781456953643,11.341056614868313,11.352128248115742,11.138247344088237,16.67560975609756,11.576422764227642,-5.099186991869919,8.368181818181819,7.316363636363636,-1.0518181818181827
286244473,0.8122703894195444,2.964731814842028,4.188671282980114,4.24142991646236,4.268877896575102,4.143277002204262,5.586829050388914,5.611230150253882,5.458682575690338,19.729273504273504,13.02948717948718,-6.699786324786324,7.778758949880668,7.835322195704057,0.0565632458233889
286490833,0.9090909090909091,2.3636363636363638,2.956335746712661,2.956335746712661,2.956335746712661,3.5454545454545454,4.244502521821495,4.244502521821495,4.244502521821495,10.0,5.0,-5.0,4.0,2.0,-2.0
286591993,1.0,2.6666666666666665,2.6666666666666665,2.6666666666666665,2.6666666666666665,2.0,2.0,2.0,2.0,10.0,5.0,-5.0,4.0,2.0,-2.0
286877073,0.8423364075537989,6.059727711901625,7.087645965642643,7.147923041866331,7.147923041866331,7.758454106280193,8.970812673989057,8.962570033472012,8.898406209554272,25.467741935483872,14.317716333845366,-11.150025601638506,7.772962112514351,6.191159586681975,-1.5818025258323765
287108597,0.815028901734104,2.934489402697495,4.140444216818055,4.214381124623883,4.214381124623883,4.358381502890174,5.780721894110787,5.732288445388593,5.70265635390483,31.698979591836736,42.316326530612244,10.617346938775508,24.73699421965318,45.092485549132945,20.355491329479765
287217329,0.8718527066722619,4.498373898447335,5.333854937128061,5.377523969123688,5.377523969123688,6.167121275702896,7.152513442557125,7.190416567759097,7.157744948637038,21.904918032786885,11.391084268047168,-10.513833764739717,18.149420898561793,6.6721076746849945,-11.477313223876799
287285341,0.9299013687600645,2.1190116747181964,2.5760332451126264,2.606783296322138,2.616106116103708,3.2658011272141705,3.804826496672241,3.7841499723611416,3.5898996238557928,34.50670035149385,27.963724736379614,-6.5429756151142335,6.559331373989713,5.28520695566985,-1.2741244183198628
287473937,0.5786163522012578,5.273584905660377,8.020877014636676,8.260389899371306,8.260389899371306,5.20125786163522,8.441499110581395,8.352184767664998,7.675119432064304,13.631229235880399,9.42358803986711,-4.20764119601329,9.005649717514125,8.03954802259887,-0.9661016949152543
287776541,0.7522260936895083,3.085946573751452,4.701356429290413,4.789367449856872,4.785316101434107,3.6066589237320943,5.511923249563812,5.46072041739804,5.201723548105291,18.20956561922366,13.653881700554528,-4.555683918669132,10.55369807497467,10.0483789260385,-0.5053191489361701
287888969,0.40492957746478875,5.862284820031299,9.741961415590586,9.899909533611893,9.899909533611893,7.22339593114241,11.799206452502126,11.927929676194518,11.47967473360241,40.75703564727955,33.0603502188868,-7.6966854283927475,28.738262910798124,27.742175273865413,-0.9960876369327103
287963033,0.6627218934911243,10.115877712031558,12.314827494214036,12.423368407076218,12.423368407076218,9.968934911242604,12.562444267349571,12.625719049341903,12.504385278295961,40.31344183242918,44.14737793851718,3.8339361060880037,25.273963290278722,46.79333786539769,21.519374575118967
288292769,0.7623827546486753,2.767154846141188,4.316346388149402,4.373470130123961,4.373470130123961,4.136580549613296,5.9637449492533525,5.976337871792275,5.789066174322242,18.7717630578347,9.494296577946768,-9.277466479887932,9.954114655570967,5.37378640776699,-4.580328247803977
288293957,0.8189159427382846,3.895631958889025,5.076244458152713,5.152504667345052,5.1528694539598465,4.43606998654105,5.828520868133358,5.828057359072722,5.767843266895757,15.691098081023455,18.716084754797443,3.024986673773988,7.873741610738255,14.7731403803132,6.899398769574944
288319953,0.4478211009174312,3.8698394495412844,7.469876470715151,7.6702372431112975,7.712432165200885,4.912844036697248,9.158838998655446,9.004211083802842,8.082702312204438,30.259083728278043,27.941943127962084,-2.317140600315959,21.970158343483558,22.269183922046285,0.29902557856272693
288351365,0.7248983087133376,1.221151787625776,3.014730417423136,3.1038770693903173,3.1038770693903173,6.132733889959323,8.248135976439055,8.303800575289792,8.073328752638304,11.833821019263594,7.829309924408681,-4.004511094854913,9.02577873254565,7.937298603651987,-1.0884801288936625
288954341,0.5772216274089935,7.029577087794433,9.78596237453403,9.448532848691091,9.448532848691091,10.178265524625267,13.429231548551275,13.041910412105937,11.904741226782024,23.098044049967125,16.890532544378697,-6.207511505588428,11.18484539585457,11.674481821270811,0.48963642541624175
288958305,0.8350515463917526,6.3883161512027495,7.463729464825723,7.418033215645261,7.450126601326911,7.099656357388316,8.36803206708505,8.335144445103086,8.15017298743898,16.3125,11.888671875,-4.423828125,6.56140350877193,4.907894736842105,-1.6535087719298245
288967217,0.697841726618705,1.8129496402877698,3.782928884757191,3.912596522612867,3.912596522612867,2.3741007194244603,4.697555144471444,4.1269450468370525,3.850343329569554,30.739837398373982,28.353658536585368,-2.386178861788615,23.256410256410255,21.042735042735043,-2.213675213675213
289059885,0.6568752660706684,8.08301404853129,10.32008204783076,10.441116929011333,10.441116929011333,8.102171136653896,10.740638296496115,10.814964771355644,10.759314719597185,38.931106471816285,46.77687891440501,7.845772442588725,29.734221980413494,49.85010881392818,20.115886833514686
289143385,1.0,9.05243445692884,9.05243445692884,9.05243445692884,9.05243445692884,10.958801498127341,10.958801498127341,10.958801498127341,10.958801498127341,24.575875486381324,14.073929961089494,-10.50194552529183,15.793991416309012,5.931330472103005,-9.862660944206008
289245653,0.9125178633501989,1.6810474682322043,2.251404160880073,2.2848352466963417,2.2851959579563683,1.8398285118380904,2.512524828364395,2.5253398411576953,2.4196092059774017,11.07343295973433,16.24703196347032,5.1735990037359905,11.504045307443366,6.9783759929391,-4.525669314504267
289407473,0.8888888888888888,12.0,12.724410357093253,12.724410357093253,12.724410357093253,4.444444444444445,5.298836415559605,5.298836415559605,5.298836415559605,32.5,29.0,-3.5,21.0,18.625,-2.375
289453645,0.6222039811204597,2.807921198440386,5.27103533894482,5.458555157031953,5.456407684637945,3.017443053560435,5.922516020809993,5.908476585901439,5.659154734285235,49.64517265680056,48.556142823584686,-1.089029833215875,49.30245336059289,65.40365448504983,16.101201124456935
289456517,0.34895457822638787,0.7289113193943764,4.973527737632924,5.242219759596098,5.218773936473785,0.71521268925739,5.721444520009307,5.926009363270359,5.84839336589436,100.81584821428571,86.14341517857143,-14.672433035714278,87.46569178852643,78.56467941507312,-8.901012373453312
289474569,0.918869644484959,3.226982680036463,3.755927708324244,3.795677910478078,3.795677910478078,1.6089334548769372,2.232787574168864,2.195663892636195,2.1816446989442415,8.709266802443992,7.976069246435845,-0.7331975560081467,4.482758620689655,3.182758620689655,-1.2999999999999998
289575093,0.6660820764643984,5.237109786039986,7.414152206094349,7.521739635106739,7.521739635106739,4.913363732023852,7.481034867946229,7.565333397167697,7.131094896239648,31.823226317875545,27.526753864447087,-4.296472453428457,30.350640113798008,25.297534376481746,-5.053105737316262
289592077,0.7463981947578545,12.350112827634092,14.003518796288697,14.114836014027096,14.149689731700633,13.096511022391946,15.046589138724743,15.102452710645233,14.884887527235072,38.55842450765864,37.49059080962801,-1.0678336980306327,28.338159509202455,39.96466257668712,11.626503067484663
290100081,0.7127614169867691,2.924029022620572,4.796736463044743,4.844180854423067,4.875108078657637,3.8117797695262485,6.020508821615248,6.016872194217258,5.905287071229107,18.368214285714284,15.899285714285714,-2.4689285714285703,9.504541701073492,11.052023121387283,1.5474814203137903
290267513,0.9194553805774278,2.899032152230971,3.424158360891582,3.4588275882226442,3.4625653193926045,4.3275918635170605,4.946941948877607,4.946155823972975,4.857857441131349,18.264940962761127,17.16244323342416,-1.1024977293369673,5.310348089292471,6.977156640181612,1.666808550889141
290371629,0.8171334431630972,2.9752883031301485,4.167522152777858,4.208709561581778,4.208709561581778,3.739703459637562,5.145860921159877,5.149718684494378,5.073710173060739,16.019144144144143,10.121621621621621,-5.897522522522522,7.941666666666666,4.45,-3.4916666666666663
290400241,0.7539400101677681,3.815200813421454,5.419436459328017,5.522485419649997,5.522485419649997,4.417132689374682,6.309217806902715,6.245394288145775,6.047976316172291,18.704517133956386,14.883644859813083,-3.820872274143303,10.077864490954239,9.218517204682511,-0.8593472862717277
290858729,0.7883194829178208,5.430517082179132,6.810609112901804,6.903805156422554,6.903805156422554,3.9988457987072947,5.62656900683597,5.583191967762685,5.2814330305959745,18.077256944444443,13.135540674603174,-4.941716269841269,9.490750436300175,6.093193717277487,-3.3975567190226883
290990621,0.7463235294117647,3.922794117647059,5.5766868814518755,5.653638596327326,5.653638596327326,5.444852941176471,7.3955051987592455,7.301502353154831,6.736095901681563,20.185446009389672,18.18075117370892,-2.004694835680752,10.583333333333334,14.256944444444445,3.6736111111111107
291606053,0.7154929577464789,1.1225352112676057,2.977433843937372,3.009370611988967,2.9798927726199476,1.2,3.3877247936441717,3.4097089846568056,3.3988786638961903,10.088662790697674,8.255813953488373,-1.8328488372093013,5.918154761904762,6.7038690476190474,0.7857142857142856
291624553,0.9092920353982301,2.299936788874842,2.8913248901301745,2.909149497213981,2.909149497213981,2.9677623261694057,3.6652637362169598,3.673702175361555,3.595931983300504,15.938722294654498,10.782485875706215,-5.156236418948284,9.984973339796413,6.421715947649055,-3.5632573921473583
291634193,0.5656970912738215,3.558676028084253,6.3901977548569775,6.516856677502082,6.652682194938112,4.4343029087261785,7.773887172954645,7.3519777437801475,6.272204540565401,14.77503974562798,19.425278219395867,4.650238473767887,9.75436046511628,24.593023255813954,14.838662790697674
292051745,0.7875867386276022,2.220123361603701,3.6049926603027913,3.662968319983578,3.626226934275537,3.9406322282189667,5.573989893893632,5.5682663118989915,5.064326560238931,19.675786924939466,11.872397094430992,-7.803389830508474,12.165701042873696,10.033893395133257,-2.1318076477404393
292069629,0.5142857142857142,8.857142857142858,12.023850989579076,12.148439480329808,12.148439480329808,8.757142857142858,12.492056330874844,12.212751284494376,12.212751284494376,34.549019607843135,30.725490196078432,-3.823529411764703,23.040816326530614,25.877551020408163,2.836734693877549
292187605,0.8699007717750827,1.8643880926130099,2.7125951479967307,2.706008842121034,2.602170146659051,2.7133406835722162,3.7137423079650502,3.723411371200927,3.5623297537139456,10.418470418470418,6.424963924963925,-3.9935064935064934,4.689097103918228,4.741056218057921,0.05195911413969334
292286781,0.0,0.0,6.519693213839276,6.519693213839276,6.519693213839276,0.0,7.689527740036445,7.689527740036445,7.689527740036445,,,,,,
292539833,0.32051282051282054,6.346153846153846,10.7762017991472,10.917828032222817,10.977694540128972,7.871794871794871,13.096730387460662,13.196786641428416,13.196786641428416,33.17857142857143,51.80952380952381,18.63095238095238,27.0,49.583333333333336,22.583333333333336
292750001,0.8459839911675407,1.276290367099089,2.280427494706684,2.364839091531449,2.364839091531449,1.2702180513386696,2.454528423665564,2.252591168573101,1.6073754818573742,10.069449644327968,8.267315612130288,-1.8021340321976798,6.603061664510565,7.006899525657611,0.40383786114704634
293084321,0.4976303317535545,9.033175355450236,12.308471472355277,12.404914379887437,12.404914379887437,13.476303317535544,17.339288817269495,17.283932131801894,17.110826649502496,40.02367941712204,25.45537340619308,-14.56830601092896,17.690019193857964,17.62476007677543,-0.06525911708253318
294765837,0.5126582278481012,3.561181434599156,6.738500279318297,6.964928249061286,6.964928249061286,3.5780590717299576,7.325487147570504,7.311666347600796,4.359147257544608,8.72247191011236,7.301123595505618,-1.4213483146067416,8.117486338797814,6.532786885245901,-1.584699453551913
295189309,0.46853146853146854,1.055944055944056,4.520955833928567,4.712049602958824,4.712049602958824,1.2377622377622377,5.324504253445943,5.453763528906678,5.3462176863886866,32.113861386138616,43.98019801980198,11.866336633663366,25.18,40.25,15.07
295670949,0.848263437093384,6.210239215293765,7.199515054767324,7.208428737786075,7.20337746948261,5.204133720348313,6.3709162299965225,6.340546382405764,5.850282227626141,20.45869756526841,25.021824581988852,4.563127016720443,12.578395385422128,22.22931961195595,9.650924226533823
295867337,0.6701107011070111,4.433948339483395,6.584725362794211,6.712530750817967,6.719423131063991,6.007380073800738,8.54407298877955,8.524205485512706,8.268833715548396,23.63517745302714,15.933716075156577,-7.701461377870563,12.005154639175258,13.778350515463918,1.7731958762886606
296066285,0.8597234334122337,1.677089821851252,2.591650001094185,2.643457655651271,2.643457655651271,3.0564345334496075,4.135095083503306,4.174497486008688,4.154380370954401,7.109476906695062,7.83521895381339,0.7257420471183282,3.2584938961612,5.700617737902633,2.4421238417414326
296125949,0.8427530170868682,4.252359899629585,5.277561987025032,5.3197316207685965,5.318481216541569,3.7334209582984825,4.942575995446047,4.8657795972197775,4.811569758928207,42.24945401601553,39.41785974278088,-2.83159427323465,25.20948867972526,38.78020859832104,13.570719918595778
296344249,0.6656278855032317,2.2472299168975067,4.427233522679177,4.483956021238561,4.480202632887839,2.4783010156971375,5.049464665614679,4.569313654616309,4.485886183752571,10.74295136026381,8.786727122835943,-1.9562242374278664,4.280414875724164,4.809381424032891,0.5289665483087269
296716165,0.8233587232499093,4.188248095756257,5.339895029067728,5.386949791080903,5.3897249048347655,4.700036271309394,6.058324268914672,6.067725727266554,5.77766011792169,18.979103178058338,12.089682194166304,-6.889420983892034,8.899080348499515,7.58083252662149,-1.3182478218780247
296769933,0.9032258064516129,2.399193548387097,3.0301316013392845,3.047323919955425,3.047323919955425,3.1088709677419355,3.8530188135519134,3.8478848129431507,3.8478848129431507,14.562642369020502,11.148063781321184,-3.4145785876993173,9.307125307125308,8.265356265356266,-1.041769041769042
297230125,0.8307243188356744,6.36554408529362,7.469169595048695,7.495737011323555,7.493301934264491,7.60272465730242,8.904374703329067,8.385420574815669,8.344754177476672,20.15663249293859,19.08884297520661,-1.0677895177319812,18.648146002317496,19.515121668597914,0.8669756662804176
297934681,1.0,2.6666666666666665,2.6666666666666665,2.6666666666666665,2.6666666666666665,3.0,3.0,3.0,3.0,8.333333333333334,5.0,-3.333333333333334,3.3333333333333335,2.0,-1.3333333333333335
299166821,0.8161957471599184,6.855325759782503,8.053673099698782,8.09798074226133,8.008128374763636,7.844450917564812,9.257818818515291,9.259045647386904,8.910370100771015,26.389340673088952,31.56868509946203,5.179344426373078,16.067799049949617,35.0400172736433,18.972218223693684
300112505,0.526775956284153,3.5530054644808744,6.638281050920663,6.7603233814786075,6.7311164838706015,4.554098360655738,8.192967772060962,7.932067431633748,7.5875093580364865,24.406832298136646,24.399068322981368,-0.007763975155278047,16.696039603960397,20.374257425742574,3.6782178217821766
300768845,0.675937422398808,2.3255525204867147,4.4383411085324695,4.305741716945113,4.27515891992981,3.895207350384902,6.38709553035698,6.286898430638637,5.1087413371192705,8.565422477440524,7.557424118129615,-1.0079983593109096,13.23207171314741,10.141434262948207,-3.0906374501992033
300780241,0.8111111111111111,10.544444444444444,11.775942051502973,11.806193403194134,11.743211815838567,9.546296296296296,10.998762647192068,10.98358840978806,10.563512357323106,33.23441247002398,52.57673860911271,19.342326139088726,23.430216802168022,61.609756097560975,38.179539295392956
301012253,1.0,3.0,3.0,3.0,3.0,4.0,4.0,4.0,4.0,10.0,5.0,-5.0,4.0,2.0,-2.0
301021117,0.7518796992481203,2.288220551378446,3.905888792406236,3.955526600126323,3.9424130249684257,4.553884711779449,6.461812647277213,6.504535519470013,6.282907526962697,19.74767801857585,9.537151702786378,-10.210526315789473,12.426666666666666,7.149166666666667,-5.277499999999999
301066041,0.58008356545961,3.3708217270194987,6.108548055672064,6.113125280877568,6.113125280877568,3.2207520891364902,6.449711161032018,6.294810423284898,6.005649909383806,21.467505241090148,23.377009084556253,1.909503843466105,13.88884364820847,13.752442996742671,-0.13640065146579872
301913121,1.0,0.0,0.0,0.0,0.0,5.0,5.0,5.0,5.0,4.0,14.0,10.0,3.0,13.0,10.0
302119225,0.7980833222414482,5.518434713163849,6.834869506907252,6.918304957266409,6.892294634615218,9.233816939527042,10.786460834327427,10.798693683360499,10.370189896968654,23.321176992622995,23.342892007321538,0.0217150146985432,14.006922733363108,18.93048554839533,4.92356281503222
302908329,0.8137451914795889,8.905150140667164,10.119474351822623,10.136336405791068,9.923533082848095,5.296032611816042,6.728244128648919,6.7072096730671085,6.526196503553705,18.468509131310327,33.626657870981184,15.158148739670857,10.36753434013812,29.162821583061394,18.795287242923273
303061793,0.5641646489104116,1.3305084745762712,4.172021255426319,4.40078543335845,4.40078543335845,0.46973365617433416,3.8211016784662477,3.9802328176936688,3.933686039606281,8.27755511022044,7.275551102204409,-1.0020040080160317,3.732905982905983,3.5555555555555554,-0.1773504273504276
303959745,0.7739130434782608,2.8521739130434782,4.326191509215836,4.104714675674791,4.013717867187817,2.8347826086956522,4.5732845325299785,4.535246343440894,4.000322674568794,14.082474226804123,9.469072164948454,-4.61340206185567,6.094117647058823,5.905882352941177,-0.1882352941176464
304134193,0.8291189779079052,7.060686718126164,8.174778558233914,8.247513210805984,8.245970744646995,8.35400585573596,9.668000215358902,9.678671675543926,9.428971812811842,22.435353208036293,20.32047958522359,-2.114873622812702,12.201831501831501,14.177106227106227,1.9752747252747263
304207261,0.7941609749564752,7.553635998392929,8.89564329311249,8.759785037023525,8.731303848762112,9.18240257131378,10.765207464368022,10.69870354593179,10.249710095462271,23.38845061533607,30.449747554433575,7.061296939097506,15.971601489757914,33.902234636871505,17.93063314711359
304263645,0.6694516971279373,3.845953002610966,6.001026529692043,6.126857901684454,6.131234650580972,4.775456919060052,7.317217263416747,7.357842911325552,6.173294251633254,20.996025437201908,17.277424483306838,-3.71860095389507,20.54653284671533,17.42883211678832,-3.1177007299270088
304578821,0.7493403693931399,3.134564643799472,4.7687885364504785,4.870037230780887,4.870037230780887,4.928759894459103,6.856214077317842,6.746213731178546,6.523034825794903,18.399053627760253,13.985804416403786,-4.413249211356467,12.484674329501916,10.586206896551724,-1.8984674329501914
305111797,0.9594548551959114,2.8083475298126066,3.072689435245954,3.0942819436940643,3.0942819436940643,6.732027257240205,7.043800272935038,7.054506552275584,6.969358459753886,11.798593113661607,16.823306182895223,5.024713069233616,7.832921966964117,14.085437630529713,6.252515663565596
305647821,0.793591654247392,4.69150521609538,6.03722430717845,6.054833074504921,6.054833074504921,4.373323397913562,5.9605060983532745,5.9006245606763175,5.344824120450136,21.325961538461538,26.546634615384615,5.220673076923077,22.153846153846153,34.12051282051282,11.966666666666669
305749445,0.8524046434494196,2.932006633499171,3.894283077996178,3.9752759277047787,3.9752759277047787,2.7213930348258706,3.856331623322129,3.9108267812830952,3.8598183053956223,25.879245283018868,16.838679245283018,-9.04056603773585,12.365180467091296,11.081740976645435,-1.2834394904458613
306199513,0.6302083333333334,1.8359375,4.246865719700982,4.461867386031234,4.461867386031234,2.6119791666666665,5.455502445534311,5.16001451281966,4.619344593598347,29.026813880126184,26.94321766561514,-2.0835962145110436,17.604247104247104,21.69111969111969,4.0868725868725875
306495561,0.8095238095238095,2.3683737646001797,3.6102200910457563,3.7011148390148416,3.691712653052576,3.2407906558849957,4.705462606368128,4.761189780871945,4.602286691904435,11.78629579375848,8.274762550881954,-3.511533242876526,8.330246913580247,3.7237654320987654,-4.606481481481481
307475033,0.698595146871009,3.51553852703278,5.480605702596086,5.647199301871945,5.655150919780297,5.879523201362282,8.19718418047927,8.229221755955088,8.20303349630405,22.840801886792452,20.469044811320753,-2.371757075471699,15.849449204406366,18.371481028151774,2.522031823745408
307540609,0.8905004702737488,2.437899113905252,3.1518024547800843,3.1730719055549144,3.16737362513632,4.746497698133756,5.58849736948471,5.602629159540939,5.585880522316959,28.554355919583024,29.93149664929263,1.3771407297096054,22.925597060624618,23.533374157991428,0.6077770973668102
307726705,0.7482517482517482,3.2237762237762237,4.865097592295202,4.640557180225196,4.640557180225196,3.2412587412587412,5.1770839065826015,5.20078144041707,4.286641779014135,19.997772828507795,16.01224944320713,-3.9855233853006666,8.573482428115016,8.59744408945687,0.023961661341854068
307997169,0.7142857142857143,13.619047619047619,15.481817108715983,15.647935096383625,15.647935096383625,22.952380952380953,25.149388878105654,25.18850861649906,23.723836666015927,30.166666666666668,27.476190476190474,-2.6904761904761934,25.852941176470587,23.764705882352942,-2.088235294117645
308850965,0.5289816026479871,2.129012393195289,5.199907842004659,5.389787464177721,5.467280769004898,2.001847432838119,5.623756465343931,5.697108889080806,5.498226484288856,28.61313835971738,24.289911456935872,-4.3232269027815065,23.568678197197322,22.83019820729706,-0.738479989900263
309331913,0.7540937056318031,8.05309985802177,9.656333456654467,9.67720362987106,9.632471337345358,7.751064836725035,9.641968108718853,9.54904677520443,9.38528494448903,20.91003016591252,21.499773755656108,0.5897435897435876,12.556886715566423,18.776528117359412,6.219641401792989
309550217,0.9121828324635595,1.5105872473156978,2.083128238561616,2.1069606407131265,2.106265416028426,1.982484554015956,2.657757099838843,2.6224680921263914,2.488243836091924,20.394630527398267,13.790252681063611,-6.604377846334655,6.790604128718883,7.663592896174864,0.8729887674559809
309640825,0.8103165938864629,2.9186681222707422,4.15534573788709,4.231999641517006,4.22914357356504,2.9620633187772927,4.420639131911935,4.462908930300242,4.299212651991605,13.476899224806202,15.622790697674418,2.1458914728682164,8.709298584298585,13.395109395109396,4.6858108108108105
310205717,0.7706355003652301,2.921475529583638,4.416861701348088,4.478018360065758,4.390112385468225,5.781592403214025,7.545297085735167,7.4997073738246876,6.980144688687091,21.505712979890312,12.503199268738575,-9.002513711151737,13.857589006870706,10.892879450343536,-2.96470955652717
310226701,0.787890858394742,2.6608245369448316,4.0437110680619055,4.081680847658745,4.130017760266074,4.732921728739295,6.363940857028244,6.289441128611684,5.856034167761193,19.289251844046365,16.906217070600633,-2.3830347734457327,12.24143889412504,13.015080113100849,0.7736412189758095
310476525,0.4521144894523126,1.2739427552738438,4.845988200352469,4.995760915092724,4.994039103061629,2.268495592750322,6.481476424470795,6.487267741495231,4.865133039477044,4.852228122835373,3.3585776956822904,-1.4936504271530828,3.387978142076503,3.439110070257611,0.05113192818110823
311260905,0.8014128728414442,3.3500784929356358,4.644805638227109,4.728806759738746,4.728806759738746,4.963893249607535,6.490934472707395,6.20370353175391,5.835523632113233,18.486511627906978,13.797674418604652,-4.688837209302326,6.613450292397661,7.608771929824561,0.9953216374269003
311268785,0.8156549520766773,4.183067092651757,5.38494025060232,5.491377830240483,5.491377830240483,9.201277955271566,10.618804315016302,10.37955640352906,10.298484705311424,23.823939099449305,26.275672173631357,2.4517330741820516,17.063363667003706,19.45871250421301,2.395348837209305
311541945,0.7397362527992037,5.274446379696442,6.971286166129854,7.080163565643651,7.05059089116675,7.089947748196069,9.091253052022424,9.084011399176633,8.586555013904308,23.06178050652341,24.29071373752878,1.2289332310053709,18.296994072819643,18.549216765453007,0.2522226926333637
311555489,0.5986984815618221,2.1475054229934925,4.763868209458279,4.8670214791927435,4.877150736495737,1.7266811279826464,4.812500286131762,4.688253323135424,2.9702026567064563,19.032094594594593,18.010135135135137,-1.021959459459456,15.311797752808989,18.808988764044944,3.497191011235955
311613121,0.6120092378752887,6.63972286374134,9.169303602598148,9.307058341605375,9.310529325392256,8.953040800615858,11.936506528851709,12.031623289020377,11.618098702538706,22.0484693877551,12.11398705823793,-9.934482329517172,16.495830791132803,15.44213951596502,-1.0536912751677843
311667509,0.7047280593325093,8.402966625463534,10.328049093270527,10.431635993165493,10.42840217580579,5.483467243510507,7.753969022127572,7.763823715975139,7.049762193762237,23.760164117866466,43.30277881387542,19.542614696008954,21.405231443440154,44.29950698438784,22.894275540947685
311790677,0.7829588014981274,3.450749063670412,4.865791092666615,4.947123579325237,4.9255672192623114,4.049625468164794,5.718569784775701,5.714159638437924,5.434802263612631,24.87861010830325,20.699007220216608,-4.179602888086642,14.572173667888356,12.585706230617424,-1.9864674372709317
311898809,0.758793004036133,5.7530270997501445,7.325622714466325,7.4567373709228955,7.455731736387436,4.977224678070344,6.8319925646253585,6.832926391192265,6.654100164679789,19.212033814022874,24.551665837891598,5.339632023868724,12.576775320139697,25.404132712456345,12.827357392316648
311903745,0.5550370024668311,4.534435629041936,7.43545786446852,7.594425176741933,7.590636591112853,5.015534368957931,8.437089681779002,8.302881452993478,7.1606541175177005,24.704778005160602,30.35132129192989,5.646543286769287,23.42756079587325,43.27516580692704,19.84760501105379
312075393,0.860730593607306,3.208904109589041,4.116897913342912,4.167449813236306,4.167449813236306,3.7679794520547945,4.838895415849825,4.87383454778402,4.858473048303354,19.020927968851396,13.842472420506164,-5.178455548345232,9.514124293785311,15.139830508474576,5.625706214689265
312079365,0.6891080617495712,7.838336192109777,9.865256252158437,9.887332410474716,9.887332410474716,9.55917667238422,11.949788855714589,11.573223559731115,11.144562064789117,29.07109252483011,28.34971249346576,-0.721380031364351,25.15199398043642,37.034988713318285,11.882994732881865
312390969,0.5478615071283096,3.29938900203666,6.247193265727738,6.0387443407947,5.974805646440309,5.839103869653768,9.315835352928902,9.345115401522746,8.201865859725066,16.37627118644068,17.438983050847458,1.0627118644067792,7.50625,8.60625,1.0999999999999996
312518893,0.77479815455594,5.302768166089965,6.771015109575685,6.837794112044067,6.837794112044067,5.713956170703575,7.445652008353075,7.365961673656484,7.175275576296872,19.98788217747949,31.119500372856077,11.131618195376586,12.690143655227454,33.284317637669595,20.594173982442143
312834641,0.6619144602851323,3.6415478615071284,5.845761860483339,5.992225982502549,5.981569533443484,5.805838424983028,8.405556561125696,8.279169636512924,7.553545498111657,16.003407155025553,11.97572402044293,-4.027683134582622,12.321649484536083,10.430927835051547,-1.8907216494845365
312908401,0.8814247069431921,1.639765554553652,2.412840088025126,2.4238834756188474,2.4087144880564986,3.041478809738503,3.953266814981779,3.9577114380995146,3.7635664635990453,10.444159544159545,8.132193732193732,-2.3119658119658126,4.738123872519543,5.3424533974744435,0.6043295249549008
313052497,0.5228571428571429,1.0314285714285714,4.142253619174741,4.236940872145295,4.132294542385274,1.4285714285714286,5.097574664531675,5.126152127715483,4.752660780342284,14.132211538461538,12.007211538461538,-2.125,6.06,7.265714285714286,1.2057142857142864
313090429,0.7715430861723447,2.4308617234468937,3.9203307141837223,3.9490646406610046,3.928093432292263,3.276553106212425,5.033278882493296,5.066205315609992,4.573089308232905,37.7,35.311627906976746,-2.388372093023257,32.862973760932945,30.7332361516035,-2.129737609329446
313202977,0.6568742655699178,2.3207990599294948,4.55787358218692,4.7239379690954895,4.619414607995587,2.9659224441833136,5.60439729740381,5.699678347662809,5.681606602092806,17.11040787623066,14.267932489451477,-2.842475386779183,6.016885553470919,4.363039399624766,-1.6538461538461533
313501701,0.5138121546961326,9.576427255985267,12.746222851664031,12.879201748333188,12.885728691010973,12.830570902394108,16.569125825726744,16.63853253470969,16.482759412904162,23.279883381924197,22.803206997084548,-0.47667638483964936,12.80859375,10.578125,-2.23046875
314089105,0.511070110701107,5.158671586715867,8.346344468021048,8.563673417986431,8.580904368601487,4.285977859778598,8.045617806475382,7.943274954030468,6.52454289867319,20.35501066098081,16.63219616204691,-3.7228144989339,17.76306620209059,17.766550522648085,0.003484320557493703
314344973,0.37037037037037035,2.7111111111111112,6.816103134639545,6.907099887152895,7.1146371145608995,3.9851851851851854,8.826739688171095,8.948445540950587,7.866215710871383,35.26282051282051,39.69871794871795,4.435897435897438,31.455357142857142,35.848214285714285,4.392857142857142
314349969,0.7780172413793104,8.673491379310345,10.120750864278977,10.209717071036323,10.311961093487788,4.728448275862069,6.435390856085677,6.38776687071014,6.135039935288683,20.3332296204107,17.730553827006844,-2.602675793403858,14.495440729483283,15.33434650455927,0.8389057750759878
314420445,0.8161375661375662,6.2896825396825395,7.488409202015422,7.560701289241155,7.573054695634489,7.748677248677248,9.162492534213051,9.120386770837847,8.967816775995853,22.338805970149252,16.015671641791045,-6.323134328358208,11.705107084019769,10.724052718286655,-0.9810543657331134
314448205,0.4994775339602926,2.2784743991640544,5.541727324377234,5.757300001882632,5.757300001882632,3.170323928944619,7.019105316068399,6.825388692064981,6.319181536764775,16.277027027027028,13.733108108108109,-2.5439189189189193,7.5426457789382075,7.227154046997389,-0.3154917319408188
314499593,0.984251968503937,6.889763779527559,6.992436113603768,6.999303195771131,6.999303195771131,7.035433070866142,7.156527995906086,7.158145150445971,7.097597687925999,18.49364406779661,28.88135593220339,10.387711864406782,9.0,15.995633187772926,6.995633187772926
314789625,0.879383634431456,3.7954303931987248,4.5818120932739195,4.628461060586537,4.660716447949365,4.946333687566419,5.873816576508115,5.86773898219658,5.712477529422198,17.35684818481848,14.994224422442244,-2.362623762376238,9.374379344587885,7.167328699106256,-2.2070506454816288
314851041,0.7571177504393674,5.658230814294083,7.241748568516558,7.346531868089903,7.344692741029094,8.428588166373755,10.296237961932695,10.341217453063049,10.253826218056188,26.995012804960236,25.662151233319854,-1.3328615716403824,21.592657959759972,24.385192375573595,2.7925344158136234
314887113,0.813953488372093,17.32737030411449,18.540336483433425,18.599621883325543,18.565301381615342,25.696481812760883,27.127091624860686,27.136154247619093,26.521725674473664,33.301071667782985,8.915606162089752,-24.385465505693233,17.252297090352222,4.909647779479326,-12.342649310872897
315737965,0.926382529059528,14.707643536456498,15.187606862167106,15.227951473825023,15.227951473825023,25.51179992955266,26.077883514500744,26.056015231371422,25.57931326509935,32.197028652281574,30.583126989741775,-1.6139016625397993,25.33939393939394,23.772348484848486,-1.567045454545454
316131717,0.5851851851851851,8.503703703703703,11.208169036851848,11.354598966721841,11.08329366734401,10.955555555555556,14.145285581052155,13.819124147490415,12.907772711634243,15.221052631578948,15.557894736842105,0.33684210526315717,10.887096774193548,12.637096774193548,1.75
316192257,0.7235109717868339,3.573040752351097,5.375664393293492,5.421541052977675,5.427396335255644,5.130407523510971,7.256477575771831,7.11503517059618,6.7534586310960325,16.132837407013817,15.309245483528162,-0.8235919234856546,10.448042168674698,12.117469879518072,1.6694277108433742
316463249,0.7068702290076336,2.8435114503816794,4.7546276290948715,4.880230580838992,4.880230580838992,2.2,4.454029505476332,4.3565030607708355,4.268455033213167,28.90358864488484,27.322174611676488,-1.581414033208354,13.933704735376045,15.08133704735376,1.1476323119777145
316695333,0.7834812813585488,4.602856040138943,6.014491660734787,6.112553205365298,6.112553205365298,7.320725588575839,8.985652281806425,9.039077675208613,8.74229929851867,20.37855239786856,19.519094138543515,-0.859458259325045,10.611024033437827,15.560344827586206,4.949320794148379
316770149,0.8192771084337349,5.716867469879518,6.895125279609508,6.972180008828834,6.972180008828834,6.204819277108434,7.594492965066827,7.309445666537423,6.753576191354066,16.552,17.632,1.0800000000000018,23.875,27.61111111111111,3.7361111111111107
316883917,0.6628242074927954,3.8328530259365996,6.031135752216701,6.031567391961548,5.936229969650398,2.2363112391930837,4.829033848946007,4.810984329904929,4.522904039932381,19.43798449612403,23.76356589147287,4.325581395348838,12.023206751054852,15.727848101265822,3.70464135021097
317046141,0.5365853658536586,0.7804878048780488,3.8018090503157627,3.8448081050582728,3.2067207284727837,0.3170731707317073,3.88051285513884,3.8955405595216734,1.8324965317070179,14.28688524590164,6.950819672131147,-7.336065573770493,6.185714285714286,2.5428571428571427,-3.6428571428571432
317057633,0.666226040978189,4.594844679444812,6.770948495035581,6.914668551781741,6.880086155958866,5.8255122273628555,8.392076344162858,8.475693815388423,8.1402616733908,22.273504273504273,18.174825174825173,-4.098679098679099,14.23624887285843,13.897204688908927,-0.339044183949504
317058429,0.9201289398280802,6.265042979942693,6.785777788927707,6.787896912474461,6.792914377678631,2.2324498567335245,2.8466205895516214,2.8053328423888013,2.3619180980672154,35.56890331890332,7.217893217893218,-28.351010101010097,4.423340961098398,4.52745995423341,0.10411899313501216
317084313,0.7259228876127973,1.7580803937653815,3.544979083464891,3.6369167184571127,3.62380899581588,2.9260869565217393,5.03361051513222,5.029949407720839,4.8028591709355135,15.55350553505535,11.798504563993008,-3.7550009710623424,10.139810426540285,8.688388625592417,-1.4514218009478679
317095973,0.6683894976224933,2.977258631383089,5.139257373371552,5.260321113480869,5.255912546563934,2.3204465577837503,4.87037471470301,4.935397905673329,4.285198020274342,21.61101243339254,22.39446417998816,0.7834517465956203,18.453150242326334,25.90246365105008,7.4493134087237465
317112137,0.9030303030303031,3.743939393939394,4.376152069220778,4.430769650014533,4.430769650014533,3.521212121212121,4.266863296003534,4.298603629200004,4.17044483353273,24.765060240963855,13.895008605851979,-10.870051635111876,13.25904761904762,5.779047619047619,-7.48
317165557,0.7774031978424196,6.937006357156617,8.388269217605718,8.474757974477527,8.46619032081773,7.136004623386631,8.84766890842075,8.865018716312077,8.541350480673863,24.37638310529447,31.236466389054133,6.860083283759664,16.983142088114462,37.01444963875903,20.03130755064457
317420377,0.21428571428571427,0.42857142857142855,5.551187525159432,6.00801199124544,6.00801199124544,0.7142857142857143,6.7560575100286355,7.078795351774249,7.078795351774249,11.692307692307692,9.653846153846153,-2.0384615384615383,4.846153846153846,2.8461538461538463,-1.9999999999999996
317841893,0.375,1.4291666666666667,5.503974925316214,5.731695000077271,5.731695000077271,2.875,7.680954837522779,7.768240753813069,6.390533700389873,17.598159509202453,9.911042944785276,-7.6871165644171775,9.694915254237289,4.0423728813559325,-5.652542372881356
318061589,0.7589252852410747,6.103054839896945,7.674788021738949,7.552608307874353,7.548756768317489,8.837136547662864,10.690887254222993,10.450741529175986,10.314894149153258,31.21798188874515,26.24180681328159,-4.976175075463562,21.554727646454264,22.02505138746146,0.47032374100719565
318153393,0.46285140562248994,6.969879518072289,10.471923563658645,10.769635017460592,10.757998380192877,6.618473895582329,10.748892912569778,10.895173980528295,9.937843217712514,37.880319148936174,32.16063829787234,-5.719680851063835,36.28389830508475,23.84180790960452,-12.442090395480228
318173861,0.8468125594671742,2.764034253092293,3.762769369579566,3.840217337188646,3.84910332694446,2.2759276879162704,3.4538667613186185,3.4917768027588516,3.1771719570675416,21.298289738430583,19.6182092555332,-1.6800804828973845,13.722857142857142,15.538285714285715,1.8154285714285727
318701713,0.7240398293029872,2.294452347083926,4.093627999267169,4.214790158835564,4.234317041359575,2.9701280227596016,5.092131410479474,5.108369207671093,5.050943858261148,12.246437552388935,8.797150041911149,-3.4492875104777863,5.015056179775281,3.701573033707865,-1.3134831460674161
318913461,0.6446830265848671,3.9074642126789367,6.22402187301549,6.370007891063838,6.370007891063838,4.249488752556237,6.981708476137694,5.3731759905516405,5.357450984948294,15.935817157169692,19.567939887288667,3.632122730118974,6.855304456999372,14.6293157564344,7.774011299435028
319065769,0.669869425966987,6.35279625523528,8.505146318439179,8.600932410430671,8.62122420409568,6.143631436314363,8.682179643175372,8.623514074696015,8.087387848918652,30.323249920810895,35.60532150776053,5.282071586949634,19.915257494235203,41.195042275172945,21.279784780937742
319252869,0.8598926738217452,2.362925804946337,3.2763825886398705,3.3134204933506415,3.3091477197370143,3.305412972468502,4.382772143698526,4.295649741277404,4.235547272940674,23.654943364564396,20.041672493357574,-3.613270871206822,15.196437168993741,12.610897127266892,-2.5855400417268495
319335157,0.6666666666666666,6.095238095238095,8.268469166517853,8.462273485463433,8.462273485463433,9.571428571428571,12.134604484774053,12.232403830757573,11.500067855516008,46.611111111111114,38.0,-8.611111111111114,36.46666666666667,37.233333333333334,0.7666666666666657
319498785,0.9571877454831108,2.366064414768264,2.645187180011187,2.667110056624041,2.667110056624041,1.893951296150825,2.2231573148719455,2.237032068905428,2.206829681866793,10.572079207920792,9.926534653465346,-0.6455445544554461,6.847982421094686,7.309228925289652,0.4612465041949658
319892685,0.7664473684210527,4.712993421052632,6.2356849282321996,6.358087655987302,6.3523504668557225,5.6954495614035086,7.491359000688337,7.531303353909591,6.82516525278234,24.520349815001683,21.183484695593677,-3.3368651194080066,15.013678553981435,12.470444553004397,-2.543234000977039
319967313,0.863672814755413,3.5351510291365944,4.423962453637539,4.502447763234585,4.499650480963535,3.281208233092756,4.329499905752095,4.3549685199926325,4.340580202916917,12.311263044260526,6.119647355163728,-6.191615689096798,6.367403314917127,4.109313338595107,-2.2580899763220206
320316041,1.0,2.75,2.75,2.75,2.75,4.833333333333333,4.833333333333333,4.833333333333333,4.833333333333333,21.583333333333332,14.666666666666666,-6.916666666666666,17.88888888888889,11.222222222222221,-6.666666666666668
320340321,0.940758541427228,5.910667641834709,6.29690377726955,6.322421579653763,6.322421579653763,8.581652909831783,9.037191748887333,8.999608665679265,8.886326520517303,23.280449646540735,19.001738324255417,-4.278711322285318,8.655851393188854,6.364334365325077,-2.291517027863777
320367213,0.6919315403422983,5.264058679706602,7.272570525534838,7.3991798113693985,7.3991798113693985,4.031784841075795,6.40068580744399,6.463956484576605,5.617920425159393,24.298206278026907,33.78251121076233,9.484304932735423,19.94178082191781,37.35616438356164,17.41438356164383
320827593,0.944206008583691,6.257510729613734,6.62127043682365,6.646223782610635,6.646223782610635,9.167381974248928,9.596411418971991,9.586451738802072,9.586451738802072,29.025862068965516,23.75862068965517,-5.267241379310345,24.84188034188034,22.47008547008547,-2.3717948717948723
321203161,0.8629550321199143,5.462526766595289,6.356017913673905,6.364732883048331,6.364732883048331,4.745182012847966,5.798993094994288,5.774102122269653,5.708238929635507,14.244588744588745,10.74025974025974,-3.504329004329005,6.720512820512821,7.3076923076923075,0.5871794871794869
321972317,0.38828125,2.04140625,6.029624833153244,6.25163956745849,6.1862356113584775,4.528125,9.23195329722542,9.44535452639102,9.138974905498944,14.569087688219664,8.471656333038087,-6.097431355181577,12.461847389558233,3.290160642570281,-9.171686746987952
322420173,0.8833967046894804,2.476552598225602,3.236770311372894,3.2222696327956983,3.2222696327956983,3.9391634980988592,4.835787771968762,4.651551404582915,4.437141252135764,10.13997005988024,7.410179640718563,-2.7297904191616764,6.409722222222222,5.202546296296297,-1.2071759259259256
322868633,0.76,4.188571428571429,5.753297799892855,5.872902751013555,5.872902751013555,6.285714285714286,8.131200943323032,8.178967132476231,8.178967132476231,17.383333333333333,16.463333333333335,-0.9199999999999982,9.948,9.516,-0.4320000000000004
322938441,0.7734580917237743,3.5560094886663154,5.032993230705023,5.106341914261138,5.110056368972024,3.9326568265682655,5.6746571145390945,5.729082000451072,5.313596184239298,17.946604845946755,14.887002692192642,-3.0596021537541134,8.389414651244305,11.933841570276902,3.544426919032597
323195401,0.6648351648351648,4.8489010989010985,7.034073000242835,7.173037086080186,7.144288094387874,8.31043956043956,10.887698857924304,10.918167115711476,9.650662543177997,18.8744769874477,32.30125523012552,13.42677824267782,14.10483870967742,13.60483870967742,-0.5
323802833,0.6283102143757882,14.399852879361076,16.823156252348625,17.015909055386338,17.009683365182266,18.35855401429172,21.216672931537296,21.287324274444053,20.813799342155132,20.891035441278667,39.716956219596945,18.825920778318277,17.41747687929808,49.49027744842305,32.07280056912497
323962141,0.8396746260823931,9.406454998688009,10.451727251024874,10.527894882736499,10.529459511969096,10.254263972710575,11.487090382881728,11.54626270824746,11.493802009942305,32.5441958041958,47.60923076923077,15.065034965034968,22.68535235876529,50.63264414676762,27.947291788002328
324765925,0.8788163457022076,3.947393142320338,4.737473390873899,4.78883228266966,4.786374642233774,5.118365429779239,6.0502105011411,5.857909271919283,5.74955519385395,16.616139585605236,13.465648854961833,-3.150490730643403,10.784,11.412,0.6280000000000001
324814917,0.7109433962264151,3.79811320754717,5.68267358558524,5.312933513018331,5.312933513018331,6.180377358490566,8.403086131648271,7.8437459032683545,7.82633565178148,26.945542557482856,34.85417507059298,7.908632513110124,21.532442748091604,35.709287531806616,14.176844783715012
325268865,0.7374399301004806,3.5421581476627346,5.253969253611798,5.334402111937919,5.321989487243603,4.349497597204019,6.3684605381222825,6.287066096010528,5.853711321670335,18.378246753246753,16.569805194805195,-1.808441558441558,21.01038062283737,17.652249134948097,-3.358131487889274
325286825,0.8863134657836644,2.7108167770419427,3.452018102677092,3.505923939734803,3.4943735722116216,3.4613686534216335,4.3355644119467485,4.256498962789531,4.188600263098261,11.466753585397653,10.502607561929596,-0.9641460234680572,7.614047287899861,8.917246175243394,1.303198887343533
325364041,0.3649851632047478,1.769139465875371,5.909241388016632,6.226778301536669,6.2236730691995765,1.880712166172107,6.763676369043914,6.829986691225218,6.38276193245752,18.743626062322946,13.206444759206798,-5.537181303116148,26.35123966942149,20.261363636363637,-6.089876033057852
325455117,0.8966183574879227,1.5632850241545895,2.2373016172761377,2.2957237887843704,2.2957237887843704,1.796135265700483,2.5910912736076326,2.6272061625302423,2.530622722317224,7.826842105263158,5.949473684210527,-1.8773684210526316,3.955298013245033,2.4216335540838854,-1.5336644591611477
325539393,0.8365384615384616,2.9711538461538463,4.036872929185266,4.046390469881717,3.988084828465805,2.894230769230769,4.1511728036598035,4.158194295166313,3.3859553981968404,13.061564059900167,11.505823627287853,-1.555740432612314,4.4926315789473685,3.8042105263157895,-0.688421052631579
325875105,0.7755905511811023,7.659448818897638,9.122529579483617,9.247281572190714,9.247281572190714,6.828740157480315,8.554342839299517,8.495199158079169,8.343830501779237,42.46030042918455,48.25429184549356,5.793991416309012,28.066433566433567,42.65151515151515,14.585081585081582
325876133,0.7950552013683719,4.374747317679987,5.71092453053027,5.804116033155935,5.799059376855104,3.9786969367127973,5.5546256509668845,5.477491820998994,5.281397504506073,17.009151556619912,19.209288402326376,2.2001368457064636,8.196899388314701,20.8984391478591,12.7015397595444
326086013,0.7854166666666667,8.6625,10.061517502136345,10.175377539516871,10.175377539516871,13.31875,14.968794494216155,15.039821269236684,14.863602925194183,21.131004366812228,7.5196506550218345,-13.611353711790393,11.607042253521128,4.1394366197183095,-7.467605633802818
326122769,0.6616759088108441,1.6619223659889095,3.8676916473931895,3.9255173287147085,3.7898877641331348,2.8765865680837956,5.47813905240543,5.5001715216426925,4.939210286633256,14.868740657698057,10.638779895366218,-4.229960762331839,6.098123102401325,8.527601435274635,2.42947833287331
326187009,0.6691294571153228,6.365724381625442,8.522898814729988,8.665608633600876,8.667885620349372,6.918246064889175,9.462484282761817,9.51910393432687,8.853402769553396,23.50767494356659,32.216027088036114,8.708352144469522,16.103541497702082,35.91930251419303,19.815761016490946
326335877,0.44785276073619634,1.969325153374233,5.569155762242545,5.583423564864305,5.583423564864305,2.3067484662576687,6.552499979161227,6.55753994545731,6.463189911837232,11.542857142857143,8.178571428571429,-3.364285714285714,6.117647058823529,4.088235294117647,-2.0294117647058822
326541933,0.5922330097087378,5.980582524271845,8.639098203701453,8.853600071272288,8.853600071272288,5.087378640776699,8.22291422409253,8.370467800459899,8.295812191333333,23.78125,21.609375,-2.171875,32.5609756097561,8.512195121951219,-24.04878048780488
326643189,0.6965797494073823,6.331188621740603,8.309395570470704,8.394988183529659,8.423812625083977,6.1835421605147305,8.516700594335473,8.327749141085246,8.090787737650327,28.515996122152206,22.639117789626756,-5.87687833252545,21.987569919204475,21.11808576755749,-0.8694841516469864
326662469,0.8762035763411279,3.922971114167813,4.730085817394133,4.790866264051069,4.790866264051069,5.0770288858321875,6.0289649196743875,6.061933088478761,6.040778954393379,14.125181950509461,10.940320232896653,-3.184861717612808,7.475,8.29758064516129,0.82258064516129
326826061,0.7607307946290998,2.775478758529606,4.335440573066981,4.421715550483598,4.4190404856387895,3.4732555580013207,5.313122750037336,5.329502607713318,5.199171629068632,14.153278278278279,11.743243243243244,-2.410035035035035,8.060254491017965,10.017776946107784,1.9575224550898191
327189597,0.7181818181818181,2.4681818181818183,4.305549905718342,4.326692195057859,4.326692195057859,1.7,3.8670487267375435,3.8745170404308302,3.7347074451574405,10.485714285714286,6.364285714285714,-4.121428571428572,2.7723880597014925,2.388059701492537,-0.3843283582089554
327206537,0.7535500157778479,3.075733669927422,4.682511959611384,4.734004527065586,4.735478047929165,3.4263174502997793,5.321401440507562,5.353248522582485,5.229497839483129,24.04424103737605,20.691647597254004,-3.352593440122046,16.2529463116543,13.560890440855522,-2.692055870798777
327283333,0.7960824860704233,4.827388132575105,6.156867764324741,6.181276177924182,6.182775524440754,7.307082543511976,8.875111923552723,8.87122667882046,8.709565058230345,14.892754299945521,12.682193166783406,-2.2105611331621144,8.14059323600074,13.139253372759194,4.998660136758454
327468241,0.8833123840306458,2.6227329861734603,3.383500444147942,3.412756447834747,3.4623686410037404,5.213682887412462,6.1109555473275305,6.115374601786079,5.960958096322368,12.635446236931385,9.544762168524544,-3.0906840684068406,5.587758759417746,5.398910101675079,-0.18884865774266668
327495257,0.7602890355010996,3.5554508325479106,5.11829278107426,5.153578726422566,5.117060843771399,3.5790135092679862,5.422277620373173,5.27343317658804,5.056010149065803,16.95163747143945,12.393183549124144,-4.558453922315307,9.451376936316695,8.65856282271945,-0.7928141135972453
327997333,0.6432078559738135,5.536824877250409,7.863000197409104,8.02476812320656,8.007641064326032,6.211129296235679,8.95469238515212,9.056440802929439,9.018685347577378,23.34927797833935,17.731046931407942,-5.61823104693141,16.53683241252302,11.059852670349908,-5.476979742173111
328001805,0.49101796407185627,1.9181636726546907,5.236570398261508,4.884335422943543,4.884335422943543,3.24750499001996,7.161336474469648,6.795069512762575,6.319270391123594,8.56811145510836,10.660990712074303,2.0928792569659436,4.664359861591696,7.63840830449827,2.9740484429065743
328100793,0.6555232558139535,3.491279069767442,5.737161761162658,5.863923306984621,5.87749768959125,3.6686046511627906,6.317468131378833,6.352126528974817,5.84917776690848,21.451923076923077,16.430555555555557,-5.0213675213675195,11.864779874213836,12.937106918238994,1.0723270440251582
328293325,0.6118577075098814,4.3264822134387355,6.85705088379058,6.9156509886378235,6.890833677232284,3.036363636363636,6.020994561547743,5.39088340475765,4.734386174778254,15.168527918781725,15.723350253807107,0.5548223350253814,8.80952380952381,10.787946428571429,1.9784226190476186
328431717,0.8024349750968456,1.9861649142224682,3.2742282663755513,3.364641681356804,3.3530593537685345,3.5218594355285004,5.041041174982297,5.103779969594414,5.082502914419991,16.28148400272294,13.433287950987067,-2.848196051735874,10.472104519774012,9.638064971751412,-0.8340395480226004
328508141,0.8533210332103321,2.837638376383764,3.7939402407753184,3.8371343970477265,3.8274806765901594,4.015682656826568,5.143574640835603,5.059190391516914,4.8392869229365365,15.011664899257688,11.988335100742312,-3.023329798515377,7.403225806451613,8.370391705069125,0.9671658986175116
328737629,0.7869899059615219,2.54093693382797,3.9296973984099024,3.977460099570472,3.9737517060197303,3.8027780174273142,5.440725044443964,5.26014250929922,5.186504550611958,11.332545903575648,10.513797916890368,-0.8187479866852794,6.361677069838652,7.9210929219173245,1.559415852078672
328776945,0.8091812264474135,2.4741349777321,3.718214840736032,3.8017106828594267,3.8017106828594267,2.6094552929085304,4.076761545460877,3.996323439700093,3.7513333472631665,15.463879721305464,12.20938760542721,-3.2544921158782536,7.6071901191001325,6.983458314953683,-0.6237318041464492
328807841,0.9725568942436412,0.4002677376171352,0.579188367983541,0.5669923196095827,0.5599878798666095,0.1358768406961178,0.3469013636823924,0.3488259291254415,0.30250347286016177,13.952772073921972,8.05681040383299,-5.895961670088981,1.6009110021023125,4.3458304134548005,2.744919411352488
328855789,0.2336068447997756,1.8362437758608599,6.832892028952634,6.866444038428156,6.87102880781125,1.98730626271127,7.880507689397452,7.897941756695435,7.8256788548674745,23.87749568646783,26.089598225289624,2.2121025388217923,11.101125259105714,26.16375481196328,15.062629552857565
328872573,0.3802376485303315,3.6504065040650406,7.691066901134912,8.03204959720956,8.027188851768733,3.9109264719020818,8.676606265758315,8.885378474838316,8.818740023057423,55.836196433572965,65.82317243954813,9.986976005975166,49.637759578824216,81.00643463000877,31.368675051184553
328986297,0.8056042031523643,2.0679509632224167,3.335351920728826,3.3802758170876,3.3835469817928043,3.2322241681260944,4.727036040532479,4.739762026537244,4.60240093555936,17.71066504460665,17.508921330089212,-0.20174371451743767,12.288162705667276,12.645109689213895,0.356946983546619
328996305,0.9012219959266803,2.941955193482688,3.5859574763160995,3.629770672656139,3.629770672656139,3.930753564154786,4.690309766582012,4.719589815175855,4.688267909921124,13.8098223615465,8.276907001044933,-5.532915360501567,5.496327387198321,3.488457502623295,-2.0078698845750265
329194833,0.7807164378975561,4.2721794442584535,5.70184099600426,5.808247354484656,5.804743962125767,5.576163374623368,7.262350408344115,7.301274197932486,6.6216507217458025,18.017479830964273,13.180560891279294,-4.836918939684979,9.537871524448706,8.198465963566635,-1.3394055608820707
329221341,0.9355495251017639,2.412483039348711,2.83268036317146,2.868969367261676,2.868969367261676,3.301221166892809,3.7968148814813176,3.822452376249317,3.822452376249317,10.932584269662922,8.266502808988765,-2.6660814606741567,5.180496453900709,5.552127659574468,0.3716312056737596
329404177,0.8593579978237215,5.429134929270947,6.346077636440399,6.422713463415734,6.42700639806945,6.303590859630033,7.385061436778793,7.222524139391872,7.107474077993068,23.015715082759904,20.831132601822578,-2.184582480937326,11.934663865546218,17.764705882352942,5.830042016806724
329420925,0.9335463258785942,4.292012779552715,4.725270347756732,4.757591707018582,4.744218374141902,5.086261980830671,5.5972593514145625,5.587929505187973,5.524054833864987,12.581804842259722,8.236977256052825,-4.344827586206897,5.948207171314741,4.448605577689243,-1.4996015936254983
329430565,0.8872151409810738,9.047122441096949,9.782445121066461,9.81831473220319,9.81831473220319,10.553109308613363,11.420371610695497,11.392775146744805,11.27397209166506,25.439636040834444,27.040168664003552,1.6005326231691086,15.538593903638152,27.0811209439528,11.54252704031465
329451665,0.45746628310979937,3.5390592894235438,7.076212681711584,6.837412756496677,6.821704911670848,3.5726827810363506,7.744510846968628,7.77844822416221,6.678179563335834,19.645511698233328,26.88421136399809,7.238699665764763,15.370393755022386,39.89065549305476,24.520261738032374
329643833,0.3204022988505747,1.4813218390804597,5.912090359405141,5.275834921055855,5.245764136642056,1.3800287356321839,6.605814110685689,6.463469950564454,4.447178553212944,13.910290237467018,14.775725593667547,0.8654353562005284,9.621134020618557,12.466494845360824,2.845360824742267
329648569,0.8486830926083263,4.094307561597281,5.080847375857923,5.1463544786099895,5.185296710721466,6.947238742565846,8.110794299490646,8.135246620342762,8.007850026518879,19.791890280262372,12.448568872987478,-7.343321407274894,11.006157354618017,9.497947548460662,-1.508209806157355
329990257,0.8375,3.934375,4.993825147248883,5.068318682343589,5.061284571452078,4.671875,5.921423257755922,5.604764819204054,5.4605861740783705,25.07286432160804,22.41959798994975,-2.6532663316582905,16.013513513513512,16.454054054054055,0.4405405405405425
330394441,0.8328167281672817,4.312915129151292,5.4028987719865125,5.487861693083725,5.485544800173909,4.996457564575646,6.282017971003388,6.287841558836809,6.123268640415365,24.775422394794838,20.58455766607199,-4.190864728722847,13.056839544398983,12.403599469202698,-0.653240075196285
330404713,0.6646989374262101,2.9672794737729804,5.153339536028416,5.277953116950599,5.3196284705446,3.801484230055659,6.379791051980511,6.2692264650537,5.725810691217426,17.463653603034135,14.601664559629162,-2.8619890434049733,9.047134670487106,7.405157593123209,-1.6419770773638964
330619333,0.9442231075697212,1.3964143426294822,1.7600625696962147,1.7612953539685299,1.7798992886963387,2.298804780876494,2.7277027424721525,2.7015609591340364,2.624972037420526,14.047991071428571,8.496651785714286,-5.551339285714285,2.9430693069306932,4.235148514851486,1.2920792079207923
330769613,0.8258450123660346,14.523701566364386,15.659138657397813,15.72511538131078,15.719375527837167,13.115519373454246,14.454688981931328,14.397699750939374,13.739208659433782,34.81405195102415,55.80066369149788,20.986611740473734,30.795575490345144,79.1043028736506,48.30872738330545
330854285,0.8673232908458864,7.407300115874855,8.272311556181457,8.317336029882133,8.267854424770906,9.418308227114716,10.438529462612019,10.410508563685497,10.12538123149411,20.87006237006237,16.718295218295218,-4.151767151767153,12.20501592356688,11.854299363057326,-0.3507165605095537
330881549,0.8123348017621146,12.729515418502203,13.953034937927548,14.049083333880754,14.053197507992365,17.09603524229075,18.539091989980406,17.99587730826414,17.90102850794651,30.599584103512015,23.686691312384472,-6.912892791127543,17.382521489971346,21.23997134670487,3.857449856733524
330944005,0.8135493372606775,2.749042709867452,3.9646438304448486,4.036913717863142,4.0210046305306015,3.850957290132548,5.284674833414748,5.042807605283353,4.911440121064762,19.96181262729124,20.443143245078073,0.4813306177868313,7.9374275782155275,17.757628427964466,9.82020084974894
331380213,0.8165327805130863,3.0976937030318736,4.293843688882666,4.356519975496836,4.325334881113829,4.335320031096139,5.746096304728117,5.777390067988146,5.534290201627833,15.129795158286779,11.565921787709497,-3.563873370577282,14.841488486842104,7.785361842105263,-7.056126644736842
331728305,0.8994668697638994,1.7044935262757044,2.359938693242029,2.3651878898276215,2.3651878898276215,1.6001523229246002,2.373204616667792,2.405114167177571,2.3231237723866265,11.64963503649635,5.429440389294404,-6.2201946472019465,6.201612903225806,4.043010752688172,-2.158602150537634
331845789,0.7129213483146067,3.7747191011235954,5.646383838354983,5.741956567004728,5.77574415697412,4.428089887640449,6.635589143347541,6.673988412405605,6.276552147190239,22.756181318681318,18.814560439560438,-3.9416208791208796,17.02078521939954,9.71593533487298,-7.3048498845265595
331920577,0.8571428571428571,2.061224489795918,2.9926092346301005,3.0044748051777894,3.0044748051777894,3.183673469387755,4.282177432250104,4.282177432250104,4.12524829469834,13.23913043478261,14.021739130434783,0.7826086956521738,3.1818181818181817,2.272727272727273,-0.9090909090909087
331948469,0.33835100923708517,2.0413958262059526,6.355144261226534,6.686858157016793,6.686858157016793,2.572015053027711,7.659783321666262,6.362327355764386,6.0098139390128,13.157135627530364,12.891953441295547,-0.26518218623481715,4.059898762654668,4.807086614173229,0.7471878515185608
332022221,0.6767925561029009,6.305145046524357,8.412358425162612,8.459243955446707,8.439134583139342,8.241379310344827,10.726691915977844,10.747910114262305,10.590079085115416,31.750703564727957,30.268996247654783,-1.4817073170731732,32.03021442495127,38.90610786224821,6.875893437296945
332368201,0.42105263157894735,3.5789473684210527,7.353506597485897,7.535520138799922,7.413126770659547,7.005847953216374,11.457679802711159,11.548959192295777,10.424759230302145,22.03061224489796,34.045918367346935,12.015306122448976,13.298850574712644,32.264367816091955,18.96551724137931
332398929,0.9213681568919044,1.625615763546798,2.1382712574503233,2.115229550030989,2.115663566911431,2.680221210149642,3.2848629489795367,3.19944531179376,3.1497732067716826,11.17554674886247,9.319976515485102,-1.8555702333773674,5.754014428671166,6.036449848731674,0.2824354200605077
332744605,0.9273644388398486,2.9205548549810847,3.394116430160331,3.4137656952841957,3.4137656952841957,3.3076923076923075,3.8662254701464054,3.867582836607843,3.815220352627772,12.966834704165562,11.436720615547891,-1.5301140886176707,7.137719656722517,5.355128729055987,-1.7825909276665302
332778469,0.5392156862745098,0.9509803921568627,3.9551527553965293,3.9642536039950906,4.182121058316253,0.2549019607843137,3.7981157233501266,3.862548233645151,2.8071228575617178,14.156716417910447,15.044776119402986,0.8880597014925389,12.85,16.133333333333333,3.283333333333333
332861337,0.7807606263982103,2.767337807606264,4.196711263884226,4.279956072021925,4.279956072021925,2.3117076808351977,3.997554925854374,4.023208755051012,3.8511835259674236,13.213990066225165,11.713990066225165,-1.5,6.7823315118397085,6.472677595628415,-0.30965391621129346
332879369,0.9123781843050094,1.6079671738758763,2.179234531046782,2.2104392417374035,2.2118916407673876,2.0250470165840313,2.6988173990030226,2.71743833295293,2.676683441528562,7.723959255978742,8.194995571302037,0.47103631532329526,3.431241460081983,5.712619558852235,2.2813780987702517
332916597,0.7595907928388747,3.577639751552795,5.145034028025664,5.2242794086535564,5.2242794086535564,4.274753379612715,6.123386647038355,6.046198928327165,5.6950147969773095,22.037688442211056,18.842336683417084,-3.195351758793972,13.604788877445932,13.079299691040164,-0.5254891864057676
333259413,0.6538461538461539,4.115384615384615,6.372201497098211,6.551097791509515,6.551097791509515,4.9743589743589745,7.636118576679282,7.762505423796445,7.762505423796445,24.566176470588236,22.433823529411764,-2.132352941176471,20.38888888888889,19.50925925925926,-0.8796296296296298
333459537,0.8817056396148556,6.030261348005502,6.801504286643985,6.829546787657948,6.829546787657948,8.328748280605227,9.238376046276663,9.246117064666056,9.150923461281835,21.73228346456693,17.58740157480315,-4.144881889763781,14.256679389312977,16.045801526717558,1.789122137404581
333466769,0.6578947368421053,7.208881578947368,9.439302941576594,9.508216062695197,9.63692910832171,9.407894736842104,12.038522647907206,12.018999873874488,11.690171384991352,25.766109785202865,24.452267303102627,-1.3138424821002381,19.66323024054983,25.374570446735394,5.7113402061855645
333492677,0.7628865979381443,13.288659793814434,14.834566432147458,14.930469600285477,14.768645379007094,19.649484536082475,21.472774618771528,21.54052839248382,21.54052839248382,42.30769230769231,41.006410256410255,-1.301282051282051,36.43571428571428,43.77142857142857,7.335714285714289
334189905,0.3651435503437121,8.660331581075617,12.799400867661813,13.16851463322335,13.16851463322335,12.809138697937728,17.690884978510805,13.87068660014626,13.87068660014626,19.352965069049553,13.075142160844841,-6.277822908204712,5.254264825345248,2.0331031681559706,-3.2211616571892776
334198173,0.77665544332211,2.910213243546577,4.366351234067358,4.43990905029818,4.466113245677978,2.93658810325477,4.654002267415548,4.703791025370793,4.091045268308405,28.896807720861172,17.283221974758725,-11.613585746102448,26.90569243840272,11.16142735768904,-15.74426508071368
334223317,0.7161629434954008,3.270696452036794,5.121226983165945,5.2565062710870585,5.2565062710870585,4.4152431011826545,6.5978160208250625,6.469574534189689,5.883513287248671,17.040500736377027,13.660530191458026,-3.3799705449190007,10.820490367775832,10.96584938704028,0.14535901926444694
334281645,0.9399014778325123,1.2630541871921181,1.654878114329257,1.6818006847443572,1.6818006847443572,1.2088669950738917,1.6709962484159835,1.6807087351895194,1.5064632790113535,12.546826222684704,7.293444328824141,-5.2533818938605625,3.3091190108191655,3.7179289026275115,0.40880989180834604
334309377,0.8058198097369894,2.7509792949076664,4.0169745636274365,4.013825763499266,4.013825763499266,3.451594851706771,4.944748811299746,4.939175225185907,4.805781067412472,11.469488939740655,8.259725400457667,-3.2097635392829886,4.69453125,4.63125,-0.06328125000000018
334338081,0.8920962199312715,4.608247422680412,5.311746965342108,5.3588993563433,5.3588993563433,4.534707903780069,5.364437013873348,5.06583528916254,5.055265491581734,19.99056603773585,15.569811320754717,-4.420754716981133,10.270817417876241,9.099694423223834,-1.171122994652407
334393009,0.764950598023921,3.0717628705148208,4.604212861495243,4.54918981105078,4.5383061574095915,3.0239209568382734,4.83133985361231,4.76388712115284,4.451987400028116,15.361996644295303,11.848573825503356,-3.5134228187919465,9.550298804780876,8.75398406374502,-0.7963147410358555
334428241,0.9100800967205682,2.4869276106997127,3.0731777938997085,3.102613087921214,3.106847261368408,3.0615082363608885,3.7529498270094734,3.6180531968824,3.4495506243714003,9.155403199477636,4.943356186745021,-4.212047012732615,4.091029900332226,2.162126245847176,-1.9289036544850502
334457313,0.6612903225806451,1.2580645161290323,3.46634770146169,3.578879241494607,3.578879241494607,2.9193548387096775,5.523872299044602,5.3893880048936555,5.265363363925327,22.462264150943398,17.971698113207548,-4.490566037735849,14.393617021276595,12.638297872340425,-1.7553191489361701
334863933,0.5043936731107206,2.289982425307557,5.521183631463402,5.604972493432844,5.604972493432844,2.07908611599297,5.890064714745655,5.939875348253605,5.764191937672808,13.845744680851064,13.5,-0.34574468085106425,7.314285714285714,6.066666666666666,-1.2476190476190476
335538845,0.5546386263809397,3.2346599228004793,6.138279448090805,6.349508736833113,6.339608844835953,4.344203380806602,7.768822017591102,7.558452837111458,6.98120092104856,19.698061829248758,13.15961877302579,-6.5384430562229685,14.669152167909417,11.286384976525822,-3.3827671913835946
335686381,0.944954128440367,5.944954128440367,6.303836323697575,6.3198385151701455,6.3198385151701455,10.79816513761468,11.22144189394696,11.232747139445973,11.232747139445973,21.558823529411764,16.029411764705884,-5.5294117647058805,33.8421052631579,25.92105263157895,-7.921052631578949
335699769,0.7523316062176166,5.501554404145078,7.116276350370557,6.85147016519511,6.85147016519511,7.867875647668394,9.7723286319883,9.800954839528233,9.219259994945165,15.22124380847551,15.128508530544854,-0.09273527793065561,11.848949919224555,16.66437802907916,4.815428109854604
335730217,0.5142857142857142,1.6,4.766708132436221,4.999273315170915,4.999273315170915,1.9785714285714286,5.713484902303416,5.877787803555729,5.877787803555729,27.401639344262296,46.43852459016394,19.03688524590164,21.08677685950413,52.764462809917354,31.677685950413224
335742393,0.9235484674806878,4.528631946174931,5.027072483928705,5.0655551079719165,5.0655551079719165,4.64978818838774,5.23766436846329,5.005315536979082,4.949363827532517,15.765134731310217,15.243752898140038,-0.5213818331701798,8.127557288606377,15.577827039153892,7.450269750547514
335799517,0.8159477573466232,2.8374291115311907,4.037393268950312,4.083567045859909,4.031093224877373,3.351134215500945,4.7664090410000055,4.740477976669791,4.633110021887532,12.832336672148303,11.030647331439678,-1.8016893407086254,6.872245418696358,6.413825098585015,-0.45842032011134304
335827261,0.7307799832261672,2.590718479172491,4.345950395562545,4.456195786596028,4.455881149262329,3.444786133631535,5.514960920787,5.553516305953801,4.822613473520927,23.14787632729544,19.362429731417865,-3.7854465958775734,8.443035579106738,6.922975018925057,-1.5200605601816806
335844793,0.9523809523809523,6.015873015873016,6.32633459748441,6.32633459748441,6.32633459748441,7.825396825396825,8.191564813017608,8.191564813017608,8.191564813017608,14.966666666666667,11.7,-3.2666666666666675,6.5,7.55,1.0499999999999998
335947617,0.8132088640725876,0.7325074158087593,1.9503283171200394,2.0399221978358955,2.0353572733131235,2.430291397661839,3.866627018968594,3.9185540177285407,3.654901565989374,8.976578515785159,6.555914309143091,-2.4206642066420674,4.647847278635256,5.613670651038644,0.9658233724033884
336061389,0.9285714285714286,16.742857142857144,17.208549515274232,17.24177311280776,17.24177311280776,28.985714285714284,29.53496626714546,29.19111365241587,29.19111365241587,56.5,50.208955223880594,-6.291044776119406,32.0,29.96969696969697,-2.030303030303031
336129797,0.8445176341429944,3.8237958007410455,4.83749312629064,4.877452422197213,4.876016353447934,4.269658295594895,5.465244260938835,5.500536720687534,5.322201303085482,27.095339920365728,24.1483556997493,-2.9469842206164287,13.120974000776096,20.14823438106325,7.027260380287155
336140849,0.29831932773109243,2.426470588235294,7.001213305509072,7.366428587219544,7.366428587219544,3.457983193277311,8.853576187336499,7.980358869571683,7.786505229066562,27.506038647342994,25.234299516908212,-2.2717391304347814,15.149122807017545,13.701754385964913,-1.4473684210526319
336201309,0.5889487870619946,2.173854447439353,4.85378225097167,4.82597725304283,4.82597725304283,2.98921832884097,6.150008033303391,5.798190457563287,5.632378538640667,10.228395061728396,7.751028806584362,-2.477366255144034,3.3193069306930694,3.870049504950495,0.5507425742574257
336209901,0.7267373380447585,2.471142520612485,4.252731243357729,4.387640963613133,4.36915221277214,3.0541813898704357,5.155442209291467,5.235755170445424,4.954983250608993,26.64461738002594,20.187418936446175,-6.457198443579767,13.895196506550219,13.913391557496361,0.018195050946141933
336559945,0.7270610384462941,2.633571145461752,4.413049440895787,4.493731194047442,4.469324352275617,3.3705410225921524,5.4693127387961145,5.490926501167957,4.983853501663968,19.368154668343287,13.19396416221314,-6.174190506130147,13.434389304657415,8.675652110731672,-4.758737193925743
336586977,0.7582631903099979,1.9179839868610142,3.494033824532077,3.5625072268345885,3.560243346348585,2.771402176144529,4.630244080043711,4.188817165788536,3.8138915163821197,8.50869445211151,6.44928236268286,-2.0594120894286494,3.5895074647690803,3.094600251151109,-0.4949072136179713
336649161,0.9293256997455471,1.1725190839694657,1.6332938397312617,1.6466480078079748,1.6466480078079748,1.9236005089058523,2.4670525012201328,2.468274114870696,2.343539409163998,9.030585012992486,8.553304305077603,-0.47728070791488264,3.2373998352430164,5.241668538905115,2.0042687036620985
336662369,0.5942583732057416,3.120574162679426,5.76588509346206,5.966180466152228,5.916110451912984,3.381818181818182,6.5017796763401465,6.455185799457365,6.043115413388427,15.704724409448819,14.328458942632171,-1.3762654668166476,12.077014218009479,21.901658767772513,9.824644549763034
336703793,0.7501122586439156,2.8933542882801975,4.522545699821086,4.41287621409407,4.4105267230801495,3.9070498428378984,5.828568561890562,5.8053585110198105,5.413458466792537,23.05720709467899,16.60292280789408,-6.454284286784912,10.016439909297052,6.313066893424036,-3.703373015873016
336892509,0.41272430668841764,1.9265905383360522,5.7554478906723325,5.925094047839267,5.9394112523450415,2.6810766721044046,7.196949406872953,7.113413049577004,6.718274185284756,12.381203007518797,9.944360902255639,-2.4368421052631586,8.54109589041096,6.3367579908675795,-2.20433789954338
337037605,0.7577319587628866,4.634020618556701,6.213533922940443,6.321424987095714,6.321424987095714,4.948453608247423,6.8113804318645,6.506180663657164,6.189086736232981,21.005917159763314,14.520710059171599,-6.485207100591715,12.662068965517241,7.224137931034483,-5.437931034482758
337491485,0.28846153846153844,1.5769230769230769,6.215935556001024,6.238297592802438,6.238297592802438,1.3846153846153846,6.85601012271824,6.85601012271824,6.560259055793761,28.9,20.9,-8.0,11.607142857142858,6.857142857142857,-4.750000000000001
337566397,0.8053788316946212,4.85106998264893,6.11994029291898,6.200992487812899,6.206393977248041,4.2481203007518795,5.744665173234392,5.671740501018672,5.384884203024252,20.312267080745343,15.88447204968944,-4.427795031055902,11.5794187225414,10.252450152078405,-1.326968570462995
337575245,0.7338995046001415,2.7505307855626326,4.485424379620359,4.553330862459704,4.452752915904143,9.558032554847841,11.604219695862493,11.412423064875524,11.300862329793608,6.998787584869059,7.646944713870029,0.6481571290009702,4.691390041493776,7.8495850622406635,3.158195020746888
337577529,0.7250384024577573,6.338709677419355,8.13137493898192,8.226966196670805,8.226966196670805,8.791858678955453,10.906183510701265,10.96328570948519,10.65617707470647,25.335520559930007,17.54636920384952,-7.789151356080488,15.594634146341463,12.995609756097561,-2.599024390243901
337651065,0.5324063162856469,1.4588734386047608,4.5074408051513375,4.489379005766775,4.384560032992774,2.025689370728258,5.621263972715604,5.484328275955729,5.027632308364594,10.257096512570966,8.048661800486618,-2.2084347120843475,4.0717260527533545,4.528921795465062,0.4571957427117077
337667557,0.5153858292567461,4.1197727631371315,7.279308483462272,7.467313854782173,7.467313854782173,5.410130976802904,9.136585085947912,9.262852267437381,9.094185018602749,41.65410115552188,17.160825913998863,-24.493275241523015,47.55123711340206,8.604020618556701,-38.94721649484536
337750461,0.561014263074485,2.4770206022187007,5.339072932224215,5.36320775175092,5.103477168958538,3.519809825673534,6.895402827242624,6.895241457495726,6.834310175878955,23.603274559193956,20.741813602015114,-2.861460957178842,17.386426592797783,14.983379501385041,-2.4030470914127413
337815689,0.7669172932330827,4.4056086161349315,5.925236357706493,6.029687993266652,6.029687993266652,2.922983133509449,4.71527907291644,4.687051814438863,4.410472580546067,21.87439666520404,19.543001316366826,-2.331395348837212,17.53091537132988,15.860794473229706,-1.6701208981001727
337872529,0.8206785137318255,4.900646203554119,6.06976728067231,6.166512893845467,6.18069132092469,4.935379644588045,6.314277187631737,6.3103467220063605,5.832080457076791,17.503518029903255,16.93711521547933,-0.5664028144239239,13.680946291560103,13.016624040920716,-0.6643222506393869
338036925,0.7061021170610212,3.372353673723537,5.288477706682527,5.456457539791025,5.456457539791025,4.564134495641345,6.824070419238606,5.8049831099888864,5.785831110636368,23.518963337547408,18.039190897597976,-5.479772439949432,12.101694915254237,9.166883963494133,-2.934810951760104
338037549,0.4834123222748815,2.772511848341232,6.140505025158679,6.17357116488399,6.17357116488399,3.995260663507109,7.967575941535415,7.9909365436092035,7.9909365436092035,48.43181818181818,44.10795454545455,-4.323863636363633,26.561728395061728,26.228395061728396,-0.33333333333333215
338118089,0.8219895287958116,10.356020942408376,11.516594603510656,11.568343400716019,11.568343400716019,15.785340314136125,17.15415677047769,16.95512864077577,16.95512864077577,32.81845238095238,26.047619047619047,-6.770833333333332,20.006711409395972,24.516778523489933,4.51006711409396
338168145,0.900497512437811,4.029850746268656,4.678576439187988,4.727750669368209,4.727750669368209,6.965174129353234,7.730301267665317,7.7629983624418974,7.724742005526293,12.497435897435897,9.528205128205128,-2.9692307692307693,6.603550295857988,7.547337278106509,0.943786982248521
338180897,0.6877812781278128,3.3968271827182717,5.4323974649419435,5.516435642541038,5.512840162365595,5.8936206120612065,8.294435134856114,8.282087471263873,7.22486392284752,18.02446504020717,9.16699604743083,-8.857468992776338,13.596137931034482,6.937563218390805,-6.658574712643677
338210893,0.6388888888888888,5.708333333333333,8.062666993886404,8.135343613490997,8.135343613490997,13.36111111111111,16.137885017235384,16.1549999027825,15.514205924446129,36.45918367346939,26.193877551020407,-10.265306122448983,42.390625,22.90625,-19.484375
338346309,0.9521247982786444,7.463421194190425,7.775552821964334,7.8033880845563015,7.8033880845563015,1.9451317912856374,2.3132694829818417,2.313711395034699,1.9538464604552632,41.33162990855298,5.670790747713824,-35.66083916083916,4.0,2.0,-2.0
338356545,0.7610759493670886,7.125791139240507,8.68350265077489,8.695521342526066,8.749154964966666,8.600474683544304,10.437687798647948,10.37126690107646,10.261764132626574,14.021017699115044,9.01216814159292,-5.008849557522124,5.8499392466585665,5.9629404617253945,0.11300121506682803
338422913,0.7923034934497817,5.588700873362446,6.942818377656028,6.9890998975216325,6.97022828941938,5.631004366812227,7.228092415438792,7.080408191307495,6.757212975159676,12.975360121304018,12.565959059893858,-0.40940106141015953,9.535182679296346,10.023455119530897,0.4882724402345513
338479105,0.716501240694789,2.8864764267990073,4.7348013639730455,4.777250716747185,4.6068433869580705,4.65787841191067,6.837849985854005,6.842118626668478,6.462889436015316,15.86771586558911,13.62654189706508,-2.2411739685240306,9.932955618508027,10.348205854579792,0.41525023607176514
338489461,0.4622496147919877,5.277349768875193,8.783317306055327,8.941523090344205,8.977498341628337,7.252696456086286,11.387742960358583,11.345278569485389,10.717320217833722,25.95886075949367,24.370253164556964,-1.5886075949367076,18.213687150837988,21.36173184357542,3.1480446927374324
338531977,0.6624328285295554,5.37933561309233,7.5801700101431075,7.665095498220383,7.672804744818849,5.899609184171959,8.495341313319582,8.461009894659924,8.106021926201963,18.35606568364611,14.644772117962466,-3.711293565683645,11.156652360515022,13.725083452551264,2.568431092036242
338558665,0.8088459583121504,3.1875953228266396,4.433861031216862,4.477311821585444,4.477311821585444,4.124555160142349,5.59443946632115,5.610874108833905,5.466231238279077,16.248076923076923,10.524038461538462,-5.724038461538461,8.912642045454545,6.3671875,-2.545454545454545
338746325,0.5853658536585366,2.3109756097560976,5.014263039884578,5.223429896307552,5.223429896307552,4.652439024390244,7.840779794649259,7.988552221080454,7.988552221080454,18.901960784313726,15.454248366013072,-3.447712418300654,15.06711409395973,13.104026845637584,-1.9630872483221466
339051189,0.7130285468984761,2.5546254561064607,4.425591291458062,4.508635234263705,4.303116041882467,4.729984975316592,6.9366599245393274,6.839286592060866,6.540551987865416,21.758046917621385,19.50681942171304,-2.2512274959083456,25.827731092436974,19.36685924369748,-6.460871848739494
339194173,0.8813060538116592,2.763207679372197,3.537055794860127,3.6026847377878166,3.603011923018806,1.3364980381165918,2.2491984299062318,2.19170180987888,2.1782322055136256,16.84229435084242,10.81914849686158,-6.023145853980839,7.249927298408874,6.686926176727182,-0.5630011216816921
339265213,1.0,9.142857142857142,9.142857142857142,9.142857142857142,9.142857142857142,10.714285714285714,10.714285714285714,10.714285714285714,10.714285714285714,12.071428571428571,10.428571428571429,-1.6428571428571423,5.0,4.428571428571429,-0.5714285714285712
339278837,0.8056338028169014,4.441197183098591,5.708405159872986,5.7671738089434115,5.7671738089434115,6.888380281690141,8.38296454665497,8.419990552570985,8.284611543063301,15.421770227983908,13.545820295037997,-1.875949932945911,8.480176211453745,8.08272148800783,-0.3974547234459145
339334501,0.6748329621380846,3.429451067732215,5.549440397844764,5.666658723957117,5.658859648561591,5.1226254421590465,7.623006399943725,7.609272923748412,7.047140540813742,18.841868893791364,15.685943901670344,-3.1559249921210206,12.899949277200102,12.32525995434948,-0.574689322850622
339473313,0.8052077404667046,1.1620660216277747,2.4320517942154196,2.502678859565119,2.502678859565119,1.7108708025042687,3.208731285729922,3.2166519257169917,3.2144636708108916,22.952038743946257,15.498593969692235,-7.453444774254022,15.742371541501976,16.506482213438733,0.7641106719367574
339628185,0.6623164763458401,3.276508972267537,5.478101949860897,5.258926210853553,5.257090227586601,5.303425774877651,7.900052597369567,7.985286967026062,7.64659651191842,13.134180790960452,6.497175141242938,-6.637005649717514,8.575757575757576,6.597727272727273,-1.9780303030303035
339677365,0.9041095890410958,4.136986301369863,4.76216236297089,4.7860560461285635,4.7860560461285635,4.739726027397261,5.4770780024692485,5.405901204503408,5.405901204503408,15.44927536231884,11.920289855072463,-3.528985507246377,4.843283582089552,5.514925373134329,0.6716417910447765
339742565,0.806680881307747,2.6680881307746978,3.9284694770179693,3.9778468138390615,3.9704092637495076,3.849680170575693,5.336212896439171,5.306473829166796,5.205367743032699,11.65499533146592,11.883520074696545,0.22852474323062566,6.66888560157791,9.98076923076923,3.3118836291913203
339782821,0.9620884602593948,2.174038354949562,2.421209963322584,2.4358528050746666,2.4358528050746666,1.738831615120275,2.030353451623153,2.0411448792910387,2.001081936847661,6.627089265816516,5.661260368948867,-0.9658288968676487,2.618083501006036,2.356451207243461,-0.26163229376257524
339942741,0.8791512915129152,4.336715867158672,5.12461237178316,5.1664483594522235,5.1664483594522235,4.876383763837638,5.805653260096656,5.819048501700688,5.627519674227455,15.07889237199582,11.60919540229885,-3.4696969696969706,8.54127358490566,7.008254716981132,-1.533018867924528
339962665,0.8472877358490566,4.772995283018868,5.768632395273805,5.829996144845607,5.82382596030787,6.422169811320755,7.596455002753207,7.471984925382426,7.381306532221618,18.419777341191878,12.847413228552718,-5.5723641126391605,7.987885462555066,9.227973568281937,1.2400881057268718
340164333,0.6981416373681567,5.213460572576595,7.181484490968058,7.266170456554525,7.268515804428297,5.964841788046208,8.285990041065748,8.264927312016889,7.5967764837766545,20.883064516129032,17.668114143920594,-3.2149503722084383,12.744744744744745,10.730855855855856,-2.0138888888888893
340169905,0.42102781706742104,6.433757661480434,10.208478673547681,10.537973427964353,10.537973427964353,1.8307402168788307,6.282762878248352,6.509609026977885,6.455227642677769,54.0637037037037,26.0,-28.063703703703702,32.69917695473251,26.587654320987653,-6.111522633744855
340334641,0.5014705882352941,2.023529411764706,5.273788234546345,5.4791580049646,5.4791580049646,2.9823529411764707,6.815808682165229,6.006220005238493,5.542586715030413,27.28026533996683,26.30597014925373,-0.9742951907131001,19.721875,18.536458333333332,-1.1854166666666686
340407153,0.7822286962855062,1.6678805535324108,3.0876826445287278,3.1554365215089746,3.1554365215089746,2.1310997815003643,3.8056582623968658,3.8303996832527374,3.572775301576353,11.599485420240137,6.820754716981132,-4.778730703259005,5.618698441796517,2.5068744271310726,-3.1118240146654443
340537857,0.7655462184873949,11.063865546218487,12.592432274505175,12.64030504669053,12.64030504669053,11.187394957983193,12.990233814680813,12.979949369188276,12.450082751807614,36.35848172446111,51.14901593252109,14.79053420805998,23.087762669962917,61.833127317676144,38.74536464771323
340767973,0.7942492012779553,6.457507987220447,7.798940073390574,7.823998719616209,7.747102055575299,6.196805111821086,7.778931586128905,7.720496142424746,7.258633134396997,19.066640986132512,28.970724191063173,9.90408320493066,14.012088974854933,33.95309477756286,19.941005802707927
341082301,0.8558981233243967,4.25402144772118,5.193521475184614,5.137732812944508,5.137732812944508,4.097855227882038,5.205930605970399,4.98870664514684,4.98870664514684,11.89804469273743,8.539106145251397,-3.3589385474860336,5.811229428848016,5.743465634075508,-0.0677637947725076
341156837,0.8123123123123123,2.8378378378378377,4.061503981576441,4.112137542382043,4.112137542382043,3.2072072072072073,4.650436888144979,4.5208924136555595,4.497800738760556,19.60054347826087,17.156702898550726,-2.4438405797101446,13.353102189781023,17.527372262773724,4.174270072992702
341159521,0.4444444444444444,4.666666666666667,8.288718452132931,8.525590397510863,8.525590397510863,5.7407407407407405,10.012700596316543,10.134406449096033,9.280014477980874,9.947368421052632,10.289473684210526,0.3421052631578938,4.7,4.9,0.20000000000000018
341254401,0.8835829330319299,3.251200904210229,4.0102044656970275,4.058613543871112,4.058613543871112,3.069793727041537,3.964985992906193,3.7106061131501358,3.475944062874935,13.957866823806718,11.381113730111963,-2.576753093694755,6.4697344039530575,4.881562693020383,-1.5881717109326745
341271125,0.8766716196136701,7.402674591381873,8.206737796060416,8.188846011917509,8.206192176912605,10.64190193164933,11.590238933763782,11.60276650006602,11.368538686290764,20.00877192982456,7.241019214703425,-12.767752715121137,8.642228739002933,4.216031280547409,-4.4261974584555235
341894397,0.6094848389465953,4.559332703808624,7.105371749229859,7.221383237746447,7.174978936983826,6.171545483160214,9.17442264698517,9.195957120656567,8.51179811073621,38.22065691158157,35.12071917808219,-3.099937733499381,32.22743939702587,37.84406192707272,5.616622530046854
342064093,1.0,2.5,2.5,2.5,2.5,2.5,2.5,2.5,2.5,7.5,5.0,-2.5,3.0,2.0,-1.0
342064309,0.5842696629213483,3.385767790262172,6.096202047700972,6.28565121341182,6.246457831479228,2.5655430711610485,5.7623130305020425,5.657858425693086,3.9010749345237112,20.961702127659574,19.038297872340426,-1.9234042553191486,18.53900709219858,15.921985815602836,-2.617021276595745
342168337,0.6410256410256411,2.7435897435897436,5.083992435737176,5.158532558408553,5.158532558408553,2.858974358974359,5.619317650269493,5.496621522106019,5.299454144156367,15.73469387755102,9.571428571428571,-6.163265306122449,6.318181818181818,4.5227272727272725,-1.7954545454545459
342184781,0.8207109737248841,1.8398763523956723,3.0087858003173977,3.0758350978901854,3.0758350978901854,2.0401854714064913,3.4188334124331186,3.1521544357659965,3.1426465189313304,13.204697986577182,14.108011744966444,0.9033137583892614,8.554048140043763,10.337855579868709,1.7838074398249457
342354305,0.44837758112094395,1.264503441494592,4.86091238246198,4.916440353267187,4.906868920171249,1.80039331366765,6.042109205664155,6.0163222896297235,5.577784817729906,18.014285714285716,12.167532467532467,-5.846753246753249,7.957746478873239,9.561032863849766,1.6032863849765269
342368009,0.7880333951762524,3.5598330241187384,4.941790259148678,5.0055763846894115,4.991170825489142,3.541743970315399,5.17166705806895,5.120686311815033,4.628499471311773,16.55489260143198,12.835023866348449,-3.7198687350835318,8.48030739673391,6.968299711815562,-1.5120076849183475
342376013,0.8704467970572403,3.335008074645613,4.1796552127026665,4.216605266550571,4.216605266550571,3.217118248699085,4.213321196538007,4.245511954712753,4.193080220615967,11.982969514490026,10.610086563793752,-1.3728829506962743,7.598267684058569,6.5602186017735615,-1.0380490822850073
342383477,0.8112773302646721,1.4464902186421174,2.6769041278131662,2.757860362309421,2.757860362309421,0.762945914844649,2.21413411894819,2.231623207976773,1.4883316888017888,14.691815856777493,9.58695652173913,-5.104859335038363,7.001574803149606,5.482677165354331,-1.5188976377952752
343144813,0.9082240762812872,0.011918951132300357,0.6102698181950229,0.6102698181950229,0.6102698181950229,0.05959475566150179,0.7653082669640122,0.7653082669640122,0.7653082669640122,4.872262773722627,3.427007299270073,-1.4452554744525545,0.5145985401459854,0.864963503649635,0.35036496350364965
343195461,0.8393194706994329,7.956521739130435,9.004109495607445,9.093134920000216,9.073353005111745,5.415879017013233,6.6514364043536816,6.679157349415998,6.475653779736395,17.640655105973025,14.547206165703276,-3.0934489402697487,7.728395061728395,6.92716049382716,-0.8012345679012345
343466645,0.7718780727630286,1.648967551622419,3.1362525325572395,3.1288108026572337,3.0104791613356774,1.3343166175024581,3.088466505101726,2.911931487084883,2.6548577966608526,6.813527180783818,4.559418457648547,-2.254108723135271,3.2222222222222223,2.2375730994152048,-0.9846491228070176
